pred_id,made_on,symbol,close_at_pred,proba,pred_dir,signals,status,actual_close,fwd_ret,correct
2026-04-23_ASTRAMICRO,2026-04-23,ASTRAMICRO,1135.55,0.6887,Bullish,[],validated,1123.75,-0.0104,False
2026-04-23_BDL,2026-04-23,BDL,1423.3,0.6399,Bullish,[],validated,1400.4,-0.0161,False
2026-04-23_BEL,2026-04-23,BEL,449.95,0.549,Bullish,[],validated,444.45,-0.0122,False
2026-04-23_BEML,2026-04-23,BEML,1828.68,0.6601,Bullish,[],validated,1790.03,-0.0211,False
2026-04-23_COCHINSHIP,2026-04-23,COCHINSHIP,1592.8,0.6762,Bullish,[],validated,1664.7,0.0451,True
2026-04-23_DATAPATTNS,2026-04-23,DATAPATTNS,4135.1,0.7513,Bullish,[],validated,4077.7,-0.0139,False
2026-04-23_DYNAMATECH,2026-04-23,DYNAMATECH,11677.5,0.6067,Bullish,[],validated,11829.5,0.013,True
2026-04-23_GRSE,2026-04-23,GRSE,2879.6,0.69,Bullish,[],validated,2878.7,-0.0003,False
2026-04-23_HAL,2026-04-23,HAL,4352.5,0.7482,Bullish,[],validated,4265.8,-0.0199,False
2026-04-23_HBLENGINE,2026-04-23,HBLENGINE,810.35,0.6897,Bullish,[],validated,798.35,-0.0148,False
2026-04-23_IDEAFORGE,2026-04-23,IDEAFORGE,528.8,0.687,Bullish,[],validated,515.3,-0.0255,False
2026-04-23_MAZDOCK,2026-04-23,MAZDOCK,2693.8,0.7018,Bullish,[],validated,2680.4,-0.005,False
2026-04-23_MTARTECH,2026-04-23,MTARTECH,5347.5,0.6102,Bullish,[],validated,5139.2,-0.039,False
2026-04-23_PARAS,2026-04-23,PARAS,829.6,0.7319,Bullish,[],validated,800.55,-0.035,False
2026-04-23_SOLARINDS,2026-04-23,SOLARINDS,15747.0,0.6468,Bullish,[],validated,15056.0,-0.0439,False
2026-04-23_ZENTEC,2026-04-23,ZENTEC,1721.2,0.6514,Bullish,[],validated,1674.4,-0.0272,False
2026-04-24_ASTRAMICRO,2026-04-24,ASTRAMICRO,1123.75,0.5393,Bullish,[],validated,1138.35,0.013,True
2026-04-24_BDL,2026-04-24,BDL,1400.4,0.5099,Bullish,[],validated,1391.3,-0.0065,False
2026-04-24_BEL,2026-04-24,BEL,444.45,0.4559,Bearish,[],validated,435.6,-0.0199,True
2026-04-24_BEML,2026-04-24,BEML,1790.03,0.4292,Bearish,[],validated,1819.29,0.0163,False
2026-04-24_COCHINSHIP,2026-04-24,COCHINSHIP,1664.7,0.3909,Bearish,[],validated,1679.3,0.0088,False
2026-04-24_DATAPATTNS,2026-04-24,DATAPATTNS,4077.7,0.5812,Bullish,[],validated,3960.1,-0.0288,False
2026-04-24_DYNAMATECH,2026-04-24,DYNAMATECH,11829.5,0.3752,Bearish,[],validated,12417.0,0.0497,False
2026-04-24_GRSE,2026-04-24,GRSE,2878.7,0.4426,Bearish,[],validated,2851.4,-0.0095,True
2026-04-24_HAL,2026-04-24,HAL,4265.8,0.571,Bullish,[],validated,4310.3,0.0104,True
2026-04-24_HBLENGINE,2026-04-24,HBLENGINE,798.35,0.5429,Bullish,[],validated,809.6,0.0141,True
2026-04-24_IDEAFORGE,2026-04-24,IDEAFORGE,515.3,0.363,Bearish,[],validated,549.9,0.0671,False
2026-04-24_MAZDOCK,2026-04-24,MAZDOCK,2680.4,0.5042,Bullish,[],validated,2684.0,0.0013,True
2026-04-24_MTARTECH,2026-04-24,MTARTECH,5139.2,0.5215,Bullish,[],validated,5303.0,0.0319,True
2026-04-24_PARAS,2026-04-24,PARAS,800.55,0.409,Bearish,[],validated,808.1,0.0094,False
2026-04-24_SOLARINDS,2026-04-24,SOLARINDS,15056.0,0.547,Bullish,[],validated,15259.0,0.0135,True
2026-04-24_ZENTEC,2026-04-24,ZENTEC,1674.4,0.4315,Bearish,[],validated,1719.7,0.0271,False
2026-04-27_ASTRAMICRO,2026-04-27,ASTRAMICRO,1138.35,0.6387,Bullish,[],validated,1096.3,-0.0369,False
2026-04-27_BDL,2026-04-27,BDL,1391.3,0.6102,Bullish,[],validated,1396.7,0.0039,True
2026-04-27_BEL,2026-04-27,BEL,435.6,0.5608,Bullish,[],validated,435.75,0.0003,True
2026-04-27_BEML,2026-04-27,BEML,1819.29,0.6071,Bullish,[],validated,1839.56,0.0111,True
2026-04-27_COCHINSHIP,2026-04-27,COCHINSHIP,1679.3,0.5565,Bullish,[],validated,1695.6,0.0097,True
2026-04-27_DATAPATTNS,2026-04-27,DATAPATTNS,3960.1,0.6507,Bullish,[],validated,4059.9,0.0252,True
2026-04-27_DYNAMATECH,2026-04-27,DYNAMATECH,12417.0,0.5782,Bullish,[],validated,11758.5,-0.053,False
2026-04-27_GRSE,2026-04-27,GRSE,2851.4,0.6791,Bullish,[],validated,2875.3,0.0084,True
2026-04-27_HAL,2026-04-27,HAL,4310.3,0.4925,Bearish,[],validated,4341.4,0.0072,False
2026-04-27_HBLENGINE,2026-04-27,HBLENGINE,809.6,0.6122,Bullish,[],validated,800.35,-0.0114,False
2026-04-27_IDEAFORGE,2026-04-27,IDEAFORGE,549.9,0.6758,Bullish,[],validated,567.15,0.0314,True
2026-04-27_MAZDOCK,2026-04-27,MAZDOCK,2684.0,0.576,Bullish,[],validated,2683.3,-0.0003,False
2026-04-27_MTARTECH,2026-04-27,MTARTECH,5303.0,0.7088,Bullish,[],validated,5292.1,-0.0021,False
2026-04-27_PARAS,2026-04-27,PARAS,808.1,0.639,Bullish,[],validated,806.45,-0.002,False
2026-04-27_SOLARINDS,2026-04-27,SOLARINDS,15259.0,0.6573,Bullish,[],validated,15304.0,0.0029,True
2026-04-27_ZENTEC,2026-04-27,ZENTEC,1719.7,0.5913,Bullish,[],validated,1687.7,-0.0186,False
2026-04-28_ASTRAMICRO,2026-04-28,ASTRAMICRO,1096.3,0.5468,Bullish,[],validated,1108.25,0.0109,True
2026-04-28_BDL,2026-04-28,BDL,1396.7,0.522,Bullish,[],validated,1394.1,-0.0019,False
2026-04-28_BEL,2026-04-28,BEL,435.75,0.3064,Bearish,[],validated,437.55,0.0041,False
2026-04-28_BEML,2026-04-28,BEML,1839.56,0.4982,Bearish,[],validated,1827.08,-0.0068,True
2026-04-28_COCHINSHIP,2026-04-28,COCHINSHIP,1695.6,0.4847,Bearish,[],validated,1773.8,0.0461,False
2026-04-28_DATAPATTNS,2026-04-28,DATAPATTNS,4059.9,0.5057,Bullish,[],validated,4118.1,0.0143,True
2026-04-28_DYNAMATECH,2026-04-28,DYNAMATECH,11758.5,0.5253,Bullish,[],validated,11791.0,0.0028,True
2026-04-28_GRSE,2026-04-28,GRSE,2875.3,0.4876,Bearish,[],validated,3072.7,0.0687,False
2026-04-28_HAL,2026-04-28,HAL,4341.4,0.4835,Bearish,[],validated,4351.6,0.0023,False
2026-04-28_HBLENGINE,2026-04-28,HBLENGINE,800.35,0.5329,Bullish,[],validated,810.9,0.0132,True
2026-04-28_IDEAFORGE,2026-04-28,IDEAFORGE,567.15,0.4748,Bearish,[],validated,602.0,0.0614,False
2026-04-28_MAZDOCK,2026-04-28,MAZDOCK,2683.3,0.4322,Bearish,[],validated,2769.7,0.0322,False
2026-04-28_MTARTECH,2026-04-28,MTARTECH,5292.1,0.528,Bullish,[],validated,5656.5,0.0689,True
2026-04-28_PARAS,2026-04-28,PARAS,806.45,0.4434,Bearish,[],validated,811.3,0.006,False
2026-04-28_SOLARINDS,2026-04-28,SOLARINDS,15304.0,0.5233,Bullish,[],validated,15377.0,0.0048,True
2026-04-28_ZENTEC,2026-04-28,ZENTEC,1687.7,0.4808,Bearish,[],validated,1686.0,-0.001,True
2026-04-29_ASTRAMICRO,2026-04-29,ASTRAMICRO,1108.25,0.6747,Bullish,[],validated,1125.2,0.0153,True
2026-04-29_BDL,2026-04-29,BDL,1394.1,0.6387,Bullish,[],validated,1364.1,-0.0215,False
2026-04-29_BEL,2026-04-29,BEL,437.55,0.5998,Bullish,[],validated,431.3,-0.0143,False
2026-04-29_BEML,2026-04-29,BEML,1827.08,0.6823,Bullish,[],validated,1803.71,-0.0128,False
2026-04-29_DATAPATTNS,2026-04-29,DATAPATTNS,4118.1,0.6433,Bullish,[],validated,4081.7,-0.0088,False
2026-04-29_DYNAMATECH,2026-04-29,DYNAMATECH,11791.0,0.7022,Bullish,[],validated,11568.0,-0.0189,False
2026-04-29_GRSE,2026-04-29,GRSE,3072.7,0.5636,Bullish,[],validated,2930.8,-0.0462,False
2026-04-29_HAL,2026-04-29,HAL,4351.6,0.6138,Bullish,[],validated,4338.8,-0.0029,False
2026-04-29_HBLENGINE,2026-04-29,HBLENGINE,810.9,0.6345,Bullish,[],validated,798.5,-0.0153,False
2026-04-29_IDEAFORGE,2026-04-29,IDEAFORGE,602.0,0.6479,Bullish,[],validated,609.2,0.012,True
2026-04-29_MAZDOCK,2026-04-29,MAZDOCK,2769.7,0.6254,Bullish,[],validated,2733.2,-0.0132,False
2026-04-29_MTARTECH,2026-04-29,MTARTECH,5656.5,0.6287,Bullish,[],validated,6457.1,0.1415,True
2026-04-29_PARAS,2026-04-29,PARAS,811.3,0.6542,Bullish,[],validated,794.25,-0.021,False
2026-04-29_SOLARINDS,2026-04-29,SOLARINDS,15377.0,0.6616,Bullish,[],validated,15439.0,0.004,True
2026-04-29_ZENTEC,2026-04-29,ZENTEC,1686.0,0.7235,Bullish,[],validated,1671.1,-0.0088,False
2026-04-30_ASTRAMICRO,2026-04-30,ASTRAMICRO,1125.2,0.5457,Bullish,[],validated,1125.2,0.0,False
2026-04-30_BDL,2026-04-30,BDL,1364.1,0.4887,Bearish,[],validated,1364.1,0.0,True
2026-04-30_BEL,2026-04-30,BEL,431.3,0.4753,Bearish,[],validated,431.3,0.0,True
2026-04-30_BEML,2026-04-30,BEML,1803.71,0.5644,Bullish,[],validated,1803.71,0.0,False
2026-04-30_COCHINSHIP,2026-04-30,COCHINSHIP,1733.4,0.5443,Bullish,[],validated,1733.4,0.0,False
2026-04-30_DATAPATTNS,2026-04-30,DATAPATTNS,4081.7,0.5879,Bullish,[],validated,4081.7,0.0,False
2026-04-30_DYNAMATECH,2026-04-30,DYNAMATECH,11568.0,0.6158,Bullish,[],validated,11481.0,-0.0075,False
2026-04-30_GRSE,2026-04-30,GRSE,2930.8,0.5317,Bullish,[],validated,2930.8,0.0,False
2026-04-30_HAL,2026-04-30,HAL,4338.8,0.4493,Bearish,[],validated,4338.8,0.0,True
2026-04-30_HBLENGINE,2026-04-30,HBLENGINE,798.5,0.5963,Bullish,[],validated,798.5,0.0,False
2026-04-30_IDEAFORGE,2026-04-30,IDEAFORGE,609.2,0.486,Bearish,[],validated,609.2,0.0,True
2026-04-30_MAZDOCK,2026-04-30,MAZDOCK,2733.2,0.5616,Bullish,[],validated,2733.2,0.0,False
2026-04-30_MTARTECH,2026-04-30,MTARTECH,6457.1,0.476,Bearish,[],validated,6457.1,0.0,True
2026-04-30_PARAS,2026-04-30,PARAS,794.25,0.5716,Bullish,[],validated,794.25,0.0,False
2026-04-30_SOLARINDS,2026-04-30,SOLARINDS,15439.0,0.5857,Bullish,[],validated,15439.0,0.0,False
2026-04-30_ZENTEC,2026-04-30,ZENTEC,1671.1,0.5971,Bullish,[],validated,1671.1,0.0,False
2026-05-04_ASTRAMICRO,2026-05-04,ASTRAMICRO,1110.7,0.4415,Bearish,[],validated,1104.1,-0.0059,True
2026-05-04_BDL,2026-05-04,BDL,1372.4,0.3885,Bearish,[],validated,1398.6,0.0191,False
2026-05-04_BEL,2026-05-04,BEL,433.55,0.4002,Bearish,[],validated,433.35,-0.0005,True
2026-05-04_BEML,2026-05-04,BEML,1834.07,0.5009,Bullish,[],validated,1865.73,0.0173,True
2026-05-04_COCHINSHIP,2026-05-04,COCHINSHIP,1719.3,0.5847,Bullish,[],validated,1712.2,-0.0041,False
2026-05-04_DATAPATTNS,2026-05-04,DATAPATTNS,4093.2,0.6061,Bullish,[],validated,4219.9,0.031,True
2026-05-04_DYNAMATECH,2026-05-04,DYNAMATECH,11481.0,0.6539,Bullish,[],validated,12222.0,0.0645,True
2026-05-04_GRSE,2026-05-04,GRSE,2778.3,0.5855,Bullish,[],validated,2916.4,0.0497,True
2026-05-04_HAL,2026-05-04,HAL,4559.5,0.4233,Bearish,[],validated,4610.4,0.0112,False
2026-05-04_HBLENGINE,2026-05-04,HBLENGINE,798.5,0.5173,Bullish,[],validated,800.4,0.0024,True
2026-05-04_IDEAFORGE,2026-05-04,IDEAFORGE,731.0,0.4445,Bearish,[],validated,804.1,0.1,False
2026-05-04_MAZDOCK,2026-05-04,MAZDOCK,2611.6,0.4206,Bearish,[],validated,2633.4,0.0083,False
2026-05-04_MTARTECH,2026-05-04,MTARTECH,6127.5,0.3772,Bearish,[],validated,6266.0,0.0226,False
2026-05-04_PARAS,2026-05-04,PARAS,782.35,0.56,Bullish,[],validated,794.55,0.0156,True
2026-05-04_SOLARINDS,2026-05-04,SOLARINDS,15459.0,0.4289,Bearish,[],validated,15845.0,0.025,False
2026-05-04_ZENTEC,2026-05-04,ZENTEC,1527.8,0.5887,Bullish,[],validated,1523.4,-0.0029,False
2026-05-05_ASTRAMICRO,2026-05-05,ASTRAMICRO,1104.1,0.63,Bullish,[],validated,1088.2,-0.0144,False
2026-05-05_BDL,2026-05-05,BDL,1398.6,0.6266,Bullish,[],validated,1401.5,0.0021,True
2026-05-05_BEL,2026-05-05,BEL,433.35,0.6257,Bullish,[],validated,438.2,0.0112,True
2026-05-05_BEML,2026-05-05,BEML,1865.73,0.5326,Bullish,[],validated,1895.39,0.0159,True
2026-05-05_COCHINSHIP,2026-05-05,COCHINSHIP,1712.2,0.6306,Bullish,[],validated,1753.1,0.0239,True
2026-05-05_DATAPATTNS,2026-05-05,DATAPATTNS,4219.9,0.6275,Bullish,[],validated,4171.5,-0.0115,False
2026-05-05_DYNAMATECH,2026-05-05,DYNAMATECH,12222.0,0.7171,Bullish,[],validated,12383.0,0.0132,True
2026-05-05_GRSE,2026-05-05,GRSE,2916.4,0.6135,Bullish,[],validated,3021.0,0.0359,True
2026-05-05_HAL,2026-05-05,HAL,4610.4,0.493,Bearish,[],validated,4626.9,0.0036,False
2026-05-05_HBLENGINE,2026-05-05,HBLENGINE,800.4,0.6346,Bullish,[],validated,854.65,0.0678,True
2026-05-05_MAZDOCK,2026-05-05,MAZDOCK,2633.4,0.5913,Bullish,[],validated,2644.5,0.0042,True
2026-05-05_MTARTECH,2026-05-05,MTARTECH,6266.0,0.6264,Bullish,[],validated,6286.5,0.0033,True
2026-05-05_PARAS,2026-05-05,PARAS,794.55,0.6832,Bullish,[],validated,805.1,0.0133,True
2026-05-05_ZENTEC,2026-05-05,ZENTEC,1523.4,0.6229,Bullish,[],validated,1567.2,0.0288,True
2026-05-06_ASTRAMICRO,2026-05-06,ASTRAMICRO,1088.2,0.4653,Bearish,[],validated,1162.5,0.0683,False
2026-05-06_BDL,2026-05-06,BDL,1401.5,0.4203,Bearish,[],validated,1466.9,0.0467,False
2026-05-06_BEL,2026-05-06,BEL,438.2,0.4111,Bearish,[],validated,439.45,0.0029,False
2026-05-06_BEML,2026-05-06,BEML,1895.39,0.4022,Bearish,[],validated,1997.55,0.0539,False
2026-05-06_COCHINSHIP,2026-05-06,COCHINSHIP,1753.1,0.4505,Bearish,[],validated,1814.7,0.0351,False
2026-05-06_DATAPATTNS,2026-05-06,DATAPATTNS,4171.5,0.5852,Bullish,[],validated,4250.1,0.0188,True
2026-05-06_DYNAMATECH,2026-05-06,DYNAMATECH,12383.0,0.5325,Bullish,[],validated,12405.0,0.0018,True
2026-05-06_GRSE,2026-05-06,GRSE,3021.0,0.5153,Bullish,[],validated,3093.8,0.0241,True
2026-05-06_HAL,2026-05-06,HAL,4626.9,0.4231,Bearish,[],validated,4782.1,0.0335,False
2026-05-06_HBLENGINE,2026-05-06,HBLENGINE,854.65,0.4734,Bearish,[],validated,848.2,-0.0075,True
2026-05-06_MAZDOCK,2026-05-06,MAZDOCK,2644.5,0.4234,Bearish,[],validated,2683.3,0.0147,False
2026-05-06_MTARTECH,2026-05-06,MTARTECH,6286.5,0.4921,Bearish,[],validated,6677.0,0.0621,False
2026-05-06_PARAS,2026-05-06,PARAS,805.1,0.5268,Bullish,[],validated,869.5,0.08,True
2026-05-06_SOLARINDS,2026-05-06,SOLARINDS,15740.0,0.4639,Bearish,[],validated,15887.0,0.0093,False
2026-05-06_ZENTEC,2026-05-06,ZENTEC,1567.2,0.511,Bullish,[],validated,1621.6,0.0347,True
2026-05-07_ASTRAMICRO,2026-05-07,ASTRAMICRO,1162.5,0.6183,Bullish,[],validated,1147.4,-0.013,False
2026-05-07_BDL,2026-05-07,BDL,1466.9,0.6063,Bullish,[],validated,1448.6,-0.0125,False
2026-05-07_BEL,2026-05-07,BEL,439.45,0.6497,Bullish,[],validated,439.7,0.0006,True
2026-05-07_BEML,2026-05-07,BEML,1997.55,0.5641,Bullish,[],validated,1948.32,-0.0246,False
2026-05-07_COCHINSHIP,2026-05-07,COCHINSHIP,1814.7,0.5589,Bullish,[],validated,1776.7,-0.0209,False
2026-05-07_DATAPATTNS,2026-05-07,DATAPATTNS,4250.1,0.5722,Bullish,[],validated,4103.4,-0.0345,False
2026-05-07_DYNAMATECH,2026-05-07,DYNAMATECH,12405.0,0.6131,Bullish,[],validated,12530.0,0.0101,True
2026-05-07_GRSE,2026-05-07,GRSE,3093.8,0.6609,Bullish,[],validated,3051.3,-0.0137,False
2026-05-07_HAL,2026-05-07,HAL,4782.1,0.5721,Bullish,[],validated,4788.1,0.0013,True
2026-05-07_HBLENGINE,2026-05-07,HBLENGINE,848.2,0.6668,Bullish,[],validated,848.15,-0.0001,False
2026-05-07_IDEAFORGE,2026-05-07,IDEAFORGE,792.25,0.5733,Bullish,[],validated,814.15,0.0276,True
2026-05-07_MAZDOCK,2026-05-07,MAZDOCK,2683.3,0.6204,Bullish,[],validated,2657.3,-0.0097,False
2026-05-07_MTARTECH,2026-05-07,MTARTECH,6677.0,0.6292,Bullish,[],validated,6470.0,-0.031,False
2026-05-07_PARAS,2026-05-07,PARAS,869.5,0.6136,Bullish,[],validated,866.6,-0.0033,False
2026-05-07_SOLARINDS,2026-05-07,SOLARINDS,15887.0,0.5994,Bullish,[],validated,16105.0,0.0137,True
2026-05-07_ZENTEC,2026-05-07,ZENTEC,1621.6,0.6671,Bullish,[],validated,1625.1,0.0022,True
2026-05-08_ASTRAMICRO,2026-05-08,ASTRAMICRO,1147.4,0.3539,Bearish,[],validated,1135.2,-0.0106,True
2026-05-08_BDL,2026-05-08,BDL,1448.6,0.3715,Bearish,[],validated,1401.3,-0.0327,True
2026-05-08_BEL,2026-05-08,BEL,439.7,0.3024,Bearish,[],validated,431.95,-0.0176,True
2026-05-08_BEML,2026-05-08,BEML,1948.32,0.3967,Bearish,[],validated,1908.17,-0.0206,True
2026-05-08_COCHINSHIP,2026-05-08,COCHINSHIP,1776.7,0.5042,Bullish,[],validated,1716.5,-0.0339,False
2026-05-08_DATAPATTNS,2026-05-08,DATAPATTNS,4103.4,0.5836,Bullish,[],validated,4142.0,0.0094,True
2026-05-08_DYNAMATECH,2026-05-08,DYNAMATECH,12530.0,0.4223,Bearish,[],validated,11322.0,-0.0964,True
2026-05-08_GRSE,2026-05-08,GRSE,3051.3,0.4842,Bearish,[],validated,2941.6,-0.036,True
2026-05-08_HAL,2026-05-08,HAL,4788.1,0.3908,Bearish,[],validated,4756.3,-0.0066,True
2026-05-08_HBLENGINE,2026-05-08,HBLENGINE,848.15,0.3347,Bearish,[],validated,829.7,-0.0218,True
2026-05-08_IDEAFORGE,2026-05-08,IDEAFORGE,814.15,0.4903,Bearish,[],validated,795.2,-0.0233,True
2026-05-08_MAZDOCK,2026-05-08,MAZDOCK,2657.3,0.3599,Bearish,[],validated,2565.8,-0.0344,True
2026-05-08_MTARTECH,2026-05-08,MTARTECH,6470.0,0.5813,Bullish,[],validated,6520.0,0.0077,True
2026-05-08_PARAS,2026-05-08,PARAS,866.6,0.3441,Bearish,[],validated,862.9,-0.0043,True
2026-05-08_SOLARINDS,2026-05-08,SOLARINDS,16105.0,0.3283,Bearish,[],validated,16263.0,0.0098,False
2026-05-08_ZENTEC,2026-05-08,ZENTEC,1625.1,0.3282,Bearish,[],validated,1636.8,0.0072,False
2026-05-11_ASTRAMICRO,2026-05-11,ASTRAMICRO,1135.2,0.4682,Bearish,[],validated,1108.7,-0.0233,True
2026-05-11_BDL,2026-05-11,BDL,1401.3,0.4841,Bearish,[],validated,1334.2,-0.0479,True
2026-05-11_BEL,2026-05-11,BEL,431.95,0.4839,Bearish,[],validated,416.5,-0.0358,True
2026-05-11_BEML,2026-05-11,BEML,1908.17,0.5085,Bullish,[],validated,1790.53,-0.0617,False
2026-05-11_COCHINSHIP,2026-05-11,COCHINSHIP,1716.5,0.6212,Bullish,[],validated,1616.1,-0.0585,False
2026-05-11_DATAPATTNS,2026-05-11,DATAPATTNS,4142.0,0.6757,Bullish,[],validated,4062.5,-0.0192,False
2026-05-11_DYNAMATECH,2026-05-11,DYNAMATECH,11322.0,0.5968,Bullish,[],validated,10754.0,-0.0502,False
2026-05-11_GRSE,2026-05-11,GRSE,2941.6,0.5216,Bullish,[],validated,2791.3,-0.0511,False
2026-05-11_HAL,2026-05-11,HAL,4756.3,0.4451,Bearish,[],validated,4572.5,-0.0386,True
2026-05-11_HBLENGINE,2026-05-11,HBLENGINE,829.7,0.4554,Bearish,[],validated,782.25,-0.0572,True
2026-05-11_IDEAFORGE,2026-05-11,IDEAFORGE,795.2,0.5282,Bullish,[],validated,732.6,-0.0787,False
2026-05-11_MAZDOCK,2026-05-11,MAZDOCK,2565.8,0.4904,Bearish,[],validated,2443.8,-0.0475,True
2026-05-11_MTARTECH,2026-05-11,MTARTECH,6520.0,0.6733,Bullish,[],validated,6248.5,-0.0416,False
2026-05-11_PARAS,2026-05-11,PARAS,862.9,0.4858,Bearish,[],validated,800.6,-0.0722,True
2026-05-11_SOLARINDS,2026-05-11,SOLARINDS,16263.0,0.4487,Bearish,[],validated,15585.0,-0.0417,True
2026-05-11_ZENTEC,2026-05-11,ZENTEC,1636.8,0.4782,Bearish,[],validated,1587.0,-0.0304,True
2026-05-12_ASTRAMICRO,2026-05-12,ASTRAMICRO,1108.7,0.4184,Bearish,[],validated,1111.2,0.0023,False
2026-05-12_BDL,2026-05-12,BDL,1334.2,0.481,Bearish,[],validated,1360.3,0.0196,False
2026-05-12_BEL,2026-05-12,BEL,416.5,0.5005,Bullish,[],validated,428.25,0.0282,True
2026-05-12_BEML,2026-05-12,BEML,1790.53,0.4763,Bearish,[],validated,1846.35,0.0312,False
2026-05-12_COCHINSHIP,2026-05-12,COCHINSHIP,1616.1,0.5794,Bullish,[],validated,1653.1,0.0229,True
2026-05-12_DATAPATTNS,2026-05-12,DATAPATTNS,4062.5,0.6078,Bullish,[],validated,4196.2,0.0329,True
2026-05-12_DYNAMATECH,2026-05-12,DYNAMATECH,10754.0,0.7341,Bullish,[],validated,10714.0,-0.0037,False
2026-05-12_GRSE,2026-05-12,GRSE,2791.3,0.6466,Bullish,[],validated,2853.4,0.0222,True
2026-05-12_HAL,2026-05-12,HAL,4572.5,0.4426,Bearish,[],validated,4618.5,0.0101,False
2026-05-12_HBLENGINE,2026-05-12,HBLENGINE,782.25,0.4701,Bearish,[],validated,783.6,0.0017,False
2026-05-12_IDEAFORGE,2026-05-12,IDEAFORGE,732.6,0.5853,Bullish,[],validated,771.1,0.0526,True
2026-05-12_MAZDOCK,2026-05-12,MAZDOCK,2443.8,0.5766,Bullish,[],validated,2518.5,0.0306,True
2026-05-12_MTARTECH,2026-05-12,MTARTECH,6248.5,0.7016,Bullish,[],validated,6763.5,0.0824,True
2026-05-12_PARAS,2026-05-12,PARAS,800.6,0.4773,Bearish,[],validated,794.05,-0.0082,True
2026-05-12_SOLARINDS,2026-05-12,SOLARINDS,15585.0,0.5401,Bullish,[],validated,15787.0,0.013,True
2026-05-12_ZENTEC,2026-05-12,ZENTEC,1587.0,0.5931,Bullish,[],validated,1584.2,-0.0018,False
2026-05-13_ASTRAMICRO,2026-05-13,ASTRAMICRO,1111.2,0.549,Bullish,[],validated,1112.0,0.0007,True
2026-05-13_BDL,2026-05-13,BDL,1360.3,0.6703,Bullish,[],validated,1353.1,-0.0053,False
2026-05-13_BEL,2026-05-13,BEL,428.25,0.6295,Bullish,[],validated,428.85,0.0014,True
2026-05-13_BEML,2026-05-13,BEML,1846.35,0.6247,Bullish,[],validated,1830.97,-0.0083,False
2026-05-13_COCHINSHIP,2026-05-13,COCHINSHIP,1653.1,0.6494,Bullish,[],validated,1645.2,-0.0048,False
2026-05-13_DATAPATTNS,2026-05-13,DATAPATTNS,4196.2,0.6635,Bullish,[],validated,4010.5,-0.0443,False
2026-05-13_DYNAMATECH,2026-05-13,DYNAMATECH,10714.0,0.7237,Bullish,[],validated,10872.0,0.0147,True
2026-05-13_GRSE,2026-05-13,GRSE,2853.4,0.6577,Bullish,[],validated,2705.4,-0.0519,False
2026-05-13_HAL,2026-05-13,HAL,4618.5,0.6067,Bullish,[],validated,4608.0,-0.0023,False
2026-05-13_HBLENGINE,2026-05-13,HBLENGINE,783.6,0.679,Bullish,[],validated,784.4,0.001,True
2026-05-13_IDEAFORGE,2026-05-13,IDEAFORGE,771.1,0.6989,Bullish,[],validated,848.2,0.1,True
2026-05-13_MAZDOCK,2026-05-13,MAZDOCK,2518.5,0.6374,Bullish,[],validated,2522.8,0.0017,True
2026-05-13_MTARTECH,2026-05-13,MTARTECH,6763.5,0.6134,Bullish,[],validated,7588.0,0.1219,True
2026-05-13_PARAS,2026-05-13,PARAS,794.05,0.645,Bullish,[],validated,783.15,-0.0137,False
2026-05-13_SOLARINDS,2026-05-13,SOLARINDS,15787.0,0.6424,Bullish,[],validated,16665.0,0.0556,True
2026-05-13_ZENTEC,2026-05-13,ZENTEC,1584.2,0.6058,Bullish,[],validated,1559.0,-0.0159,False
2026-05-14_ASTRAMICRO,2026-05-14,ASTRAMICRO,1112.0,0.4809,Bearish,[],validated,1106.6,-0.0049,True
2026-05-14_BDL,2026-05-14,BDL,1353.1,0.4535,Bearish,[],validated,1325.4,-0.0205,True
2026-05-14_BEL,2026-05-14,BEL,428.85,0.45,Bearish,[],validated,423.65,-0.0121,True
2026-05-14_BEML,2026-05-14,BEML,1830.97,0.4446,Bearish,[],validated,1785.73,-0.0247,True
2026-05-14_COCHINSHIP,2026-05-14,COCHINSHIP,1645.2,0.4735,Bearish,[],validated,1594.5,-0.0308,True
2026-05-14_DATAPATTNS,2026-05-14,DATAPATTNS,4010.5,0.4882,Bearish,[],validated,3876.5,-0.0334,True
2026-05-14_DYNAMATECH,2026-05-14,DYNAMATECH,10872.0,0.5383,Bullish,[],validated,10736.0,-0.0125,False
2026-05-14_GRSE,2026-05-14,GRSE,2705.4,0.4494,Bearish,[],validated,2685.9,-0.0072,True
2026-05-14_HAL,2026-05-14,HAL,4608.0,0.4338,Bearish,[],validated,4386.2,-0.0481,True
2026-05-14_HBLENGINE,2026-05-14,HBLENGINE,784.4,0.4759,Bearish,[],validated,771.95,-0.0159,True
2026-05-14_IDEAFORGE,2026-05-14,IDEAFORGE,848.2,0.5244,Bullish,[],validated,818.7,-0.0348,False
2026-05-14_MAZDOCK,2026-05-14,MAZDOCK,2522.8,0.4214,Bearish,[],validated,2481.8,-0.0163,True
2026-05-14_MTARTECH,2026-05-14,MTARTECH,7588.0,0.4486,Bearish,[],validated,7234.0,-0.0467,True
2026-05-14_PARAS,2026-05-14,PARAS,783.15,0.4679,Bearish,[],validated,753.4,-0.038,True
2026-05-14_SOLARINDS,2026-05-14,SOLARINDS,16665.0,0.4016,Bearish,[],validated,17314.0,0.0389,False
2026-05-14_ZENTEC,2026-05-14,ZENTEC,1559.0,0.4057,Bearish,[],validated,1554.9,-0.0026,True
2026-05-15_ASTRAMICRO,2026-05-15,ASTRAMICRO,1106.6,0.3862,Bearish,[],validated,1087.2,-0.0175,True
2026-05-15_BDL,2026-05-15,BDL,1325.4,0.4192,Bearish,[],validated,1309.2,-0.0122,True
2026-05-15_BEL,2026-05-15,BEL,423.65,0.3742,Bearish,[],validated,426.6,0.007,False
2026-05-15_BEML,2026-05-15,BEML,1785.73,0.4006,Bearish,[],validated,1765.06,-0.0116,True
2026-05-15_COCHINSHIP,2026-05-15,COCHINSHIP,1594.5,0.3511,Bearish,[],validated,1513.5,-0.0508,True
2026-05-15_DATAPATTNS,2026-05-15,DATAPATTNS,3876.5,0.462,Bearish,[],validated,3752.2,-0.0321,True
2026-05-15_DYNAMATECH,2026-05-15,DYNAMATECH,10736.0,0.4893,Bearish,[],validated,10613.0,-0.0115,True
2026-05-15_GRSE,2026-05-15,GRSE,2685.9,0.4836,Bearish,[],validated,2581.7,-0.0388,True
2026-05-15_HAL,2026-05-15,HAL,4386.2,0.3995,Bearish,[],validated,4326.5,-0.0136,True
2026-05-15_HBLENGINE,2026-05-15,HBLENGINE,771.95,0.4454,Bearish,[],validated,745.8,-0.0339,True
2026-05-15_IDEAFORGE,2026-05-15,IDEAFORGE,818.7,0.4067,Bearish,[],validated,817.7,-0.0012,True
2026-05-15_MAZDOCK,2026-05-15,MAZDOCK,2481.8,0.3888,Bearish,[],validated,2444.3,-0.0151,True
2026-05-15_MTARTECH,2026-05-15,MTARTECH,7234.0,0.3628,Bearish,[],validated,7110.5,-0.0171,True
2026-05-15_PARAS,2026-05-15,PARAS,753.4,0.3989,Bearish,[],validated,743.55,-0.0131,True
2026-05-15_SOLARINDS,2026-05-15,SOLARINDS,17314.0,0.3847,Bearish,[],validated,18019.0,0.0407,False
2026-05-15_ZENTEC,2026-05-15,ZENTEC,1554.9,0.3227,Bearish,[],validated,1557.0,0.0014,False
2026-05-18_ASTRAMICRO,2026-05-18,ASTRAMICRO,1087.2,0.4851,Bearish,[],validated,1092.7,0.0051,False
2026-05-18_BDL,2026-05-18,BDL,1309.2,0.5623,Bullish,[],validated,1311.8,0.002,True
2026-05-18_BEL,2026-05-18,BEL,426.6,0.5128,Bullish,[],validated,422.95,-0.0086,False
2026-05-18_BEML,2026-05-18,BEML,1765.06,0.5138,Bullish,[],validated,1823.98,0.0334,True
2026-05-18_COCHINSHIP,2026-05-18,COCHINSHIP,1513.5,0.6356,Bullish,[],validated,1489.6,-0.0158,False
2026-05-18_DATAPATTNS,2026-05-18,DATAPATTNS,3752.2,0.5392,Bullish,[],validated,3634.5,-0.0314,False
2026-05-18_DYNAMATECH,2026-05-18,DYNAMATECH,10613.0,0.5959,Bullish,[],validated,10864.0,0.0237,True
2026-05-18_GRSE,2026-05-18,GRSE,2581.7,0.564,Bullish,[],validated,2658.5,0.0297,True
2026-05-18_HAL,2026-05-18,HAL,4326.5,0.59,Bullish,[],validated,4333.2,0.0015,True
2026-05-18_HBLENGINE,2026-05-18,HBLENGINE,745.8,0.5685,Bullish,[],validated,752.2,0.0086,True
2026-05-18_IDEAFORGE,2026-05-18,IDEAFORGE,817.7,0.5823,Bullish,[],validated,776.85,-0.05,False
2026-05-18_MAZDOCK,2026-05-18,MAZDOCK,2444.3,0.5446,Bullish,[],validated,2422.8,-0.0088,False
2026-05-18_MTARTECH,2026-05-18,MTARTECH,7110.5,0.6229,Bullish,[],validated,6810.0,-0.0423,False
2026-05-18_PARAS,2026-05-18,PARAS,743.55,0.5531,Bullish,[],validated,763.1,0.0263,True
2026-05-18_SOLARINDS,2026-05-18,SOLARINDS,18019.0,0.5422,Bullish,[],validated,18116.0,0.0054,True
2026-05-18_ZENTEC,2026-05-18,ZENTEC,1557.0,0.508,Bullish,[],validated,1564.5,0.0048,True
2026-05-19_ASTRAMICRO,2026-05-19,ASTRAMICRO,1092.7,0.3784,Bearish,[],validated,1154.1,0.0562,False
2026-05-19_BDL,2026-05-19,BDL,1311.8,0.4357,Bearish,[],validated,1303.8,-0.0061,True
2026-05-19_BEL,2026-05-19,BEL,422.95,0.4424,Bearish,[],validated,413.3,-0.0228,True
2026-05-19_BEML,2026-05-19,BEML,1823.98,0.4289,Bearish,[],validated,1826.38,0.0013,False
2026-05-19_COCHINSHIP,2026-05-19,COCHINSHIP,1489.6,0.4613,Bearish,[],validated,1507.8,0.0122,False
2026-05-19_DATAPATTNS,2026-05-19,DATAPATTNS,3634.5,0.4922,Bearish,[],validated,3834.1,0.0549,False
2026-05-19_DYNAMATECH,2026-05-19,DYNAMATECH,10864.0,0.3968,Bearish,[],validated,10441.0,-0.0389,True
2026-05-19_GRSE,2026-05-19,GRSE,2658.5,0.3973,Bearish,[],validated,2647.4,-0.0042,True
2026-05-19_HAL,2026-05-19,HAL,4333.2,0.4776,Bearish,[],validated,4326.5,-0.0015,True
2026-05-19_HBLENGINE,2026-05-19,HBLENGINE,752.2,0.4609,Bearish,[],validated,767.65,0.0205,False
2026-05-19_IDEAFORGE,2026-05-19,IDEAFORGE,776.85,0.4194,Bearish,[],validated,753.35,-0.0303,True
2026-05-19_MAZDOCK,2026-05-19,MAZDOCK,2422.8,0.4438,Bearish,[],validated,2437.8,0.0062,False
2026-05-19_MTARTECH,2026-05-19,MTARTECH,6810.0,0.4539,Bearish,[],validated,7457.0,0.095,False
2026-05-19_PARAS,2026-05-19,PARAS,763.1,0.417,Bearish,[],validated,761.85,-0.0016,True
2026-05-19_SOLARINDS,2026-05-19,SOLARINDS,18116.0,0.4337,Bearish,[],validated,18210.0,0.0052,False
2026-05-19_ZENTEC,2026-05-19,ZENTEC,1564.5,0.4352,Bearish,[],validated,1604.2,0.0254,False
2026-05-20_ASTRAMICRO,2026-05-20,ASTRAMICRO,1154.1,0.4769,Bearish,[],validated,1184.5,0.0263,False
2026-05-20_BDL,2026-05-20,BDL,1303.8,0.4247,Bearish,[],validated,1303.8,0.0,True
2026-05-20_BEL,2026-05-20,BEL,413.3,0.5292,Bullish,[],validated,420.4,0.0172,True
2026-05-20_BEML,2026-05-20,BEML,1826.38,0.451,Bearish,[],validated,1839.06,0.0069,False
2026-05-20_COCHINSHIP,2026-05-20,COCHINSHIP,1507.8,0.3891,Bearish,[],validated,1531.0,0.0154,False
2026-05-20_DATAPATTNS,2026-05-20,DATAPATTNS,3834.1,0.3863,Bearish,[],validated,3934.5,0.0262,False
2026-05-20_DYNAMATECH,2026-05-20,DYNAMATECH,10441.0,0.5089,Bullish,[],validated,10933.0,0.0471,True
2026-05-20_GRSE,2026-05-20,GRSE,2647.4,0.4505,Bearish,[],validated,2690.6,0.0163,False
2026-05-20_HAL,2026-05-20,HAL,4326.5,0.4653,Bearish,[],validated,4370.4,0.0101,False
2026-05-20_HBLENGINE,2026-05-20,HBLENGINE,767.65,0.4036,Bearish,[],validated,784.3,0.0217,False
2026-05-20_IDEAFORGE,2026-05-20,IDEAFORGE,753.35,0.5201,Bullish,[],validated,739.0,-0.019,False
2026-05-20_MAZDOCK,2026-05-20,MAZDOCK,2437.8,0.4108,Bearish,[],validated,2454.8,0.007,False
2026-05-20_MTARTECH,2026-05-20,MTARTECH,7457.0,0.4766,Bearish,[],validated,7947.5,0.0658,False
2026-05-20_PARAS,2026-05-20,PARAS,761.85,0.3784,Bearish,[],validated,790.7,0.0379,False
2026-05-20_SOLARINDS,2026-05-20,SOLARINDS,18210.0,0.4739,Bearish,[],validated,18392.0,0.01,False
2026-05-20_ZENTEC,2026-05-20,ZENTEC,1604.2,0.4541,Bearish,[],validated,1603.8,-0.0002,True
2026-05-21_ASTRAMICRO,2026-05-21,ASTRAMICRO,1184.5,0.5231,Bullish,[],validated,1174.9,-0.0081,False
2026-05-21_BDL,2026-05-21,BDL,1303.8,0.5195,Bullish,[],validated,1312.5,0.0067,True
2026-05-21_BEL,2026-05-21,BEL,420.4,0.565,Bullish,[],validated,416.55,-0.0092,False
2026-05-21_BEML,2026-05-21,BEML,1839.06,0.5289,Bullish,[],validated,1827.88,-0.0061,False
2026-05-21_COCHINSHIP,2026-05-21,COCHINSHIP,1531.0,0.5175,Bullish,[],validated,1532.1,0.0007,True
2026-05-21_DATAPATTNS,2026-05-21,DATAPATTNS,3934.5,0.5705,Bullish,[],validated,3969.7,0.0089,True
2026-05-21_DYNAMATECH,2026-05-21,DYNAMATECH,10933.0,0.5656,Bullish,[],validated,11170.0,0.0217,True
2026-05-21_GRSE,2026-05-21,GRSE,2690.6,0.5199,Bullish,[],validated,2694.0,0.0013,True
2026-05-21_HAL,2026-05-21,HAL,4370.4,0.5006,Bullish,[],validated,4368.4,-0.0005,False
2026-05-21_HBLENGINE,2026-05-21,HBLENGINE,784.3,0.5512,Bullish,[],validated,774.65,-0.0123,False
2026-05-21_IDEAFORGE,2026-05-21,IDEAFORGE,739.0,0.5622,Bullish,[],validated,775.95,0.05,True
2026-05-21_MAZDOCK,2026-05-21,MAZDOCK,2454.8,0.4846,Bearish,[],validated,2469.1,0.0058,False
2026-05-21_MTARTECH,2026-05-21,MTARTECH,7947.5,0.4816,Bearish,[],validated,8075.5,0.0161,False
2026-05-21_PARAS,2026-05-21,PARAS,790.7,0.5999,Bullish,[],validated,812.0,0.0269,True
2026-05-21_ZENTEC,2026-05-21,ZENTEC,1603.8,0.5357,Bullish,[],validated,1593.1,-0.0067,False
2026-05-22_ASTRAMICRO,2026-05-22,ASTRAMICRO,1174.9,0.4728,Bearish,[],validated,1235.6,0.0517,False
2026-05-22_BDL,2026-05-22,BDL,1312.5,0.4777,Bearish,[],validated,1326.1,0.0104,False
2026-05-22_BEL,2026-05-22,BEL,416.55,0.3869,Bearish,[],validated,421.85,0.0127,False
2026-05-22_BEML,2026-05-22,BEML,1827.88,0.4576,Bearish,[],validated,1821.39,-0.0036,True
2026-05-22_COCHINSHIP,2026-05-22,COCHINSHIP,1532.1,0.437,Bearish,[],validated,1529.0,-0.002,True
2026-05-22_DATAPATTNS,2026-05-22,DATAPATTNS,3969.7,0.4425,Bearish,[],validated,4096.0,0.0318,False
2026-05-22_DYNAMATECH,2026-05-22,DYNAMATECH,11170.0,0.5275,Bullish,[],validated,11306.0,0.0122,True
2026-05-22_GRSE,2026-05-22,GRSE,2694.0,0.4562,Bearish,[],validated,2675.7,-0.0068,True
2026-05-22_HAL,2026-05-22,HAL,4368.4,0.4699,Bearish,[],validated,4425.9,0.0132,False
2026-05-22_HBLENGINE,2026-05-22,HBLENGINE,774.65,0.4494,Bearish,[],validated,758.7,-0.0206,True
2026-05-22_IDEAFORGE,2026-05-22,IDEAFORGE,775.95,0.4611,Bearish,[],validated,814.7,0.0499,False
2026-05-22_MAZDOCK,2026-05-22,MAZDOCK,2469.1,0.4056,Bearish,[],validated,2470.2,0.0004,False
2026-05-22_MTARTECH,2026-05-22,MTARTECH,8075.5,0.3943,Bearish,[],validated,7951.0,-0.0154,True
2026-05-22_PARAS,2026-05-22,PARAS,812.0,0.4808,Bearish,[],validated,855.75,0.0539,False
2026-05-22_SOLARINDS,2026-05-22,SOLARINDS,18132.0,0.5581,Bullish,[],validated,18377.0,0.0135,True
2026-05-22_ZENTEC,2026-05-22,ZENTEC,1593.1,0.4782,Bearish,[],validated,1608.0,0.0094,False
2026-05-25_ASTRAMICRO,2026-05-25,ASTRAMICRO,1235.6,0.4577,Bearish,[],validated,1357.0,0.0983,False
2026-05-25_BDL,2026-05-25,BDL,1326.1,0.4446,Bearish,[],validated,1329.9,0.0029,False
2026-05-25_BEL,2026-05-25,BEL,421.85,0.4235,Bearish,[],validated,420.1,-0.0041,True
2026-05-25_BEML,2026-05-25,BEML,1821.39,0.4166,Bearish,[],validated,1842.26,0.0115,False
2026-05-25_COCHINSHIP,2026-05-25,COCHINSHIP,1529.0,0.4098,Bearish,[],validated,1526.2,-0.0018,True
2026-05-25_DATAPATTNS,2026-05-25,DATAPATTNS,4096.0,0.4892,Bearish,[],validated,4101.7,0.0014,False
2026-05-25_DYNAMATECH,2026-05-25,DYNAMATECH,11306.0,0.4834,Bearish,[],validated,11017.0,-0.0256,True
2026-05-25_GRSE,2026-05-25,GRSE,2675.7,0.4206,Bearish,[],validated,2662.5,-0.0049,True
2026-05-25_HAL,2026-05-25,HAL,4425.9,0.4169,Bearish,[],validated,4427.7,0.0004,False
2026-05-25_HBLENGINE,2026-05-25,HBLENGINE,758.7,0.4325,Bearish,[],validated,799.45,0.0537,False
2026-05-25_IDEAFORGE,2026-05-25,IDEAFORGE,814.7,0.6643,Bullish,[],validated,855.4,0.05,True
2026-05-25_MAZDOCK,2026-05-25,MAZDOCK,2470.2,0.4123,Bearish,[],validated,2460.1,-0.0041,True
2026-05-25_MTARTECH,2026-05-25,MTARTECH,7951.0,0.4863,Bearish,[],validated,7878.0,-0.0092,True
2026-05-25_PARAS,2026-05-25,PARAS,855.75,0.438,Bearish,[],validated,858.15,0.0028,False
2026-05-25_SOLARINDS,2026-05-25,SOLARINDS,18377.0,0.6042,Bullish,[],validated,18479.0,0.0056,True
2026-05-25_ZENTEC,2026-05-25,ZENTEC,1608.0,0.4526,Bearish,[],validated,1602.8,-0.0032,True
2026-05-26_ASTRAMICRO,2026-05-26,ASTRAMICRO,1357.0,0.5396,Bullish,[],validated,1397.4,0.0298,True
2026-05-26_BDL,2026-05-26,BDL,1329.9,0.4293,Bearish,[],validated,1282.2,-0.0359,True
2026-05-26_BEL,2026-05-26,BEL,420.1,0.4673,Bearish,[],validated,419.1,-0.0024,True
2026-05-26_BEML,2026-05-26,BEML,1842.26,0.4785,Bearish,[],validated,1830.17,-0.0066,True
2026-05-26_COCHINSHIP,2026-05-26,COCHINSHIP,1526.2,0.4201,Bearish,[],validated,1523.9,-0.0015,True
2026-05-26_DATAPATTNS,2026-05-26,DATAPATTNS,4101.7,0.5104,Bullish,[],validated,4139.2,0.0091,True
2026-05-26_DYNAMATECH,2026-05-26,DYNAMATECH,11017.0,0.5058,Bullish,[],validated,10668.0,-0.0317,False
2026-05-26_GRSE,2026-05-26,GRSE,2662.5,0.4027,Bearish,[],validated,2651.5,-0.0041,True
2026-05-26_HAL,2026-05-26,HAL,4427.7,0.4362,Bearish,[],validated,4413.0,-0.0033,True
2026-05-26_HBLENGINE,2026-05-26,HBLENGINE,799.45,0.4191,Bearish,[],validated,817.5,0.0226,False
2026-05-26_IDEAFORGE,2026-05-26,IDEAFORGE,855.4,0.6032,Bullish,[],validated,845.3,-0.0118,False
2026-05-26_MAZDOCK,2026-05-26,MAZDOCK,2460.1,0.4519,Bearish,[],validated,2455.1,-0.002,True
2026-05-26_MTARTECH,2026-05-26,MTARTECH,7878.0,0.5422,Bullish,[],validated,7889.5,0.0015,True
2026-05-26_PARAS,2026-05-26,PARAS,858.15,0.4138,Bearish,[],validated,846.65,-0.0134,True
2026-05-26_SOLARINDS,2026-05-26,SOLARINDS,18479.0,0.5941,Bullish,[],validated,18653.0,0.0094,True
2026-05-26_ZENTEC,2026-05-26,ZENTEC,1602.8,0.3838,Bearish,[],validated,1695.5,0.0578,False
2026-05-27_ASTRAMICRO,2026-05-27,ASTRAMICRO,1397.4,0.6246,Bullish,[],validated,1397.4,0.0,False
2026-05-27_BDL,2026-05-27,BDL,1282.2,0.4338,Bearish,[],validated,1282.2,0.0,True
2026-05-27_BEL,2026-05-27,BEL,419.1,0.3505,Bearish,[],validated,419.1,0.0,True
2026-05-27_BEML,2026-05-27,BEML,1830.17,0.4493,Bearish,[],validated,1830.17,0.0,True
2026-05-27_COCHINSHIP,2026-05-27,COCHINSHIP,1523.9,0.432,Bearish,[],validated,1523.9,0.0,True
2026-05-27_DATAPATTNS,2026-05-27,DATAPATTNS,4139.2,0.4013,Bearish,[],validated,4139.2,0.0,True
2026-05-27_DYNAMATECH,2026-05-27,DYNAMATECH,10668.0,0.5472,Bullish,[],validated,10668.0,0.0,False
2026-05-27_GRSE,2026-05-27,GRSE,2651.5,0.498,Bearish,[],validated,2651.5,0.0,True
2026-05-27_HAL,2026-05-27,HAL,4413.0,0.355,Bearish,[],validated,4413.0,0.0,True
2026-05-27_HBLENGINE,2026-05-27,HBLENGINE,817.5,0.4381,Bearish,[],validated,817.5,0.0,True
2026-05-27_IDEAFORGE,2026-05-27,IDEAFORGE,845.3,0.5971,Bullish,[],validated,845.3,0.0,False
2026-05-27_MAZDOCK,2026-05-27,MAZDOCK,2455.1,0.3432,Bearish,[],validated,2455.1,0.0,True
2026-05-27_MTARTECH,2026-05-27,MTARTECH,7889.5,0.514,Bullish,[],validated,7889.5,0.0,False
2026-05-27_PARAS,2026-05-27,PARAS,846.65,0.426,Bearish,[],validated,846.65,0.0,True
2026-05-27_SOLARINDS,2026-05-27,SOLARINDS,18653.0,0.661,Bullish,[],validated,18653.0,0.0,False
2026-05-27_ZENTEC,2026-05-27,ZENTEC,1695.5,0.4478,Bearish,[],validated,1695.5,0.0,True
2026-05-29_ASTRAMICRO,2026-05-29,ASTRAMICRO,1401.7,0.4727,Bearish,[],validated,1316.2,-0.061,True
2026-05-29_BDL,2026-05-29,BDL,1204.6,0.518,Bullish,[],validated,1204.0,-0.0005,False
2026-05-29_BEL,2026-05-29,BEL,410.75,0.397,Bearish,[],validated,407.2,-0.0086,True
2026-05-29_BEML,2026-05-29,BEML,1720.12,0.4801,Bearish,[],validated,1717.82,-0.0013,True
2026-05-29_COCHINSHIP,2026-05-29,COCHINSHIP,1467.4,0.4016,Bearish,[],validated,1429.4,-0.0259,True
2026-05-29_DATAPATTNS,2026-05-29,DATAPATTNS,4043.1,0.3616,Bearish,[],validated,3839.9,-0.0503,True
2026-05-29_DYNAMATECH,2026-05-29,DYNAMATECH,11122.0,0.4754,Bearish,[],validated,10454.0,-0.0601,True
2026-05-29_GRSE,2026-05-29,GRSE,2654.8,0.3387,Bearish,[],validated,2601.6,-0.02,True
2026-05-29_HAL,2026-05-29,HAL,4303.8,0.4203,Bearish,[],validated,4254.1,-0.0115,True
2026-05-29_HBLENGINE,2026-05-29,HBLENGINE,822.6,0.3719,Bearish,[],validated,798.15,-0.0297,True
2026-05-29_IDEAFORGE,2026-05-29,IDEAFORGE,845.0,0.3167,Bearish,[],validated,805.6,-0.0466,True
2026-05-29_MAZDOCK,2026-05-29,MAZDOCK,2456.5,0.328,Bearish,[],validated,2423.1,-0.0136,True
2026-05-29_MTARTECH,2026-05-29,MTARTECH,7879.5,0.5245,Bullish,[],validated,7069.5,-0.1028,False
2026-05-29_PARAS,2026-05-29,PARAS,819.35,0.3944,Bearish,[],validated,814.5,-0.0059,True
2026-05-29_SOLARINDS,2026-05-29,SOLARINDS,18247.0,0.5348,Bullish,[],validated,18203.0,-0.0024,False
2026-05-29_ZENTEC,2026-05-29,ZENTEC,1664.7,0.4113,Bearish,[],validated,1618.8,-0.0276,True
2026-06-01_ASTRAMICRO,2026-06-01,ASTRAMICRO,1316.2,0.6145,Bullish,[],validated,1323.8,0.0058,True
2026-06-01_BDL,2026-06-01,BDL,1204.0,0.4414,Bearish,[],validated,1206.1,0.0017,False
2026-06-01_BEL,2026-06-01,BEL,407.2,0.4333,Bearish,[],validated,407.85,0.0016,False
2026-06-01_BEML,2026-06-01,BEML,1717.82,0.4647,Bearish,[],validated,1727.01,0.0053,False
2026-06-01_COCHINSHIP,2026-06-01,COCHINSHIP,1429.4,0.49,Bearish,[],validated,1467.7,0.0268,False
2026-06-01_DATAPATTNS,2026-06-01,DATAPATTNS,3839.9,0.4242,Bearish,[],validated,4025.2,0.0483,False
2026-06-01_DYNAMATECH,2026-06-01,DYNAMATECH,10454.0,0.5198,Bullish,[],validated,10321.0,-0.0127,False
2026-06-01_GRSE,2026-06-01,GRSE,2601.6,0.3975,Bearish,[],validated,2614.9,0.0051,False
2026-06-01_HAL,2026-06-01,HAL,4254.1,0.4136,Bearish,[],validated,4278.5,0.0057,False
2026-06-01_HBLENGINE,2026-06-01,HBLENGINE,798.15,0.3814,Bearish,[],validated,802.7,0.0057,False
2026-06-01_IDEAFORGE,2026-06-01,IDEAFORGE,805.6,0.4243,Bearish,[],validated,828.9,0.0289,False
2026-06-01_MAZDOCK,2026-06-01,MAZDOCK,2423.1,0.4036,Bearish,[],validated,2444.9,0.009,False
2026-06-01_MTARTECH,2026-06-01,MTARTECH,7069.5,0.5099,Bullish,[],validated,7216.0,0.0207,True
2026-06-01_PARAS,2026-06-01,PARAS,814.5,0.4389,Bearish,[],validated,853.7,0.0481,False
2026-06-01_SOLARINDS,2026-06-01,SOLARINDS,18203.0,0.4533,Bearish,[],validated,18386.0,0.0101,False
2026-06-01_ZENTEC,2026-06-01,ZENTEC,1618.8,0.3967,Bearish,[],validated,1672.4,0.0331,False
2026-06-02_ASTRAMICRO,2026-06-02,ASTRAMICRO,1323.8,0.6121,Bullish,[],validated,1323.7,-0.0001,False
2026-06-02_BDL,2026-06-02,BDL,1206.1,0.4712,Bearish,[],validated,1227.0,0.0173,False
2026-06-02_BEL,2026-06-02,BEL,407.85,0.5252,Bullish,[],validated,406.6,-0.0031,False
2026-06-02_BEML,2026-06-02,BEML,1727.01,0.509,Bullish,[],validated,1754.97,0.0162,True
2026-06-02_COCHINSHIP,2026-06-02,COCHINSHIP,1467.7,0.5382,Bullish,[],validated,1455.7,-0.0082,False
2026-06-02_DATAPATTNS,2026-06-02,DATAPATTNS,4025.2,0.5686,Bullish,[],validated,3990.4,-0.0086,False
2026-06-02_DYNAMATECH,2026-06-02,DYNAMATECH,10321.0,0.5301,Bullish,[],validated,10472.0,0.0146,True
2026-06-02_GRSE,2026-06-02,GRSE,2614.9,0.5197,Bullish,[],validated,2608.2,-0.0026,False
2026-06-02_HAL,2026-06-02,HAL,4278.5,0.5175,Bullish,[],validated,4264.1,-0.0034,False
2026-06-02_HBLENGINE,2026-06-02,HBLENGINE,802.7,0.5042,Bullish,[],validated,786.25,-0.0205,False
2026-06-02_IDEAFORGE,2026-06-02,IDEAFORGE,828.9,0.5371,Bullish,[],validated,857.15,0.0341,True
2026-06-02_MAZDOCK,2026-06-02,MAZDOCK,2444.9,0.5361,Bullish,[],validated,2441.8,-0.0013,False
2026-06-02_MTARTECH,2026-06-02,MTARTECH,7216.0,0.6463,Bullish,[],validated,7468.0,0.0349,True
2026-06-02_PARAS,2026-06-02,PARAS,853.7,0.5174,Bullish,[],validated,839.35,-0.0168,False
2026-06-02_SOLARINDS,2026-06-02,SOLARINDS,18386.0,0.5114,Bullish,[],validated,18577.0,0.0104,True
2026-06-02_ZENTEC,2026-06-02,ZENTEC,1672.4,0.5212,Bullish,[],validated,1688.1,0.0094,True
2026-06-03_ASTRAMICRO,2026-06-03,ASTRAMICRO,1323.7,0.4926,Bearish,[],validated,1377.7,0.0408,False
2026-06-03_BDL,2026-06-03,BDL,1227.0,0.4832,Bearish,[],validated,1212.8,-0.0116,True
2026-06-03_BEL,2026-06-03,BEL,406.6,0.4259,Bearish,[],validated,409.9,0.0081,False
2026-06-03_BEML,2026-06-03,BEML,1754.97,0.5108,Bullish,[],validated,1734.8,-0.0115,False
2026-06-03_COCHINSHIP,2026-06-03,COCHINSHIP,1455.7,0.5083,Bullish,[],validated,1472.4,0.0115,True
2026-06-03_DATAPATTNS,2026-06-03,DATAPATTNS,3990.4,0.4441,Bearish,[],validated,4192.4,0.0506,False
2026-06-03_DYNAMATECH,2026-06-03,DYNAMATECH,10472.0,0.4986,Bearish,[],validated,10450.0,-0.0021,True
2026-06-03_GRSE,2026-06-03,GRSE,2608.2,0.4258,Bearish,[],validated,2676.5,0.0262,False
2026-06-03_HAL,2026-06-03,HAL,4264.1,0.4326,Bearish,[],validated,4191.0,-0.0171,True
2026-06-03_HBLENGINE,2026-06-03,HBLENGINE,786.25,0.4729,Bearish,[],validated,796.65,0.0132,False
2026-06-03_IDEAFORGE,2026-06-03,IDEAFORGE,857.15,0.4141,Bearish,[],validated,900.0,0.05,False
2026-06-03_MAZDOCK,2026-06-03,MAZDOCK,2441.8,0.4708,Bearish,[],validated,2445.2,0.0014,False
2026-06-03_MTARTECH,2026-06-03,MTARTECH,7468.0,0.5926,Bullish,[],validated,7755.5,0.0385,True
2026-06-03_PARAS,2026-06-03,PARAS,839.35,0.4741,Bearish,[],validated,893.8,0.0649,False
2026-06-03_SOLARINDS,2026-06-03,SOLARINDS,18577.0,0.5006,Bullish,[],validated,18293.0,-0.0153,False
2026-06-03_ZENTEC,2026-06-03,ZENTEC,1688.1,0.4142,Bearish,[],validated,1809.8,0.0721,False
2026-06-04_ASTRAMICRO,2026-06-04,ASTRAMICRO,1377.7,0.6388,Bullish,[],validated,1419.5,0.0303,True
2026-06-04_BDL,2026-06-04,BDL,1212.8,0.5697,Bullish,[],validated,1207.4,-0.0045,False
2026-06-04_BEL,2026-06-04,BEL,409.9,0.588,Bullish,[],validated,408.2,-0.0041,False
2026-06-04_BEML,2026-06-04,BEML,1734.8,0.5951,Bullish,[],validated,1742.8,0.0046,True
2026-06-04_COCHINSHIP,2026-06-04,COCHINSHIP,1472.4,0.6401,Bullish,[],validated,1439.1,-0.0226,False
2026-06-04_DATAPATTNS,2026-06-04,DATAPATTNS,4192.4,0.6262,Bullish,[],validated,4212.6,0.0048,True
2026-06-04_DYNAMATECH,2026-06-04,DYNAMATECH,10450.0,0.6185,Bullish,[],validated,10544.0,0.009,True
2026-06-04_GRSE,2026-06-04,GRSE,2676.5,0.6092,Bullish,[],validated,2658.7,-0.0067,False
2026-06-04_HAL,2026-06-04,HAL,4191.0,0.6016,Bullish,[],validated,4216.9,0.0062,True
2026-06-04_HBLENGINE,2026-06-04,HBLENGINE,796.65,0.5864,Bullish,[],validated,794.95,-0.0021,False
2026-06-04_IDEAFORGE,2026-06-04,IDEAFORGE,900.0,0.6746,Bullish,[],validated,945.0,0.05,True
2026-06-04_MAZDOCK,2026-06-04,MAZDOCK,2445.2,0.5813,Bullish,[],validated,2423.1,-0.009,False
2026-06-04_MTARTECH,2026-06-04,MTARTECH,7755.5,0.6921,Bullish,[],validated,7535.5,-0.0284,False
2026-06-04_PARAS,2026-06-04,PARAS,893.8,0.5889,Bullish,[],validated,960.15,0.0742,True
2026-06-04_SOLARINDS,2026-06-04,SOLARINDS,18293.0,0.6362,Bullish,[],validated,18441.0,0.0081,True
2026-06-04_ZENTEC,2026-06-04,ZENTEC,1809.8,0.5469,Bullish,[],validated,1815.3,0.003,True
2026-06-05_ASTRAMICRO,2026-06-05,ASTRAMICRO,1419.5,0.5768,Bullish,[],validated,1412.2,-0.0051,False
2026-06-05_BDL,2026-06-05,BDL,1207.4,0.4184,Bearish,[],validated,1187.0,-0.0169,True
2026-06-05_BEL,2026-06-05,BEL,408.2,0.4188,Bearish,[],validated,412.95,0.0116,False
2026-06-05_BEML,2026-06-05,BEML,1742.8,0.4482,Bearish,[],validated,1741.4,-0.0008,True
2026-06-05_COCHINSHIP,2026-06-05,COCHINSHIP,1439.1,0.4623,Bearish,[],validated,1407.1,-0.0222,True
2026-06-05_DATAPATTNS,2026-06-05,DATAPATTNS,4212.6,0.4252,Bearish,[],validated,4141.3,-0.0169,True
2026-06-05_DYNAMATECH,2026-06-05,DYNAMATECH,10544.0,0.5058,Bullish,[],validated,10174.0,-0.0351,False
2026-06-05_GRSE,2026-06-05,GRSE,2658.7,0.4533,Bearish,[],validated,2611.0,-0.0179,True
2026-06-05_HAL,2026-06-05,HAL,4216.9,0.3308,Bearish,[],validated,4238.0,0.005,False
2026-06-05_HBLENGINE,2026-06-05,HBLENGINE,794.95,0.4363,Bearish,[],validated,766.5,-0.0358,True
2026-06-05_MAZDOCK,2026-06-05,MAZDOCK,2423.1,0.4851,Bearish,[],validated,2389.0,-0.0141,True
2026-06-05_MTARTECH,2026-06-05,MTARTECH,7535.5,0.5361,Bullish,[],validated,7052.0,-0.0642,False
2026-06-05_PARAS,2026-06-05,PARAS,960.15,0.5139,Bullish,[],validated,964.75,0.0048,True
2026-06-05_SOLARINDS,2026-06-05,SOLARINDS,18441.0,0.4797,Bearish,[],validated,18114.0,-0.0177,True
2026-06-05_ZENTEC,2026-06-05,ZENTEC,1815.3,0.3955,Bearish,[],validated,1753.1,-0.0343,True
2026-06-08_ASTRAMICRO,2026-06-08,ASTRAMICRO,1412.2,0.5411,Bullish,[],validated,1457.7,0.0322,True
2026-06-08_BDL,2026-06-08,BDL,1187.0,0.4572,Bearish,[],validated,1202.8,0.0133,False
2026-06-08_BEL,2026-06-08,BEL,412.95,0.4327,Bearish,[],validated,412.05,-0.0022,True
2026-06-08_BEML,2026-06-08,BEML,1741.4,0.4411,Bearish,[],validated,1764.2,0.0131,False
2026-06-08_COCHINSHIP,2026-06-08,COCHINSHIP,1407.1,0.4053,Bearish,[],validated,1441.2,0.0242,False
2026-06-08_DATAPATTNS,2026-06-08,DATAPATTNS,4141.3,0.4562,Bearish,[],validated,4558.5,0.1007,False
2026-06-08_DYNAMATECH,2026-06-08,DYNAMATECH,10174.0,0.4355,Bearish,[],validated,10138.0,-0.0035,True
2026-06-08_GRSE,2026-06-08,GRSE,2611.0,0.4836,Bearish,[],validated,2672.6,0.0236,False
2026-06-08_HAL,2026-06-08,HAL,4238.0,0.409,Bearish,[],validated,4263.8,0.0061,False
2026-06-08_HBLENGINE,2026-06-08,HBLENGINE,766.5,0.4284,Bearish,[],validated,781.4,0.0194,False
2026-06-08_IDEAFORGE,2026-06-08,IDEAFORGE,938.75,0.4731,Bearish,[],validated,964.9,0.0279,False
2026-06-08_MAZDOCK,2026-06-08,MAZDOCK,2389.0,0.4171,Bearish,[],validated,2435.3,0.0194,False
2026-06-08_MTARTECH,2026-06-08,MTARTECH,7052.0,0.4771,Bearish,[],validated,7458.0,0.0576,False
2026-06-08_PARAS,2026-06-08,PARAS,964.75,0.4888,Bearish,[],validated,1039.15,0.0771,False
2026-06-08_SOLARINDS,2026-06-08,SOLARINDS,18114.0,0.511,Bullish,[],validated,18267.0,0.0084,True
2026-06-08_ZENTEC,2026-06-08,ZENTEC,1753.1,0.3887,Bearish,[],validated,1782.5,0.0168,False
2026-06-09_ASTRAMICRO,2026-06-09,ASTRAMICRO,1457.7,0.5363,Bullish,[],validated,1424.4,-0.0228,False
2026-06-09_BDL,2026-06-09,BDL,1202.8,0.4611,Bearish,[],validated,1183.8,-0.0158,True
2026-06-09_BEL,2026-06-09,BEL,412.05,0.4497,Bearish,[],validated,408.35,-0.009,True
2026-06-09_BEML,2026-06-09,BEML,1764.2,0.4797,Bearish,[],validated,1770.6,0.0036,False
2026-06-09_COCHINSHIP,2026-06-09,COCHINSHIP,1441.2,0.4989,Bearish,[],validated,1404.2,-0.0257,True
2026-06-09_DATAPATTNS,2026-06-09,DATAPATTNS,4558.5,0.5199,Bullish,[],validated,4353.8,-0.0449,False
2026-06-09_DYNAMATECH,2026-06-09,DYNAMATECH,10138.0,0.4587,Bearish,[],validated,9943.0,-0.0192,True
2026-06-09_GRSE,2026-06-09,GRSE,2672.6,0.4873,Bearish,[],validated,2604.0,-0.0257,True
2026-06-09_HAL,2026-06-09,HAL,4263.8,0.4809,Bearish,[],validated,4219.2,-0.0105,True
2026-06-09_HBLENGINE,2026-06-09,HBLENGINE,781.4,0.4694,Bearish,[],validated,753.95,-0.0351,True
2026-06-09_IDEAFORGE,2026-06-09,IDEAFORGE,964.9,0.6184,Bullish,[],validated,916.7,-0.05,False
2026-06-09_MAZDOCK,2026-06-09,MAZDOCK,2435.3,0.4875,Bearish,[],validated,2367.6,-0.0278,True
2026-06-09_MTARTECH,2026-06-09,MTARTECH,7458.0,0.5436,Bullish,[],validated,7106.5,-0.0471,False
2026-06-09_PARAS,2026-06-09,PARAS,1039.15,0.6015,Bullish,[],validated,1040.5,0.0013,True
2026-06-09_SOLARINDS,2026-06-09,SOLARINDS,18267.0,0.4757,Bearish,[],validated,17697.0,-0.0312,True
2026-06-09_ZENTEC,2026-06-09,ZENTEC,1782.5,0.4801,Bearish,[],validated,1761.8,-0.0116,True
2026-06-10_ASTRAMICRO,2026-06-10,ASTRAMICRO,1424.4,0.4572,Bearish,[],validated,1396.3,-0.0197,True
2026-06-10_BDL,2026-06-10,BDL,1183.8,0.4078,Bearish,[],validated,1160.3,-0.0199,True
2026-06-10_BEL,2026-06-10,BEL,408.35,0.3689,Bearish,[],validated,402.3,-0.0148,True
2026-06-10_BEML,2026-06-10,BEML,1770.6,0.3737,Bearish,[],validated,1727.4,-0.0244,True
2026-06-10_COCHINSHIP,2026-06-10,COCHINSHIP,1404.2,0.3943,Bearish,[],validated,1387.8,-0.0117,True
2026-06-10_DATAPATTNS,2026-06-10,DATAPATTNS,4353.8,0.3748,Bearish,[],validated,4205.0,-0.0342,True
2026-06-10_DYNAMATECH,2026-06-10,DYNAMATECH,9943.0,0.4392,Bearish,[],validated,9882.0,-0.0061,True
2026-06-10_GRSE,2026-06-10,GRSE,2604.0,0.4301,Bearish,[],validated,2536.1,-0.0261,True
2026-06-10_HAL,2026-06-10,HAL,4219.2,0.3317,Bearish,[],validated,4172.3,-0.0111,True
2026-06-10_HBLENGINE,2026-06-10,HBLENGINE,753.95,0.3868,Bearish,[],validated,746.0,-0.0105,True
2026-06-10_IDEAFORGE,2026-06-10,IDEAFORGE,916.7,0.449,Bearish,[],validated,870.9,-0.05,True
2026-06-10_MAZDOCK,2026-06-10,MAZDOCK,2367.6,0.5322,Bullish,[],validated,2347.5,-0.0085,False
2026-06-10_MTARTECH,2026-06-10,MTARTECH,7106.5,0.4127,Bearish,[],validated,6306.0,-0.1126,True
2026-06-10_PARAS,2026-06-10,PARAS,1040.5,0.5118,Bullish,[],validated,989.1,-0.0494,False
2026-06-10_SOLARINDS,2026-06-10,SOLARINDS,17697.0,0.4495,Bearish,[],validated,17141.0,-0.0314,True
2026-06-10_ZENTEC,2026-06-10,ZENTEC,1761.8,0.3723,Bearish,[],validated,1715.1,-0.0265,True
2026-06-11_ASTRAMICRO,2026-06-11,ASTRAMICRO,1396.3,0.4843,Bearish,[],validated,1443.8,0.034,False
2026-06-11_BDL,2026-06-11,BDL,1160.3,0.4922,Bearish,[],validated,1200.2,0.0344,False
2026-06-11_BEL,2026-06-11,BEL,402.3,0.427,Bearish,[],validated,406.5,0.0104,False
2026-06-11_BEML,2026-06-11,BEML,1727.4,0.4731,Bearish,[],validated,1775.7,0.028,False
2026-06-11_COCHINSHIP,2026-06-11,COCHINSHIP,1387.8,0.5195,Bullish,[],validated,1424.3,0.0263,True
2026-06-11_DATAPATTNS,2026-06-11,DATAPATTNS,4205.0,0.469,Bearish,[],validated,4545.7,0.081,False
2026-06-11_DYNAMATECH,2026-06-11,DYNAMATECH,9882.0,0.501,Bullish,[],validated,10171.0,0.0292,True
2026-06-11_GRSE,2026-06-11,GRSE,2536.1,0.6312,Bullish,[],validated,2648.7,0.0444,True
2026-06-11_HAL,2026-06-11,HAL,4172.3,0.4227,Bearish,[],validated,4192.3,0.0048,False
2026-06-11_HBLENGINE,2026-06-11,HBLENGINE,746.0,0.4984,Bearish,[],validated,774.3,0.0379,False
2026-06-11_IDEAFORGE,2026-06-11,IDEAFORGE,870.9,0.4872,Bearish,[],validated,869.1,-0.0021,True
2026-06-11_MAZDOCK,2026-06-11,MAZDOCK,2347.5,0.6857,Bullish,[],validated,2410.1,0.0267,True
2026-06-11_MTARTECH,2026-06-11,MTARTECH,6306.0,0.651,Bullish,[],validated,7159.5,0.1353,True
2026-06-11_PARAS,2026-06-11,PARAS,989.1,0.4848,Bearish,[],validated,1097.15,0.1092,False
2026-06-11_SOLARINDS,2026-06-11,SOLARINDS,17141.0,0.5901,Bullish,[],validated,17143.0,0.0001,True
2026-06-11_ZENTEC,2026-06-11,ZENTEC,1715.1,0.4781,Bearish,[],validated,1793.8,0.0459,False
2026-06-12_ASTRAMICRO,2026-06-12,ASTRAMICRO,1443.8,0.6853,Bullish,[],validated,1458.0,0.0098,True
2026-06-12_BDL,2026-06-12,BDL,1200.2,0.6672,Bullish,[],validated,1209.7,0.0079,True
2026-06-12_BEL,2026-06-12,BEL,406.5,0.6453,Bullish,[],validated,409.55,0.0075,True
2026-06-12_BEML,2026-06-12,BEML,1775.7,0.6595,Bullish,[],validated,1778.8,0.0017,True
2026-06-12_COCHINSHIP,2026-06-12,COCHINSHIP,1424.3,0.6767,Bullish,[],validated,1411.8,-0.0088,False
2026-06-12_DATAPATTNS,2026-06-12,DATAPATTNS,4545.7,0.628,Bullish,[],validated,4425.5,-0.0264,False
2026-06-12_DYNAMATECH,2026-06-12,DYNAMATECH,10171.0,0.6964,Bullish,[],validated,10602.0,0.0424,True
2026-06-12_GRSE,2026-06-12,GRSE,2648.7,0.6877,Bullish,[],validated,2669.2,0.0077,True
2026-06-12_HAL,2026-06-12,HAL,4192.3,0.5418,Bullish,[],validated,4284.7,0.022,True
2026-06-12_HBLENGINE,2026-06-12,HBLENGINE,774.3,0.7161,Bullish,[],validated,793.1,0.0243,True
2026-06-12_IDEAFORGE,2026-06-12,IDEAFORGE,869.1,0.6584,Bullish,[],validated,864.85,-0.0049,False
2026-06-12_MAZDOCK,2026-06-12,MAZDOCK,2410.1,0.7065,Bullish,[],validated,2440.4,0.0126,True
2026-06-12_MTARTECH,2026-06-12,MTARTECH,7159.5,0.6471,Bullish,[],validated,7344.0,0.0258,True
2026-06-12_PARAS,2026-06-12,PARAS,1097.15,0.6502,Bullish,[],validated,1108.15,0.01,True
2026-06-12_SOLARINDS,2026-06-12,SOLARINDS,17143.0,0.6672,Bullish,[],validated,17277.0,0.0078,True
2026-06-12_ZENTEC,2026-06-12,ZENTEC,1793.8,0.6692,Bullish,[],validated,1789.1,-0.0026,False
2026-06-15_ASTRAMICRO,2026-06-15,ASTRAMICRO,1458.0,0.4899,Bearish,[],validated,1480.1,0.0152,False
2026-06-15_BDL,2026-06-15,BDL,1209.7,0.4015,Bearish,[],validated,1236.7,0.0223,False
2026-06-15_BEL,2026-06-15,BEL,409.55,0.4924,Bearish,[],validated,407.55,-0.0049,True
2026-06-15_BEML,2026-06-15,BEML,1778.8,0.4207,Bearish,[],validated,1781.7,0.0016,False
2026-06-15_COCHINSHIP,2026-06-15,COCHINSHIP,1411.8,0.4793,Bearish,[],validated,1431.6,0.014,False
2026-06-15_DATAPATTNS,2026-06-15,DATAPATTNS,4425.5,0.5092,Bullish,[],validated,4477.3,0.0117,True
2026-06-15_DYNAMATECH,2026-06-15,DYNAMATECH,10602.0,0.4997,Bearish,[],validated,10443.0,-0.015,True
2026-06-15_GRSE,2026-06-15,GRSE,2669.2,0.4468,Bearish,[],validated,2663.2,-0.0022,True
2026-06-15_HAL,2026-06-15,HAL,4284.7,0.502,Bullish,[],validated,4255.8,-0.0067,False
2026-06-15_HBLENGINE,2026-06-15,HBLENGINE,793.1,0.4161,Bearish,[],validated,799.65,0.0083,False
2026-06-15_IDEAFORGE,2026-06-15,IDEAFORGE,864.85,0.5288,Bullish,[],validated,908.05,0.05,True
2026-06-15_MAZDOCK,2026-06-15,MAZDOCK,2440.4,0.3878,Bearish,[],validated,2467.4,0.0111,False
2026-06-15_MTARTECH,2026-06-15,MTARTECH,7344.0,0.4809,Bearish,[],validated,7698.5,0.0483,False
2026-06-15_PARAS,2026-06-15,PARAS,1108.15,0.5987,Bullish,[],validated,1089.35,-0.017,False
2026-06-15_SOLARINDS,2026-06-15,SOLARINDS,17277.0,0.4896,Bearish,[],validated,16899.0,-0.0219,True
2026-06-15_ZENTEC,2026-06-15,ZENTEC,1789.1,0.4312,Bearish,[],validated,1854.7,0.0367,False
2026-06-16_ASTRAMICRO,2026-06-16,ASTRAMICRO,1480.1,0.5134,Bullish,[],validated,1574.4,0.0637,True
2026-06-16_BDL,2026-06-16,BDL,1236.7,0.4676,Bearish,[],validated,1309.8,0.0591,False
2026-06-16_BEL,2026-06-16,BEL,407.55,0.3731,Bearish,[],validated,419.85,0.0302,False
2026-06-16_BEML,2026-06-16,BEML,1781.7,0.4684,Bearish,[],validated,1808.3,0.0149,False
2026-06-16_COCHINSHIP,2026-06-16,COCHINSHIP,1431.6,0.4787,Bearish,[],validated,1500.2,0.0479,False
2026-06-16_DATAPATTNS,2026-06-16,DATAPATTNS,4477.3,0.5093,Bullish,[],validated,4769.6,0.0653,True
2026-06-16_DYNAMATECH,2026-06-16,DYNAMATECH,10443.0,0.4916,Bearish,[],validated,10717.0,0.0262,False
2026-06-16_GRSE,2026-06-16,GRSE,2663.2,0.5052,Bullish,[],validated,2818.4,0.0583,True
2026-06-16_HAL,2026-06-16,HAL,4255.8,0.4479,Bearish,[],validated,4460.5,0.0481,False
2026-06-16_HBLENGINE,2026-06-16,HBLENGINE,799.65,0.4609,Bearish,[],validated,795.95,-0.0046,True
2026-06-16_IDEAFORGE,2026-06-16,IDEAFORGE,908.05,0.5659,Bullish,[],validated,929.1,0.0232,True
2026-06-16_MAZDOCK,2026-06-16,MAZDOCK,2467.4,0.4527,Bearish,[],validated,2552.4,0.0344,False
2026-06-16_MTARTECH,2026-06-16,MTARTECH,7698.5,0.4978,Bearish,[],validated,8319.0,0.0806,False
2026-06-16_PARAS,2026-06-16,PARAS,1089.35,0.5467,Bullish,[],validated,1285.65,0.1802,True
2026-06-16_SOLARINDS,2026-06-16,SOLARINDS,16899.0,0.5189,Bullish,[],validated,17457.0,0.033,True
2026-06-16_ZENTEC,2026-06-16,ZENTEC,1854.7,0.4977,Bearish,[],validated,1887.4,0.0176,False
2026-06-17_ASTRAMICRO,2026-06-17,ASTRAMICRO,1574.4,0.6994,Bullish,[],validated,1670.0,0.0607,True
2026-06-17_BDL,2026-06-17,BDL,1309.8,0.605,Bullish,[],validated,1311.8,0.0015,True
2026-06-17_BEL,2026-06-17,BEL,419.85,0.6796,Bullish,[],validated,428.6,0.0208,True
2026-06-17_BEML,2026-06-17,BEML,1808.3,0.7289,Bullish,[],validated,1773.4,-0.0193,False
2026-06-17_COCHINSHIP,2026-06-17,COCHINSHIP,1500.2,0.6347,Bullish,[],validated,1469.6,-0.0204,False
2026-06-17_DATAPATTNS,2026-06-17,DATAPATTNS,4769.6,0.6385,Bullish,[],validated,4802.1,0.0068,True
2026-06-17_DYNAMATECH,2026-06-17,DYNAMATECH,10717.0,0.6859,Bullish,[],validated,10888.0,0.016,True
2026-06-17_GRSE,2026-06-17,GRSE,2818.4,0.6181,Bullish,[],validated,2825.3,0.0024,True
2026-06-17_HAL,2026-06-17,HAL,4460.5,0.7197,Bullish,[],validated,4411.5,-0.011,False
2026-06-17_HBLENGINE,2026-06-17,HBLENGINE,795.95,0.6798,Bullish,[],validated,804.4,0.0106,True
2026-06-17_IDEAFORGE,2026-06-17,IDEAFORGE,929.1,0.8036,Bullish,[],validated,919.75,-0.0101,False
2026-06-17_MAZDOCK,2026-06-17,MAZDOCK,2552.4,0.6635,Bullish,[],validated,2533.9,-0.0072,False
2026-06-17_MTARTECH,2026-06-17,MTARTECH,8319.0,0.6187,Bullish,[],validated,8305.5,-0.0016,False
2026-06-17_PARAS,2026-06-17,PARAS,1285.65,0.657,Bullish,[],validated,1310.3,0.0192,True
2026-06-17_SOLARINDS,2026-06-17,SOLARINDS,17457.0,0.7422,Bullish,[],validated,17764.0,0.0176,True
2026-06-17_ZENTEC,2026-06-17,ZENTEC,1887.4,0.6979,Bullish,[],validated,1929.4,0.0223,True
2026-06-18_ASTRAMICRO,2026-06-18,ASTRAMICRO,1670.0,0.6834,Bullish,[],validated,1684.1,0.0084,True
2026-06-18_BDL,2026-06-18,BDL,1311.8,0.608,Bullish,[],validated,1373.4,0.047,True
2026-06-18_BEL,2026-06-18,BEL,428.6,0.5985,Bullish,[],validated,426.9,-0.004,False
2026-06-18_BEML,2026-06-18,BEML,1773.4,0.5877,Bullish,[],validated,1749.3,-0.0136,False
2026-06-18_COCHINSHIP,2026-06-18,COCHINSHIP,1469.6,0.5939,Bullish,[],validated,1458.0,-0.0079,False
2026-06-18_DATAPATTNS,2026-06-18,DATAPATTNS,4802.1,0.6117,Bullish,[],validated,4822.1,0.0042,True
2026-06-18_DYNAMATECH,2026-06-18,DYNAMATECH,10888.0,0.5768,Bullish,[],validated,10923.0,0.0032,True
2026-06-18_GRSE,2026-06-18,GRSE,2825.3,0.5942,Bullish,[],validated,2798.3,-0.0096,False
2026-06-18_HAL,2026-06-18,HAL,4411.5,0.6603,Bullish,[],validated,4408.1,-0.0008,False
2026-06-18_HBLENGINE,2026-06-18,HBLENGINE,804.4,0.5646,Bullish,[],validated,815.5,0.0138,True
2026-06-18_IDEAFORGE,2026-06-18,IDEAFORGE,919.75,0.6313,Bullish,[],validated,931.45,0.0127,True
2026-06-18_MAZDOCK,2026-06-18,MAZDOCK,2533.9,0.6443,Bullish,[],validated,2518.7,-0.006,False
2026-06-18_MTARTECH,2026-06-18,MTARTECH,8305.5,0.5527,Bullish,[],validated,8374.5,0.0083,True
2026-06-18_PARAS,2026-06-18,PARAS,1310.3,0.5395,Bullish,[],validated,1408.65,0.0751,True
2026-06-18_SOLARINDS,2026-06-18,SOLARINDS,17764.0,0.5788,Bullish,[],validated,18052.0,0.0162,True
2026-06-18_ZENTEC,2026-06-18,ZENTEC,1929.4,0.5536,Bullish,[],validated,1997.0,0.035,True
2026-06-19_ASTRAMICRO,2026-06-19,ASTRAMICRO,1684.1,0.492,Bearish,[],validated,1675.4,-0.0052,True
2026-06-19_BDL,2026-06-19,BDL,1373.4,0.4897,Bearish,[],validated,1406.7,0.0242,False
2026-06-19_BEL,2026-06-19,BEL,426.9,0.4611,Bearish,[],validated,431.5,0.0108,False
2026-06-19_BEML,2026-06-19,BEML,1749.3,0.4546,Bearish,[],validated,1762.9,0.0078,False
2026-06-19_COCHINSHIP,2026-06-19,COCHINSHIP,1458.0,0.4492,Bearish,[],validated,1476.4,0.0126,False
2026-06-19_DATAPATTNS,2026-06-19,DATAPATTNS,4822.1,0.5162,Bullish,[],validated,4866.2,0.0091,True
2026-06-19_DYNAMATECH,2026-06-19,DYNAMATECH,10923.0,0.4917,Bearish,[],validated,10988.0,0.006,False
2026-06-19_GRSE,2026-06-19,GRSE,2798.3,0.4981,Bearish,[],validated,2860.6,0.0223,False
2026-06-19_HAL,2026-06-19,HAL,4408.1,0.4297,Bearish,[],validated,4515.2,0.0243,False
2026-06-19_HBLENGINE,2026-06-19,HBLENGINE,815.5,0.4809,Bearish,[],validated,817.65,0.0026,False
2026-06-19_IDEAFORGE,2026-06-19,IDEAFORGE,931.45,0.4814,Bearish,[],validated,891.05,-0.0434,True
2026-06-19_MAZDOCK,2026-06-19,MAZDOCK,2518.7,0.4912,Bearish,[],validated,2541.7,0.0091,False
2026-06-19_MTARTECH,2026-06-19,MTARTECH,8374.5,0.5265,Bullish,[],validated,8294.5,-0.0096,False
2026-06-19_PARAS,2026-06-19,PARAS,1408.65,0.5498,Bullish,[],validated,1378.85,-0.0212,False
2026-06-19_SOLARINDS,2026-06-19,SOLARINDS,18052.0,0.5282,Bullish,[],validated,18441.0,0.0215,True
2026-06-19_ZENTEC,2026-06-19,ZENTEC,1997.0,0.4674,Bearish,[],validated,1962.1,-0.0175,True
2026-06-22_ASTRAMICRO,2026-06-22,ASTRAMICRO,1675.4,0.5812,Bullish,"[{""label"": ""sector 1-week"", ""feature"": ""sector_ret_5d"", ""direction"": ""+"", ""impact"": 0.15689952671527863}, {""label"": ""1-day momentum"", ""feature"": ""ret_1d"", ""direction"": ""+"", ""impact"": 0.09358002245426178}, {""label"": ""above 20-day low"", ""feature"": ""dist_low_20"", ""direction"": ""+"", ""impact"": 0.07535520195960999}, {""label"": ""RSI (14)"", ""feature"": ""rsi_14"", ""direction"": ""-"", ""impact"": -0.06677117198705673}]",validated,1680.0,0.0027,True
2026-06-22_MTARTECH,2026-06-22,MTARTECH,8294.5,0.5746,Bullish,"[{""label"": ""sector 1-week"", ""feature"": ""sector_ret_5d"", ""direction"": ""+"", ""impact"": 0.15656602382659912}, {""label"": ""1-day momentum"", ""feature"": ""ret_1d"", ""direction"": ""+"", ""impact"": 0.11072687059640884}, {""label"": ""above 20-day low"", ""feature"": ""dist_low_20"", ""direction"": ""+"", ""impact"": 0.08945455402135849}, {""label"": ""below 20-day high"", ""feature"": ""dist_high_20"", ""direction"": ""+"", ""impact"": 0.07675258815288544}]",validated,8308.0,0.0016,True
2026-06-22_DATAPATTNS,2026-06-22,DATAPATTNS,4866.2,0.5631,Bullish,"[{""label"": ""sector 1-week"", ""feature"": ""sector_ret_5d"", ""direction"": ""+"", ""impact"": 0.1665639728307724}, {""label"": ""above 20-day low"", ""feature"": ""dist_low_20"", ""direction"": ""+"", ""impact"": 0.09819266945123672}, {""label"": ""1-day momentum"", ""feature"": ""ret_1d"", ""direction"": ""-"", ""impact"": -0.09522758424282074}, {""label"": ""2-week momentum"", ""feature"": ""ret_10d"", ""direction"": ""+"", ""impact"": 0.07154621183872223}]",validated,4882.7,0.0034,True
2026-06-22_ZENTEC,2026-06-22,ZENTEC,1962.1,0.5602,Bullish,"[{""label"": ""sector 1-week"", ""feature"": ""sector_ret_5d"", ""direction"": ""+"", ""impact"": 0.1652466505765915}, {""label"": ""1-day momentum"", ""feature"": ""ret_1d"", ""direction"": ""+"", ""impact"": 0.10138104856014252}, {""label"": ""above 20-day low"", ""feature"": ""dist_low_20"", ""direction"": ""+"", ""impact"": 0.09875133633613586}, {""label"": ""RSI (14)"", ""feature"": ""rsi_14"", ""direction"": ""-"", ""impact"": -0.07488708943128586}]",validated,1960.0,-0.0011,False
2026-06-22_SOLARINDS,2026-06-22,SOLARINDS,18441.0,0.5505,Bullish,"[{""label"": ""MACD momentum"", ""feature"": ""macd_hist_slope"", ""direction"": ""+"", ""impact"": 0.11267834901809692}, {""label"": ""sector 1-week"", ""feature"": ""sector_ret_5d"", ""direction"": ""+"", ""impact"": 0.08002578467130661}, {""label"": ""3-day momentum"", ""feature"": ""ret_3d"", ""direction"": ""+"", ""impact"": 0.06897442787885666}, {""label"": ""1-day momentum"", ""feature"": ""ret_1d"", ""direction"": ""-"", ""impact"": -0.065814308822155}]",validated,18443.0,0.0001,True
2026-06-22_COCHINSHIP,2026-06-22,COCHINSHIP,1476.4,0.5331,Bullish,"[{""label"": ""sector 1-week"", ""feature"": ""sector_ret_5d"", ""direction"": ""+"", ""impact"": 0.12129364907741547}, {""label"": ""close strength"", ""feature"": ""close_in_range"", ""direction"": ""+"", ""impact"": 0.07427506893873215}, {""label"": ""1-day momentum"", ""feature"": ""ret_1d"", ""direction"": ""-"", ""impact"": -0.06568014621734619}, {""label"": ""sector 1-day"", ""feature"": ""sector_ret_1d"", ""direction"": ""+"", ""impact"": 0.05654330179095268}]",validated,1476.1,-0.0002,False
2026-06-22_HAL,2026-06-22,HAL,4515.2,0.5313,Bullish,"[{""label"": ""sector 1-week"", ""feature"": ""sector_ret_5d"", ""direction"": ""+"", ""impact"": 0.1438797116279602}, {""label"": ""1-day momentum"", ""feature"": ""ret_1d"", ""direction"": ""-"", ""impact"": -0.07918373495340347}, {""label"": ""close strength"", ""feature"": ""close_in_range"", ""direction"": ""+"", ""impact"": 0.07867889106273651}, {""label"": ""sector 1-day"", ""feature"": ""sector_ret_1d"", ""direction"": ""+"", ""impact"": 0.05018645152449608}]",validated,4520.7,0.0012,True
2026-06-22_PARAS,2026-06-22,PARAS,1378.85,0.5289,Bullish,"[{""label"": ""vs 50-day avg"", ""feature"": ""dist_sma50"", ""direction"": ""-"", ""impact"": -0.16601020097732544}, {""label"": ""sector 1-week"", ""feature"": ""sector_ret_5d"", ""direction"": ""+"", ""impact"": 0.16030481457710266}, {""label"": ""2-week momentum"", ""feature"": ""ret_10d"", ""direction"": ""+"", ""impact"": 0.12094361335039139}, {""label"": ""below 20-day high"", ""feature"": ""dist_high_20"", ""direction"": ""+"", ""impact"": 0.07801558077335358}]",validated,1372.15,-0.0049,False
2026-06-22_GRSE,2026-06-22,GRSE,2860.6,0.527,Bullish,"[{""label"": ""sector 1-week"", ""feature"": ""sector_ret_5d"", ""direction"": ""+"", ""impact"": 0.18783463537693024}, {""label"": ""overnight gap"", ""feature"": ""gap_pct"", ""direction"": ""+"", ""impact"": 0.12205583602190018}, {""label"": ""close strength"", ""feature"": ""close_in_range"", ""direction"": ""-"", ""impact"": -0.08877719938755035}, {""label"": ""1-day momentum"", ""feature"": ""ret_1d"", ""direction"": ""-"", ""impact"": -0.08232585340738297}]",validated,2859.2,-0.0005,False
2026-06-22_MAZDOCK,2026-06-22,MAZDOCK,2541.7,0.5237,Bullish,"[{""label"": ""sector 1-week"", ""feature"": ""sector_ret_5d"", ""direction"": ""+"", ""impact"": 0.14379216730594635}, {""label"": ""1-day momentum"", ""feature"": ""ret_1d"", ""direction"": ""-"", ""impact"": -0.06854364275932312}, {""label"": ""close strength"", ""feature"": ""close_in_range"", ""direction"": ""+"", ""impact"": 0.06408757716417313}, {""label"": ""sector 1-day"", ""feature"": ""sector_ret_1d"", ""direction"": ""+"", ""impact"": 0.05419788137078285}]",validated,2541.3,-0.0002,False
2026-06-22_DYNAMATECH,2026-06-22,DYNAMATECH,10988.0,0.5187,Bullish,"[{""label"": ""sector 1-week"", ""feature"": ""sector_ret_5d"", ""direction"": ""+"", ""impact"": 0.12290281057357788}, {""label"": ""close strength"", ""feature"": ""close_in_range"", ""direction"": ""+"", ""impact"": 0.060777924954891205}, {""label"": ""1-day momentum"", ""feature"": ""ret_1d"", ""direction"": ""-"", ""impact"": -0.05617382749915123}, {""label"": ""sector 1-day"", ""feature"": ""sector_ret_1d"", ""direction"": ""+"", ""impact"": 0.052474647760391235}]",validated,11027.0,0.0035,True
2026-06-22_HBLENGINE,2026-06-22,HBLENGINE,817.65,0.5089,Bullish,"[{""label"": ""sector 1-week"", ""feature"": ""sector_ret_5d"", ""direction"": ""+"", ""impact"": 0.17014887928962708}, {""label"": ""sector 1-day"", ""feature"": ""sector_ret_1d"", ""direction"": ""+"", ""impact"": 0.05222775787115097}, {""label"": ""close strength"", ""feature"": ""close_in_range"", ""direction"": ""-"", ""impact"": -0.04556875675916672}, {""label"": ""RSI (7, fast)"", ""feature"": ""rsi_7"", ""direction"": ""-"", ""impact"": -0.04408944770693779}]",validated,826.4,0.0107,True
2026-06-22_BEML,2026-06-22,BEML,1762.9,0.5026,Bullish,"[{""label"": ""sector 1-week"", ""feature"": ""sector_ret_5d"", ""direction"": ""+"", ""impact"": 0.15177103877067566}, {""label"": ""1-day momentum"", ""feature"": ""ret_1d"", ""direction"": ""-"", ""impact"": -0.053440649062395096}, {""label"": ""sector 1-day"", ""feature"": ""sector_ret_1d"", ""direction"": ""+"", ""impact"": 0.0519850067794323}, {""label"": ""close strength"", ""feature"": ""close_in_range"", ""direction"": ""+"", ""impact"": 0.04372207447886467}]",validated,1771.7,0.005,True
2026-06-22_BEL,2026-06-22,BEL,431.5,0.4943,Bearish,"[{""label"": ""sector 1-week"", ""feature"": ""sector_ret_5d"", ""direction"": ""+"", ""impact"": 0.19296953082084656}, {""label"": ""close strength"", ""feature"": ""close_in_range"", ""direction"": ""+"", ""impact"": 0.066056989133358}, {""label"": ""1-day momentum"", ""feature"": ""ret_1d"", ""direction"": ""-"", ""impact"": -0.061934877187013626}, {""label"": ""sector 1-day"", ""feature"": ""sector_ret_1d"", ""direction"": ""+"", ""impact"": 0.06134778633713722}]",validated,433.05,0.0036,False
2026-06-22_IDEAFORGE,2026-06-22,IDEAFORGE,891.05,0.4788,Bearish,"[{""label"": ""sector 1-week"", ""feature"": ""sector_ret_5d"", ""direction"": ""+"", ""impact"": 0.07315177470445633}, {""label"": ""close strength"", ""feature"": ""close_in_range"", ""direction"": ""-"", ""impact"": -0.07210002839565277}, {""label"": ""1-day momentum"", ""feature"": ""ret_1d"", ""direction"": ""+"", ""impact"": 0.055892214179039}, {""label"": ""volume surge"", ""feature"": ""vol_ratio"", ""direction"": ""+"", ""impact"": 0.04271215945482254}]",validated,898.9,0.0088,False
2026-06-23_DATAPATTNS,2026-06-23,DATAPATTNS,4831.0,0.521,Bullish,"[{""label"": ""sector 1-week"", ""feature"": ""sector_ret_5d"", ""direction"": ""-"", ""impact"": -0.33754661679267883}, {""label"": ""sector 1-day"", ""feature"": ""sector_ret_1d"", ""direction"": ""-"", ""impact"": -0.14741012454032898}, {""label"": ""1-day momentum"", ""feature"": ""ret_1d"", ""direction"": ""+"", ""impact"": 0.11658589541912079}, {""label"": ""Bollinger width"", ""feature"": ""bb_width"", ""direction"": ""+"", ""impact"": 0.11565961688756943}]",validated,4620.1,-0.0437,False
2026-06-23_MTARTECH,2026-06-23,MTARTECH,8122.0,0.4389,Bearish,"[{""label"": ""sector 1-week"", ""feature"": ""sector_ret_5d"", ""direction"": ""-"", ""impact"": -0.3395674526691437}, {""label"": ""sector 1-day"", ""feature"": ""sector_ret_1d"", ""direction"": ""-"", ""impact"": -0.16019538044929504}, {""label"": ""MACD momentum"", ""feature"": ""macd_hist_slope"", ""direction"": ""+"", ""impact"": 0.1414642184972763}, {""label"": ""Bollinger width"", ""feature"": ""bb_width"", ""direction"": ""+"", ""impact"": 0.13874273002147675}]",validated,7777.0,-0.0425,True
2026-06-23_ASTRAMICRO,2026-06-23,ASTRAMICRO,1688.7,0.4246,Bearish,"[{""label"": ""sector 1-week"", ""feature"": ""sector_ret_5d"", ""direction"": ""-"", ""impact"": -0.3020826280117035}, {""label"": ""sector 1-day"", ""feature"": ""sector_ret_1d"", ""direction"": ""-"", ""impact"": -0.11038085073232651}, {""label"": ""Bollinger width"", ""feature"": ""bb_width"", ""direction"": ""+"", ""impact"": 0.10888396203517914}, {""label"": ""day of week"", ""feature"": ""dow"", ""direction"": ""+"", ""impact"": 0.08998709917068481}]",validated,1662.6,-0.0155,True
2026-06-23_PARAS,2026-06-23,PARAS,1333.0,0.4024,Bearish,"[{""label"": ""sector 1-week"", ""feature"": ""sector_ret_5d"", ""direction"": ""-"", ""impact"": -0.30651313066482544}, {""label"": ""2-week momentum"", ""feature"": ""ret_10d"", ""direction"": ""+"", ""impact"": 0.22570431232452393}, {""label"": ""vs 50-day avg"", ""feature"": ""dist_sma50"", ""direction"": ""-"", ""impact"": -0.14856675267219543}, {""label"": ""sector 1-day"", ""feature"": ""sector_ret_1d"", ""direction"": ""-"", ""impact"": -0.1397300362586975}]",validated,1288.45,-0.0334,True
2026-06-23_SOLARINDS,2026-06-23,SOLARINDS,18227.0,0.399,Bearish,"[{""label"": ""sector 1-week"", ""feature"": ""sector_ret_5d"", ""direction"": ""-"", ""impact"": -0.3988319933414459}, {""label"": ""sector 1-day"", ""feature"": ""sector_ret_1d"", ""direction"": ""-"", ""impact"": -0.16620002686977386}, {""label"": ""1-day momentum"", ""feature"": ""ret_1d"", ""direction"": ""+"", ""impact"": 0.11036131531000137}, {""label"": ""below 20-day high"", ""feature"": ""dist_high_20"", ""direction"": ""+"", ""impact"": 0.0687563568353653}]",validated,17864.0,-0.0199,True
2026-06-23_ZENTEC,2026-06-23,ZENTEC,1922.6,0.3761,Bearish,"[{""label"": ""sector 1-week"", ""feature"": ""sector_ret_5d"", ""direction"": ""-"", ""impact"": -0.36712679266929626}, {""label"": ""sector 1-day"", ""feature"": ""sector_ret_1d"", ""direction"": ""-"", ""impact"": -0.15845507383346558}, {""label"": ""close strength"", ""feature"": ""close_in_range"", ""direction"": ""-"", ""impact"": -0.10547156631946564}, {""label"": ""1-day momentum"", ""feature"": ""ret_1d"", ""direction"": ""+"", ""impact"": 0.0729268342256546}]",validated,1842.8,-0.0415,True
2026-06-23_DYNAMATECH,2026-06-23,DYNAMATECH,10621.0,0.3656,Bearish,"[{""label"": ""sector 1-week"", ""feature"": ""sector_ret_5d"", ""direction"": ""-"", ""impact"": -0.4190506339073181}, {""label"": ""sector 1-day"", ""feature"": ""sector_ret_1d"", ""direction"": ""-"", ""impact"": -0.16723084449768066}, {""label"": ""MACD momentum"", ""feature"": ""macd_hist_slope"", ""direction"": ""+"", ""impact"": 0.13936364650726318}, {""label"": ""close strength"", ""feature"": ""close_in_range"", ""direction"": ""-"", ""impact"": -0.08542162925004959}]",validated,10586.0,-0.0033,True
2026-06-23_BDL,2026-06-23,BDL,1390.6,0.364,Bearish,"[{""label"": ""sector 1-week"", ""feature"": ""sector_ret_5d"", ""direction"": ""-"", ""impact"": -0.36124494671821594}, {""label"": ""sector 1-day"", ""feature"": ""sector_ret_1d"", ""direction"": ""-"", ""impact"": -0.1486576944589615}, {""label"": ""close strength"", ""feature"": ""close_in_range"", ""direction"": ""-"", ""impact"": -0.08495496213436127}, {""label"": ""1-day momentum"", ""feature"": ""ret_1d"", ""direction"": ""+"", ""impact"": 0.08042081445455551}]",validated,1383.5,-0.0051,True
2026-06-23_GRSE,2026-06-23,GRSE,2802.2,0.3456,Bearish,"[{""label"": ""sector 1-week"", ""feature"": ""sector_ret_5d"", ""direction"": ""-"", ""impact"": -0.36748000979423523}, {""label"": ""sector 1-day"", ""feature"": ""sector_ret_1d"", ""direction"": ""-"", ""impact"": -0.15834400057792664}, {""label"": ""close strength"", ""feature"": ""close_in_range"", ""direction"": ""-"", ""impact"": -0.10599421709775925}, {""label"": ""1-day momentum"", ""feature"": ""ret_1d"", ""direction"": ""+"", ""impact"": 0.07797899097204208}]",validated,2782.7,-0.007,True
2026-06-23_MAZDOCK,2026-06-23,MAZDOCK,2506.7,0.3452,Bearish,"[{""label"": ""sector 1-week"", ""feature"": ""sector_ret_5d"", ""direction"": ""-"", ""impact"": -0.3672468066215515}, {""label"": ""sector 1-day"", ""feature"": ""sector_ret_1d"", ""direction"": ""-"", ""impact"": -0.16378258168697357}, {""label"": ""close strength"", ""feature"": ""close_in_range"", ""direction"": ""-"", ""impact"": -0.09835890680551529}, {""label"": ""1-day momentum"", ""feature"": ""ret_1d"", ""direction"": ""+"", ""impact"": 0.07832720130681992}]",validated,2493.0,-0.0055,True
2026-06-23_BEL,2026-06-23,BEL,420.0,0.3391,Bearish,"[{""label"": ""sector 1-week"", ""feature"": ""sector_ret_5d"", ""direction"": ""-"", ""impact"": -0.3782373070716858}, {""label"": ""sector 1-day"", ""feature"": ""sector_ret_1d"", ""direction"": ""-"", ""impact"": -0.16371597349643707}, {""label"": ""close strength"", ""feature"": ""close_in_range"", ""direction"": ""-"", ""impact"": -0.09012404084205627}, {""label"": ""1-day momentum"", ""feature"": ""ret_1d"", ""direction"": ""+"", ""impact"": 0.07200606912374496}]",validated,413.55,-0.0154,True
2026-06-23_HAL,2026-06-23,HAL,4500.2,0.3301,Bearish,"[{""label"": ""sector 1-week"", ""feature"": ""sector_ret_5d"", ""direction"": ""-"", ""impact"": -0.3564881384372711}, {""label"": ""sector 1-day"", ""feature"": ""sector_ret_1d"", ""direction"": ""-"", ""impact"": -0.1598069816827774}, {""label"": ""1-day momentum"", ""feature"": ""ret_1d"", ""direction"": ""-"", ""impact"": -0.10115841031074524}, {""label"": ""close strength"", ""feature"": ""close_in_range"", ""direction"": ""+"", ""impact"": 0.07617533206939697}]",validated,4368.9,-0.0292,True
2026-06-23_HBLENGINE,2026-06-23,HBLENGINE,820.55,0.3208,Bearish,"[{""label"": ""sector 1-week"", ""feature"": ""sector_ret_5d"", ""direction"": ""-"", ""impact"": -0.3648906350135803}, {""label"": ""sector 1-day"", ""feature"": ""sector_ret_1d"", ""direction"": ""-"", ""impact"": -0.1575419306755066}, {""label"": ""close strength"", ""feature"": ""close_in_range"", ""direction"": ""-"", ""impact"": -0.11010906845331192}, {""label"": ""1-day momentum"", ""feature"": ""ret_1d"", ""direction"": ""-"", ""impact"": -0.05060773342847824}]",validated,823.1,0.0031,False
2026-06-23_COCHINSHIP,2026-06-23,COCHINSHIP,1483.6,0.3184,Bearish,"[{""label"": ""sector 1-week"", ""feature"": ""sector_ret_5d"", ""direction"": ""-"", ""impact"": -0.4392540752887726}, {""label"": ""sector 1-day"", ""feature"": ""sector_ret_1d"", ""direction"": ""-"", ""impact"": -0.16188634932041168}, {""label"": ""close strength"", ""feature"": ""close_in_range"", ""direction"": ""+"", ""impact"": 0.0848948284983635}, {""label"": ""1-day momentum"", ""feature"": ""ret_1d"", ""direction"": ""-"", ""impact"": -0.07252740114927292}]",validated,1487.1,0.0024,False
2026-06-23_IDEAFORGE,2026-06-23,IDEAFORGE,860.45,0.3177,Bearish,"[{""label"": ""sector 1-week"", ""feature"": ""sector_ret_5d"", ""direction"": ""-"", ""impact"": -0.40781015157699585}, {""label"": ""sector 1-day"", ""feature"": ""sector_ret_1d"", ""direction"": ""-"", ""impact"": -0.16983097791671753}, {""label"": ""close strength"", ""feature"": ""close_in_range"", ""direction"": ""-"", ""impact"": -0.10137581825256348}, {""label"": ""day of week"", ""feature"": ""dow"", ""direction"": ""+"", ""impact"": 0.06366951763629913}]",validated,817.45,-0.05,True
2026-06-23_BEML,2026-06-23,BEML,1740.6,0.2888,Bearish,"[{""label"": ""sector 1-week"", ""feature"": ""sector_ret_5d"", ""direction"": ""-"", ""impact"": -0.4358620047569275}, {""label"": ""sector 1-day"", ""feature"": ""sector_ret_1d"", ""direction"": ""-"", ""impact"": -0.17405468225479126}, {""label"": ""close strength"", ""feature"": ""close_in_range"", ""direction"": ""-"", ""impact"": -0.09399985522031784}, {""label"": ""1-day momentum"", ""feature"": ""ret_1d"", ""direction"": ""+"", ""impact"": 0.05977090448141098}]",validated,1752.8,0.007,False
2026-06-24_MTARTECH,2026-06-24,MTARTECH,7777.0,0.5993,Bullish,"[{""label"": ""MACD momentum"", ""feature"": ""macd_hist_slope"", ""direction"": ""+"", ""impact"": 0.4293759763240814}, {""label"": ""above 20-day low"", ""feature"": ""dist_low_20"", ""direction"": ""+"", ""impact"": 0.22901546955108643}, {""label"": ""sector 1-week"", ""feature"": ""sector_ret_5d"", ""direction"": ""-"", ""impact"": -0.19918213784694672}, {""label"": ""sector 1-day"", ""feature"": ""sector_ret_1d"", ""direction"": ""-"", ""impact"": -0.1950783133506775}]",validated,7976.5,0.0257,True
2026-06-24_DATAPATTNS,2026-06-24,DATAPATTNS,4620.1,0.5319,Bullish,"[{""label"": ""MACD momentum"", ""feature"": ""macd_hist_slope"", ""direction"": ""+"", ""impact"": 0.30403605103492737}, {""label"": ""sector 1-day"", ""feature"": ""sector_ret_1d"", ""direction"": ""-"", ""impact"": -0.2140328288078308}, {""label"": ""sector 1-week"", ""feature"": ""sector_ret_5d"", ""direction"": ""-"", ""impact"": -0.20415621995925903}, {""label"": ""Bollinger width"", ""feature"": ""bb_width"", ""direction"": ""+"", ""impact"": 0.143280029296875}]",validated,4506.6,-0.0246,False
2026-06-24_ASTRAMICRO,2026-06-24,ASTRAMICRO,1662.6,0.4572,Bearish,"[{""label"": ""sector 1-week"", ""feature"": ""sector_ret_5d"", ""direction"": ""-"", ""impact"": -0.19988691806793213}, {""label"": ""sector 1-day"", ""feature"": ""sector_ret_1d"", ""direction"": ""-"", ""impact"": -0.18075522780418396}, {""label"": ""above 20-day low"", ""feature"": ""dist_low_20"", ""direction"": ""+"", ""impact"": 0.12499028444290161}, {""label"": ""Bollinger width"", ""feature"": ""bb_width"", ""direction"": ""+"", ""impact"": 0.10308413207530975}]",validated,1721.7,0.0355,False
2026-06-24_HAL,2026-06-24,HAL,4368.9,0.4454,Bearish,"[{""label"": ""sector 1-day"", ""feature"": ""sector_ret_1d"", ""direction"": ""-"", ""impact"": -0.21613463759422302}, {""label"": ""sector 1-week"", ""feature"": ""sector_ret_5d"", ""direction"": ""-"", ""impact"": -0.20744474232196808}, {""label"": ""1-day momentum"", ""feature"": ""ret_1d"", ""direction"": ""+"", ""impact"": 0.08854727447032928}, {""label"": ""daily range"", ""feature"": ""hl_range_pct"", ""direction"": ""+"", ""impact"": 0.07338589429855347}]",validated,4368.7,-0.0,True
2026-06-24_ZENTEC,2026-06-24,ZENTEC,1842.8,0.4202,Bearish,"[{""label"": ""sector 1-day"", ""feature"": ""sector_ret_1d"", ""direction"": ""-"", ""impact"": -0.2115088403224945}, {""label"": ""sector 1-week"", ""feature"": ""sector_ret_5d"", ""direction"": ""-"", ""impact"": -0.21071861684322357}, {""label"": ""MACD momentum"", ""feature"": ""macd_hist_slope"", ""direction"": ""+"", ""impact"": 0.07528731971979141}, {""label"": ""1-day momentum"", ""feature"": ""ret_1d"", ""direction"": ""+"", ""impact"": 0.057467855513095856}]",validated,1771.2,-0.0389,True
2026-06-24_SOLARINDS,2026-06-24,SOLARINDS,17864.0,0.3884,Bearish,"[{""label"": ""sector 1-week"", ""feature"": ""sector_ret_5d"", ""direction"": ""-"", ""impact"": -0.2157355099916458}, {""label"": ""sector 1-day"", ""feature"": ""sector_ret_1d"", ""direction"": ""-"", ""impact"": -0.2060054987668991}, {""label"": ""close strength"", ""feature"": ""close_in_range"", ""direction"": ""-"", ""impact"": -0.0787133276462555}, {""label"": ""1-day momentum"", ""feature"": ""ret_1d"", ""direction"": ""+"", ""impact"": 0.06685090810060501}]",validated,17428.0,-0.0244,True
2026-06-24_BEL,2026-06-24,BEL,413.55,0.3845,Bearish,"[{""label"": ""sector 1-day"", ""feature"": ""sector_ret_1d"", ""direction"": ""-"", ""impact"": -0.22118210792541504}, {""label"": ""sector 1-week"", ""feature"": ""sector_ret_5d"", ""direction"": ""-"", ""impact"": -0.21406662464141846}, {""label"": ""1-day momentum"", ""feature"": ""ret_1d"", ""direction"": ""+"", ""impact"": 0.08858142048120499}, {""label"": ""close strength"", ""feature"": ""close_in_range"", ""direction"": ""-"", ""impact"": -0.0875454768538475}]",validated,407.2,-0.0154,True
2026-06-24_PARAS,2026-06-24,PARAS,1288.45,0.3741,Bearish,"[{""label"": ""sector 1-day"", ""feature"": ""sector_ret_1d"", ""direction"": ""-"", ""impact"": -0.24288034439086914}, {""label"": ""sector 1-week"", ""feature"": ""sector_ret_5d"", ""direction"": ""-"", ""impact"": -0.2047061175107956}, {""label"": ""vs 50-day avg"", ""feature"": ""dist_sma50"", ""direction"": ""-"", ""impact"": -0.1998593807220459}, {""label"": ""above 20-day low"", ""feature"": ""dist_low_20"", ""direction"": ""+"", ""impact"": 0.17828473448753357}]",validated,1233.75,-0.0425,True
2026-06-24_IDEAFORGE,2026-06-24,IDEAFORGE,817.45,0.3701,Bearish,"[{""label"": ""sector 1-week"", ""feature"": ""sector_ret_5d"", ""direction"": ""-"", ""impact"": -0.2079606056213379}, {""label"": ""sector 1-day"", ""feature"": ""sector_ret_1d"", ""direction"": ""-"", ""impact"": -0.1937805414199829}, {""label"": ""close strength"", ""feature"": ""close_in_range"", ""direction"": ""-"", ""impact"": -0.0786522924900055}, {""label"": ""1-day momentum"", ""feature"": ""ret_1d"", ""direction"": ""+"", ""impact"": 0.0701524168252945}]",validated,824.75,0.0089,False
2026-06-24_MAZDOCK,2026-06-24,MAZDOCK,2493.0,0.3685,Bearish,"[{""label"": ""sector 1-day"", ""feature"": ""sector_ret_1d"", ""direction"": ""-"", ""impact"": -0.22480542957782745}, {""label"": ""sector 1-week"", ""feature"": ""sector_ret_5d"", ""direction"": ""-"", ""impact"": -0.21402710676193237}, {""label"": ""1-day momentum"", ""feature"": ""ret_1d"", ""direction"": ""+"", ""impact"": 0.09837846457958221}, {""label"": ""close strength"", ""feature"": ""close_in_range"", ""direction"": ""-"", ""impact"": -0.07902885973453522}]",validated,2472.5,-0.0082,True
2026-06-24_BDL,2026-06-24,BDL,1383.5,0.3632,Bearish,"[{""label"": ""sector 1-week"", ""feature"": ""sector_ret_5d"", ""direction"": ""-"", ""impact"": -0.21184590458869934}, {""label"": ""sector 1-day"", ""feature"": ""sector_ret_1d"", ""direction"": ""-"", ""impact"": -0.20791535079479218}, {""label"": ""1-day momentum"", ""feature"": ""ret_1d"", ""direction"": ""+"", ""impact"": 0.09820464253425598}, {""label"": ""close strength"", ""feature"": ""close_in_range"", ""direction"": ""-"", ""impact"": -0.0744166299700737}]",validated,1368.4,-0.0109,True
2026-06-24_DYNAMATECH,2026-06-24,DYNAMATECH,10586.0,0.3629,Bearish,"[{""label"": ""sector 1-day"", ""feature"": ""sector_ret_1d"", ""direction"": ""-"", ""impact"": -0.22276750206947327}, {""label"": ""sector 1-week"", ""feature"": ""sector_ret_5d"", ""direction"": ""-"", ""impact"": -0.2187301218509674}, {""label"": ""MACD momentum"", ""feature"": ""macd_hist_slope"", ""direction"": ""+"", ""impact"": 0.14737427234649658}, {""label"": ""1-day momentum"", ""feature"": ""ret_1d"", ""direction"": ""-"", ""impact"": -0.09573002904653549}]",validated,10232.0,-0.0334,True
2026-06-24_COCHINSHIP,2026-06-24,COCHINSHIP,1487.1,0.3559,Bearish,"[{""label"": ""sector 1-day"", ""feature"": ""sector_ret_1d"", ""direction"": ""-"", ""impact"": -0.2246309518814087}, {""label"": ""sector 1-week"", ""feature"": ""sector_ret_5d"", ""direction"": ""-"", ""impact"": -0.21282415091991425}, {""label"": ""close strength"", ""feature"": ""close_in_range"", ""direction"": ""+"", ""impact"": 0.09110211580991745}, {""label"": ""1-day momentum"", ""feature"": ""ret_1d"", ""direction"": ""-"", ""impact"": -0.056485723704099655}]",validated,1458.4,-0.0193,True
2026-06-24_GRSE,2026-06-24,GRSE,2782.7,0.3531,Bearish,"[{""label"": ""sector 1-week"", ""feature"": ""sector_ret_5d"", ""direction"": ""-"", ""impact"": -0.21816901862621307}, {""label"": ""sector 1-day"", ""feature"": ""sector_ret_1d"", ""direction"": ""-"", ""impact"": -0.20614241063594818}, {""label"": ""1-day momentum"", ""feature"": ""ret_1d"", ""direction"": ""+"", ""impact"": 0.09759838879108429}, {""label"": ""close strength"", ""feature"": ""close_in_range"", ""direction"": ""-"", ""impact"": -0.07631009072065353}]",validated,2724.8,-0.0208,True
2026-06-24_BEML,2026-06-24,BEML,1752.8,0.3218,Bearish,"[{""label"": ""sector 1-day"", ""feature"": ""sector_ret_1d"", ""direction"": ""-"", ""impact"": -0.2451159507036209}, {""label"": ""sector 1-week"", ""feature"": ""sector_ret_5d"", ""direction"": ""-"", ""impact"": -0.2181834727525711}, {""label"": ""1-day momentum"", ""feature"": ""ret_1d"", ""direction"": ""-"", ""impact"": -0.06832050532102585}, {""label"": ""close strength"", ""feature"": ""close_in_range"", ""direction"": ""-"", ""impact"": -0.03963376581668854}]",validated,1748.7,-0.0023,True
2026-06-24_HBLENGINE,2026-06-24,HBLENGINE,823.1,0.3173,Bearish,"[{""label"": ""sector 1-day"", ""feature"": ""sector_ret_1d"", ""direction"": ""-"", ""impact"": -0.2211570143699646}, {""label"": ""sector 1-week"", ""feature"": ""sector_ret_5d"", ""direction"": ""-"", ""impact"": -0.21417362987995148}, {""label"": ""close strength"", ""feature"": ""close_in_range"", ""direction"": ""+"", ""impact"": 0.08514253795146942}, {""label"": ""10-day choppiness"", ""feature"": ""ret_std_10"", ""direction"": ""-"", ""impact"": -0.08050452172756195}]",validated,827.25,0.005,False
2026-06-25_ASTRAMICRO,2026-06-25,ASTRAMICRO,1721.7,0.596,Bullish,"[{""label"": ""2-week momentum"", ""feature"": ""ret_10d"", ""direction"": ""+"", ""impact"": 0.3874867856502533}, {""label"": ""close strength"", ""feature"": ""close_in_range"", ""direction"": ""+"", ""impact"": 0.1501871794462204}, {""label"": ""sector 1-day"", ""feature"": ""sector_ret_1d"", ""direction"": ""-"", ""impact"": -0.13685902953147888}, {""label"": ""Bollinger width"", ""feature"": ""bb_width"", ""direction"": ""+"", ""impact"": 0.07474765926599503}]",validated,1727.3,0.0033,True
2026-06-25_MTARTECH,2026-06-25,MTARTECH,7976.5,0.5832,Bullish,"[{""label"": ""2-week momentum"", ""feature"": ""ret_10d"", ""direction"": ""+"", ""impact"": 0.2957957983016968}, {""label"": ""sector 1-day"", ""feature"": ""sector_ret_1d"", ""direction"": ""-"", ""impact"": -0.19667504727840424}, {""label"": ""MACD momentum"", ""feature"": ""macd_hist_slope"", ""direction"": ""+"", ""impact"": 0.10785628855228424}, {""label"": ""close strength"", ""feature"": ""close_in_range"", ""direction"": ""+"", ""impact"": 0.10036871582269669}]",validated,7976.5,0.0,False
2026-06-25_PARAS,2026-06-25,PARAS,1233.75,0.5813,Bullish,"[{""label"": ""2-week momentum"", ""feature"": ""ret_10d"", ""direction"": ""+"", ""impact"": 0.20151439309120178}, {""label"": ""sector 1-day"", ""feature"": ""sector_ret_1d"", ""direction"": ""-"", ""impact"": -0.1973327100276947}, {""label"": ""Bollinger width"", ""feature"": ""bb_width"", ""direction"": ""+"", ""impact"": 0.14193114638328552}, {""label"": ""MACD momentum"", ""feature"": ""macd_hist_slope"", ""direction"": ""+"", ""impact"": 0.1334090381860733}]",validated,1182.9,-0.0412,False
2026-06-25_DATAPATTNS,2026-06-25,DATAPATTNS,4506.6,0.5776,Bullish,"[{""label"": ""MACD momentum"", ""feature"": ""macd_hist_slope"", ""direction"": ""+"", ""impact"": 0.3865457773208618}, {""label"": ""sector 1-day"", ""feature"": ""sector_ret_1d"", ""direction"": ""-"", ""impact"": -0.1875125765800476}, {""label"": ""Bollinger width"", ""feature"": ""bb_width"", ""direction"": ""+"", ""impact"": 0.10273702442646027}, {""label"": ""close strength"", ""feature"": ""close_in_range"", ""direction"": ""-"", ""impact"": -0.09261751174926758}]",validated,4472.1,-0.0077,False
2026-06-25_DYNAMATECH,2026-06-25,DYNAMATECH,10232.0,0.5324,Bullish,"[{""label"": ""MACD momentum"", ""feature"": ""macd_hist_slope"", ""direction"": ""+"", ""impact"": 0.396070659160614}, {""label"": ""sector 1-day"", ""feature"": ""sector_ret_1d"", ""direction"": ""-"", ""impact"": -0.19030635058879852}, {""label"": ""sector 1-week"", ""feature"": ""sector_ret_5d"", ""direction"": ""-"", ""impact"": -0.07153981924057007}, {""label"": ""close strength"", ""feature"": ""close_in_range"", ""direction"": ""-"", ""impact"": -0.06790793687105179}]",validated,9940.0,-0.0285,False
2026-06-25_SOLARINDS,2026-06-25,SOLARINDS,17428.0,0.5138,Bullish,"[{""label"": ""MACD momentum"", ""feature"": ""macd_hist_slope"", ""direction"": ""+"", ""impact"": 0.3255314528942108}, {""label"": ""sector 1-day"", ""feature"": ""sector_ret_1d"", ""direction"": ""-"", ""impact"": -0.17900757491588593}, {""label"": ""Bollinger position"", ""feature"": ""bb_position"", ""direction"": ""+"", ""impact"": 0.08891293406486511}, {""label"": ""close strength"", ""feature"": ""close_in_range"", ""direction"": ""-"", ""impact"": -0.07584450393915176}]",validated,17798.0,0.0212,True
2026-06-25_ZENTEC,2026-06-25,ZENTEC,1771.2,0.448,Bearish,"[{""label"": ""sector 1-day"", ""feature"": ""sector_ret_1d"", ""direction"": ""-"", ""impact"": -0.18915477395057678}, {""label"": ""MACD momentum"", ""feature"": ""macd_hist_slope"", ""direction"": ""+"", ""impact"": 0.09924227744340897}, {""label"": ""close strength"", ""feature"": ""close_in_range"", ""direction"": ""-"", ""impact"": -0.09046850353479385}, {""label"": ""sector 1-week"", ""feature"": ""sector_ret_5d"", ""direction"": ""-"", ""impact"": -0.05872584879398346}]",validated,1742.6,-0.0161,True
2026-06-25_IDEAFORGE,2026-06-25,IDEAFORGE,824.75,0.4303,Bearish,"[{""label"": ""sector 1-day"", ""feature"": ""sector_ret_1d"", ""direction"": ""-"", ""impact"": -0.19745446741580963}, {""label"": ""close strength"", ""feature"": ""close_in_range"", ""direction"": ""+"", ""impact"": 0.12500548362731934}, {""label"": ""MACD histogram"", ""feature"": ""macd_hist"", ""direction"": ""-"", ""impact"": -0.06173660233616829}, {""label"": ""1-day momentum"", ""feature"": ""ret_1d"", ""direction"": ""-"", ""impact"": -0.05513204261660576}]",validated,810.95,-0.0167,True
2026-06-25_MAZDOCK,2026-06-25,MAZDOCK,2472.5,0.4161,Bearish,"[{""label"": ""sector 1-day"", ""feature"": ""sector_ret_1d"", ""direction"": ""-"", ""impact"": -0.1973084807395935}, {""label"": ""close strength"", ""feature"": ""close_in_range"", ""direction"": ""-"", ""impact"": -0.10339922457933426}, {""label"": ""sector 1-week"", ""feature"": ""sector_ret_5d"", ""direction"": ""-"", ""impact"": -0.0830935537815094}, {""label"": ""1-day momentum"", ""feature"": ""ret_1d"", ""direction"": ""+"", ""impact"": 0.07847907394170761}]",validated,2446.8,-0.0104,True
2026-06-25_BEL,2026-06-25,BEL,407.2,0.4103,Bearish,"[{""label"": ""sector 1-day"", ""feature"": ""sector_ret_1d"", ""direction"": ""-"", ""impact"": -0.19812090694904327}, {""label"": ""close strength"", ""feature"": ""close_in_range"", ""direction"": ""-"", ""impact"": -0.09193450957536697}, {""label"": ""sector 1-week"", ""feature"": ""sector_ret_5d"", ""direction"": ""-"", ""impact"": -0.07281024754047394}, {""label"": ""1-day momentum"", ""feature"": ""ret_1d"", ""direction"": ""+"", ""impact"": 0.061385542154312134}]",validated,407.2,0.0,False
2026-06-25_BDL,2026-06-25,BDL,1368.4,0.4094,Bearish,"[{""label"": ""sector 1-day"", ""feature"": ""sector_ret_1d"", ""direction"": ""-"", ""impact"": -0.18003134429454803}, {""label"": ""1-day momentum"", ""feature"": ""ret_1d"", ""direction"": ""+"", ""impact"": 0.09481188654899597}, {""label"": ""close strength"", ""feature"": ""close_in_range"", ""direction"": ""-"", ""impact"": -0.08907563984394073}, {""label"": ""sector 1-week"", ""feature"": ""sector_ret_5d"", ""direction"": ""-"", ""impact"": -0.07554560899734497}]",validated,1368.4,0.0,False
2026-06-25_HBLENGINE,2026-06-25,HBLENGINE,827.25,0.4012,Bearish,"[{""label"": ""sector 1-day"", ""feature"": ""sector_ret_1d"", ""direction"": ""-"", ""impact"": -0.1552954465150833}, {""label"": ""close strength"", ""feature"": ""close_in_range"", ""direction"": ""-"", ""impact"": -0.10543826222419739}, {""label"": ""up-days in 10"", ""feature"": ""up_days_10"", ""direction"": ""+"", ""impact"": 0.09123678505420685}, {""label"": ""sector 1-week"", ""feature"": ""sector_ret_5d"", ""direction"": ""-"", ""impact"": -0.07675347477197647}]",validated,792.8,-0.0416,True
2026-06-25_COCHINSHIP,2026-06-25,COCHINSHIP,1458.4,0.401,Bearish,"[{""label"": ""sector 1-day"", ""feature"": ""sector_ret_1d"", ""direction"": ""-"", ""impact"": -0.19898580014705658}, {""label"": ""close strength"", ""feature"": ""close_in_range"", ""direction"": ""-"", ""impact"": -0.10578026622533798}, {""label"": ""1-day momentum"", ""feature"": ""ret_1d"", ""direction"": ""+"", ""impact"": 0.08999685943126678}, {""label"": ""sector 1-week"", ""feature"": ""sector_ret_5d"", ""direction"": ""-"", ""impact"": -0.08053356409072876}]",validated,1458.4,0.0,False
2026-06-25_GRSE,2026-06-25,GRSE,2724.8,0.3804,Bearish,"[{""label"": ""sector 1-day"", ""feature"": ""sector_ret_1d"", ""direction"": ""-"", ""impact"": -0.1918146014213562}, {""label"": ""close strength"", ""feature"": ""close_in_range"", ""direction"": ""-"", ""impact"": -0.0974603220820427}, {""label"": ""volume surge"", ""feature"": ""vol_ratio"", ""direction"": ""-"", ""impact"": -0.063075490295887}, {""label"": ""sector 1-week"", ""feature"": ""sector_ret_5d"", ""direction"": ""-"", ""impact"": -0.060999613255262375}]",validated,2724.8,0.0,False
2026-06-25_BEML,2026-06-25,BEML,1748.7,0.3738,Bearish,"[{""label"": ""sector 1-day"", ""feature"": ""sector_ret_1d"", ""direction"": ""-"", ""impact"": -0.20466934144496918}, {""label"": ""close strength"", ""feature"": ""close_in_range"", ""direction"": ""-"", ""impact"": -0.10538499802350998}, {""label"": ""sector 1-week"", ""feature"": ""sector_ret_5d"", ""direction"": ""-"", ""impact"": -0.08498981595039368}, {""label"": ""volume surge"", ""feature"": ""vol_ratio"", ""direction"": ""+"", ""impact"": 0.04574314132332802}]",validated,1748.7,-0.0,True
2026-06-25_HAL,2026-06-25,HAL,4368.7,0.36,Bearish,"[{""label"": ""sector 1-day"", ""feature"": ""sector_ret_1d"", ""direction"": ""-"", ""impact"": -0.19089001417160034}, {""label"": ""daily range"", ""feature"": ""hl_range_pct"", ""direction"": ""-"", ""impact"": -0.1345854103565216}, {""label"": ""close strength"", ""feature"": ""close_in_range"", ""direction"": ""-"", ""impact"": -0.08241306245326996}, {""label"": ""1-day momentum"", ""feature"": ""ret_1d"", ""direction"": ""-"", ""impact"": -0.08000429719686508}]",validated,4342.8,-0.0059,True
2026-06-30_MTARTECH,2026-06-30,MTARTECH,7620.5,0.7214,Bullish,"[{""label"": ""sector 1-day"", ""feature"": ""sector_ret_1d"", ""direction"": ""+"", ""impact"": 0.3223845660686493}, {""label"": ""above 20-day low"", ""feature"": ""dist_low_20"", ""direction"": ""+"", ""impact"": 0.14258965849876404}, {""label"": ""day of week"", ""feature"": ""dow"", ""direction"": ""+"", ""impact"": 0.08792170882225037}, {""label"": ""Bollinger width"", ""feature"": ""bb_width"", ""direction"": ""+"", ""impact"": 0.08161888271570206}]",validated,7790.0,0.0222,True
2026-06-30_PARAS,2026-06-30,PARAS,1289.05,0.6965,Bullish,"[{""label"": ""sector 1-day"", ""feature"": ""sector_ret_1d"", ""direction"": ""+"", ""impact"": 0.39983507990837097}, {""label"": ""above 20-day low"", ""feature"": ""dist_low_20"", ""direction"": ""+"", ""impact"": 0.18502995371818542}, {""label"": ""1-day momentum"", ""feature"": ""ret_1d"", ""direction"": ""-"", ""impact"": -0.1402602642774582}, {""label"": ""close strength"", ""feature"": ""close_in_range"", ""direction"": ""+"", ""impact"": 0.11245103180408478}]",validated,1277.9,-0.0086,False
2026-06-30_ASTRAMICRO,2026-06-30,ASTRAMICRO,1761.6,0.67,Bullish,"[{""label"": ""sector 1-day"", ""feature"": ""sector_ret_1d"", ""direction"": ""+"", ""impact"": 0.312563419342041}, {""label"": ""2-week momentum"", ""feature"": ""ret_10d"", ""direction"": ""+"", ""impact"": 0.2314625084400177}, {""label"": ""up-days in 10"", ""feature"": ""up_days_10"", ""direction"": ""+"", ""impact"": 0.10200521349906921}, {""label"": ""day of week"", ""feature"": ""dow"", ""direction"": ""+"", ""impact"": 0.08487337082624435}]",validated,1752.5,-0.0052,False
2026-06-30_DATAPATTNS,2026-06-30,DATAPATTNS,4501.8,0.6318,Bullish,"[{""label"": ""sector 1-day"", ""feature"": ""sector_ret_1d"", ""direction"": ""+"", ""impact"": 0.3624818027019501}, {""label"": ""day of week"", ""feature"": ""dow"", ""direction"": ""+"", ""impact"": 0.08493434637784958}, {""label"": ""close strength"", ""feature"": ""close_in_range"", ""direction"": ""+"", ""impact"": 0.0783279612660408}, {""label"": ""volume z-score"", ""feature"": ""vol_zscore"", ""direction"": ""+"", ""impact"": 0.056661851704120636}]",validated,4533.5,0.007,True
2026-06-30_IDEAFORGE,2026-06-30,IDEAFORGE,815.65,0.6209,Bullish,"[{""label"": ""sector 1-day"", ""feature"": ""sector_ret_1d"", ""direction"": ""+"", ""impact"": 0.3933592438697815}, {""label"": ""day of week"", ""feature"": ""dow"", ""direction"": ""+"", ""impact"": 0.08756320178508759}, {""label"": ""close strength"", ""feature"": ""close_in_range"", ""direction"": ""+"", ""impact"": 0.07918203622102737}, {""label"": ""MACD histogram"", ""feature"": ""macd_hist"", ""direction"": ""-"", ""impact"": -0.06553468853235245}]",validated,856.4,0.05,True
2026-06-30_HAL,2026-06-30,HAL,4381.2,0.5985,Bullish,"[{""label"": ""sector 1-day"", ""feature"": ""sector_ret_1d"", ""direction"": ""+"", ""impact"": 0.3514905273914337}, {""label"": ""close strength"", ""feature"": ""close_in_range"", ""direction"": ""+"", ""impact"": 0.09016309678554535}, {""label"": ""day of week"", ""feature"": ""dow"", ""direction"": ""+"", ""impact"": 0.07326662540435791}, {""label"": ""volume surge"", ""feature"": ""vol_ratio"", ""direction"": ""+"", ""impact"": 0.0490851029753685}]",validated,4434.4,0.0121,True
2026-06-30_BEML,2026-06-30,BEML,1760.4,0.5941,Bullish,"[{""label"": ""sector 1-day"", ""feature"": ""sector_ret_1d"", ""direction"": ""+"", ""impact"": 0.3518771827220917}, {""label"": ""close strength"", ""feature"": ""close_in_range"", ""direction"": ""+"", ""impact"": 0.09156503528356552}, {""label"": ""day of week"", ""feature"": ""dow"", ""direction"": ""+"", ""impact"": 0.06940722465515137}, {""label"": ""below 20-day high"", ""feature"": ""dist_high_20"", ""direction"": ""+"", ""impact"": 0.06564344465732574}]",validated,1825.7,0.0371,True
2026-06-30_HBLENGINE,2026-06-30,HBLENGINE,812.25,0.5914,Bullish,"[{""label"": ""sector 1-day"", ""feature"": ""sector_ret_1d"", ""direction"": ""+"", ""impact"": 0.3549641966819763}, {""label"": ""up-days in 10"", ""feature"": ""up_days_10"", ""direction"": ""+"", ""impact"": 0.13106705248355865}, {""label"": ""close strength"", ""feature"": ""close_in_range"", ""direction"": ""+"", ""impact"": 0.07480479031801224}, {""label"": ""day of week"", ""feature"": ""dow"", ""direction"": ""+"", ""impact"": 0.07305240631103516}]",validated,822.3,0.0124,True
2026-06-30_SOLARINDS,2026-06-30,SOLARINDS,18696.0,0.5906,Bullish,"[{""label"": ""sector 1-day"", ""feature"": ""sector_ret_1d"", ""direction"": ""+"", ""impact"": 0.3614257574081421}, {""label"": ""close strength"", ""feature"": ""close_in_range"", ""direction"": ""+"", ""impact"": 0.0873309001326561}, {""label"": ""day of week"", ""feature"": ""dow"", ""direction"": ""+"", ""impact"": 0.08455630391836166}, {""label"": ""MACD momentum"", ""feature"": ""macd_hist_slope"", ""direction"": ""+"", ""impact"": 0.07812298834323883}]",validated,18610.0,-0.0046,False
2026-06-30_DYNAMATECH,2026-06-30,DYNAMATECH,10393.0,0.5901,Bullish,"[{""label"": ""sector 1-day"", ""feature"": ""sector_ret_1d"", ""direction"": ""+"", ""impact"": 0.35695841908454895}, {""label"": ""close strength"", ""feature"": ""close_in_range"", ""direction"": ""+"", ""impact"": 0.08375105261802673}, {""label"": ""day of week"", ""feature"": ""dow"", ""direction"": ""+"", ""impact"": 0.079642154276371}, {""label"": ""1-day momentum"", ""feature"": ""ret_1d"", ""direction"": ""-"", ""impact"": -0.04666373133659363}]",validated,10397.0,0.0004,True
2026-06-30_MAZDOCK,2026-06-30,MAZDOCK,2496.6,0.5884,Bullish,"[{""label"": ""sector 1-day"", ""feature"": ""sector_ret_1d"", ""direction"": ""+"", ""impact"": 0.3631897270679474}, {""label"": ""close strength"", ""feature"": ""close_in_range"", ""direction"": ""+"", ""impact"": 0.08528435975313187}, {""label"": ""day of week"", ""feature"": ""dow"", ""direction"": ""+"", ""impact"": 0.06969363987445831}, {""label"": ""volume z-score"", ""feature"": ""vol_zscore"", ""direction"": ""+"", ""impact"": 0.06316762417554855}]",validated,2535.7,0.0157,True
2026-06-30_ZENTEC,2026-06-30,ZENTEC,1773.4,0.5826,Bullish,"[{""label"": ""sector 1-day"", ""feature"": ""sector_ret_1d"", ""direction"": ""+"", ""impact"": 0.34465858340263367}, {""label"": ""close strength"", ""feature"": ""close_in_range"", ""direction"": ""+"", ""impact"": 0.09569498896598816}, {""label"": ""day of week"", ""feature"": ""dow"", ""direction"": ""+"", ""impact"": 0.08783283829689026}, {""label"": ""overnight gap"", ""feature"": ""gap_pct"", ""direction"": ""-"", ""impact"": -0.047468435019254684}]",validated,1763.1,-0.0058,False
2026-06-30_BDL,2026-06-30,BDL,1368.4,0.5752,Bullish,"[{""label"": ""sector 1-day"", ""feature"": ""sector_ret_1d"", ""direction"": ""+"", ""impact"": 0.3319900333881378}, {""label"": ""day of week"", ""feature"": ""dow"", ""direction"": ""+"", ""impact"": 0.07931089401245117}, {""label"": ""close strength"", ""feature"": ""close_in_range"", ""direction"": ""+"", ""impact"": 0.07475028187036514}, {""label"": ""RSI (14)"", ""feature"": ""rsi_14"", ""direction"": ""-"", ""impact"": -0.07357164472341537}]",validated,1379.0,0.0077,True
2026-06-30_COCHINSHIP,2026-06-30,COCHINSHIP,1507.9,0.5623,Bullish,"[{""label"": ""sector 1-day"", ""feature"": ""sector_ret_1d"", ""direction"": ""+"", ""impact"": 0.3446853756904602}, {""label"": ""close strength"", ""feature"": ""close_in_range"", ""direction"": ""+"", ""impact"": 0.08719972521066666}, {""label"": ""day of week"", ""feature"": ""dow"", ""direction"": ""+"", ""impact"": 0.08051055669784546}, {""label"": ""overnight gap"", ""feature"": ""gap_pct"", ""direction"": ""-"", ""impact"": -0.05211285129189491}]",validated,1504.4,-0.0023,False
2026-06-30_GRSE,2026-06-30,GRSE,2726.2,0.5565,Bullish,"[{""label"": ""sector 1-day"", ""feature"": ""sector_ret_1d"", ""direction"": ""+"", ""impact"": 0.35642457008361816}, {""label"": ""day of week"", ""feature"": ""dow"", ""direction"": ""+"", ""impact"": 0.07421310991048813}, {""label"": ""1-day momentum"", ""feature"": ""ret_1d"", ""direction"": ""-"", ""impact"": -0.0494227409362793}, {""label"": ""close strength"", ""feature"": ""close_in_range"", ""direction"": ""+"", ""impact"": 0.04632890969514847}]",validated,2738.6,0.0045,True
2026-06-30_BEL,2026-06-30,BEL,411.8,0.5455,Bullish,"[{""label"": ""sector 1-day"", ""feature"": ""sector_ret_1d"", ""direction"": ""+"", ""impact"": 0.35802820324897766}, {""label"": ""daily range"", ""feature"": ""hl_range_pct"", ""direction"": ""-"", ""impact"": -0.11306652426719666}, {""label"": ""close strength"", ""feature"": ""close_in_range"", ""direction"": ""+"", ""impact"": 0.08474688977003098}, {""label"": ""day of week"", ""feature"": ""dow"", ""direction"": ""+"", ""impact"": 0.06737083196640015}]",validated,416.25,0.0108,True
2026-07-01_ASTRAMICRO,2026-07-01,ASTRAMICRO,1752.5,0.5955,Bullish,"[{""label"": ""above 20-day low"", ""feature"": ""dist_low_20"", ""direction"": ""+"", ""impact"": 0.10167041420936584}, {""label"": ""Bollinger width"", ""feature"": ""bb_width"", ""direction"": ""+"", ""impact"": 0.09962773323059082}, {""label"": ""2-week momentum"", ""feature"": ""ret_10d"", ""direction"": ""+"", ""impact"": 0.09823345392942429}, {""label"": ""1-day momentum"", ""feature"": ""ret_1d"", ""direction"": ""+"", ""impact"": 0.08986492455005646}]",validated,1795.7,0.0247,True
2026-07-01_PARAS,2026-07-01,PARAS,1277.9,0.5918,Bullish,"[{""label"": ""above 20-day low"", ""feature"": ""dist_low_20"", ""direction"": ""+"", ""impact"": 0.10640326142311096}, {""label"": ""Bollinger width"", ""feature"": ""bb_width"", ""direction"": ""+"", ""impact"": 0.09830041229724884}, {""label"": ""close strength"", ""feature"": ""close_in_range"", ""direction"": ""+"", ""impact"": 0.08733505755662918}, {""label"": ""1-day momentum"", ""feature"": ""ret_1d"", ""direction"": ""+"", ""impact"": 0.08631026744842529}]",validated,1343.8,0.0516,True
2026-07-01_MTARTECH,2026-07-01,MTARTECH,7790.0,0.5625,Bullish,"[{""label"": ""above 20-day low"", ""feature"": ""dist_low_20"", ""direction"": ""+"", ""impact"": 0.17216315865516663}, {""label"": ""overnight gap"", ""feature"": ""gap_pct"", ""direction"": ""+"", ""impact"": 0.11885012686252594}, {""label"": ""sector 1-week"", ""feature"": ""sector_ret_5d"", ""direction"": ""-"", ""impact"": -0.08806576579809189}, {""label"": ""RSI (14)"", ""feature"": ""rsi_14"", ""direction"": ""-"", ""impact"": -0.07901894301176071}]",validated,7400.5,-0.05,False
2026-07-01_SOLARINDS,2026-07-01,SOLARINDS,18610.0,0.5024,Bullish,"[{""label"": ""3-day momentum"", ""feature"": ""ret_3d"", ""direction"": ""+"", ""impact"": 0.10196956992149353}, {""label"": ""sector 1-week"", ""feature"": ""sector_ret_5d"", ""direction"": ""-"", ""impact"": -0.08955642580986023}, {""label"": ""2-week momentum"", ""feature"": ""ret_10d"", ""direction"": ""+"", ""impact"": 0.07437510788440704}, {""label"": ""1-day momentum"", ""feature"": ""ret_1d"", ""direction"": ""+"", ""impact"": 0.06811746954917908}]",validated,18659.0,0.0026,True
2026-07-01_BEML,2026-07-01,BEML,1825.7,0.4873,Bearish,"[{""label"": ""close strength"", ""feature"": ""close_in_range"", ""direction"": ""+"", ""impact"": 0.10173673927783966}, {""label"": ""sector 1-week"", ""feature"": ""sector_ret_5d"", ""direction"": ""-"", ""impact"": -0.07423947006464005}, {""label"": ""1-day momentum"", ""feature"": ""ret_1d"", ""direction"": ""-"", ""impact"": -0.05831743776798248}, {""label"": ""sector 1-day"", ""feature"": ""sector_ret_1d"", ""direction"": ""+"", ""impact"": 0.043813396245241165}]",validated,1867.0,0.0226,False
2026-07-01_BDL,2026-07-01,BDL,1379.0,0.4759,Bearish,"[{""label"": ""sector 1-week"", ""feature"": ""sector_ret_5d"", ""direction"": ""-"", ""impact"": -0.07701956480741501}, {""label"": ""Bollinger width"", ""feature"": ""bb_width"", ""direction"": ""+"", ""impact"": 0.07335180044174194}, {""label"": ""1-day momentum"", ""feature"": ""ret_1d"", ""direction"": ""-"", ""impact"": -0.06329358369112015}, {""label"": ""close strength"", ""feature"": ""close_in_range"", ""direction"": ""+"", ""impact"": 0.058191727846860886}]",validated,1384.9,0.0043,False
2026-07-01_HAL,2026-07-01,HAL,4434.4,0.4749,Bearish,"[{""label"": ""sector 1-week"", ""feature"": ""sector_ret_5d"", ""direction"": ""-"", ""impact"": -0.08080846816301346}, {""label"": ""close strength"", ""feature"": ""close_in_range"", ""direction"": ""+"", ""impact"": 0.07010633498430252}, {""label"": ""below 20-day high"", ""feature"": ""dist_high_20"", ""direction"": ""+"", ""impact"": 0.0630202665925026}, {""label"": ""1-day momentum"", ""feature"": ""ret_1d"", ""direction"": ""-"", ""impact"": -0.06220141425728798}]",validated,4434.0,-0.0001,True
2026-07-01_GRSE,2026-07-01,GRSE,2738.6,0.4596,Bearish,"[{""label"": ""close strength"", ""feature"": ""close_in_range"", ""direction"": ""+"", ""impact"": 0.08379501104354858}, {""label"": ""sector 1-week"", ""feature"": ""sector_ret_5d"", ""direction"": ""-"", ""impact"": -0.0815175473690033}, {""label"": ""1-day momentum"", ""feature"": ""ret_1d"", ""direction"": ""-"", ""impact"": -0.05186403542757034}, {""label"": ""sector 1-day"", ""feature"": ""sector_ret_1d"", ""direction"": ""+"", ""impact"": 0.045227497816085815}]",validated,2771.3,0.0119,False
2026-07-01_IDEAFORGE,2026-07-01,IDEAFORGE,856.4,0.4542,Bearish,"[{""label"": ""close strength"", ""feature"": ""close_in_range"", ""direction"": ""+"", ""impact"": 0.09774553775787354}, {""label"": ""sector 1-week"", ""feature"": ""sector_ret_5d"", ""direction"": ""-"", ""impact"": -0.0773794874548912}, {""label"": ""1-day momentum"", ""feature"": ""ret_1d"", ""direction"": ""-"", ""impact"": -0.04838719964027405}, {""label"": ""MACD histogram"", ""feature"": ""macd_hist"", ""direction"": ""-"", ""impact"": -0.04394114017486572}]",validated,847.05,-0.0109,True
2026-07-01_BEL,2026-07-01,BEL,416.25,0.4276,Bearish,"[{""label"": ""daily range"", ""feature"": ""hl_range_pct"", ""direction"": ""-"", ""impact"": -0.13939104974269867}, {""label"": ""sector 1-week"", ""feature"": ""sector_ret_5d"", ""direction"": ""-"", ""impact"": -0.08894316107034683}, {""label"": ""below 20-day high"", ""feature"": ""dist_high_20"", ""direction"": ""+"", ""impact"": 0.06579998880624771}, {""label"": ""1-day momentum"", ""feature"": ""ret_1d"", ""direction"": ""-"", ""impact"": -0.056529901921749115}]",validated,415.05,-0.0029,True
2026-07-01_DYNAMATECH,2026-07-01,DYNAMATECH,10397.0,0.4224,Bearish,"[{""label"": ""close strength"", ""feature"": ""close_in_range"", ""direction"": ""-"", ""impact"": -0.08283664286136627}, {""label"": ""sector 1-week"", ""feature"": ""sector_ret_5d"", ""direction"": ""-"", ""impact"": -0.08109787106513977}, {""label"": ""1-day momentum"", ""feature"": ""ret_1d"", ""direction"": ""-"", ""impact"": -0.04881338030099869}, {""label"": ""sector 1-day"", ""feature"": ""sector_ret_1d"", ""direction"": ""+"", ""impact"": 0.03987637162208557}]",validated,10424.0,0.0026,False
2026-07-01_ZENTEC,2026-07-01,ZENTEC,1763.1,0.4219,Bearish,"[{""label"": ""volume surge"", ""feature"": ""vol_ratio"", ""direction"": ""-"", ""impact"": -0.12972469627857208}, {""label"": ""sector 1-week"", ""feature"": ""sector_ret_5d"", ""direction"": ""-"", ""impact"": -0.08871421217918396}, {""label"": ""close strength"", ""feature"": ""close_in_range"", ""direction"": ""-"", ""impact"": -0.07932035624980927}, {""label"": ""1-day momentum"", ""feature"": ""ret_1d"", ""direction"": ""+"", ""impact"": 0.06289736181497574}]",validated,1773.2,0.0057,False
2026-07-01_DATAPATTNS,2026-07-01,DATAPATTNS,4533.5,0.421,Bearish,"[{""label"": ""sector 1-week"", ""feature"": ""sector_ret_5d"", ""direction"": ""-"", ""impact"": -0.087384432554245}, {""label"": ""Bollinger position"", ""feature"": ""bb_position"", ""direction"": ""+"", ""impact"": 0.06756507605314255}, {""label"": ""close strength"", ""feature"": ""close_in_range"", ""direction"": ""-"", ""impact"": -0.0665304884314537}, {""label"": ""1-day momentum"", ""feature"": ""ret_1d"", ""direction"": ""-"", ""impact"": -0.059908296912908554}]",validated,4656.7,0.0272,False
2026-07-01_HBLENGINE,2026-07-01,HBLENGINE,822.3,0.42,Bearish,"[{""label"": ""close strength"", ""feature"": ""close_in_range"", ""direction"": ""-"", ""impact"": -0.08281080424785614}, {""label"": ""sector 1-week"", ""feature"": ""sector_ret_5d"", ""direction"": ""-"", ""impact"": -0.07906273752450943}, {""label"": ""1-day momentum"", ""feature"": ""ret_1d"", ""direction"": ""-"", ""impact"": -0.0710228979587555}, {""label"": ""up-days in 10"", ""feature"": ""up_days_10"", ""direction"": ""+"", ""impact"": 0.04967256635427475}]",validated,823.75,0.0018,False
2026-07-01_MAZDOCK,2026-07-01,MAZDOCK,2535.7,0.3835,Bearish,"[{""label"": ""sector 1-week"", ""feature"": ""sector_ret_5d"", ""direction"": ""-"", ""impact"": -0.08265484869480133}, {""label"": ""RSI (14)"", ""feature"": ""rsi_14"", ""direction"": ""-"", ""impact"": -0.06822791695594788}, {""label"": ""1-day momentum"", ""feature"": ""ret_1d"", ""direction"": ""-"", ""impact"": -0.05215181037783623}, {""label"": ""close strength"", ""feature"": ""close_in_range"", ""direction"": ""+"", ""impact"": 0.047759056091308594}]",validated,2555.0,0.0076,False
2026-07-01_COCHINSHIP,2026-07-01,COCHINSHIP,1504.4,0.3797,Bearish,"[{""label"": ""1-day momentum"", ""feature"": ""ret_1d"", ""direction"": ""-"", ""impact"": -0.11047101020812988}, {""label"": ""sector 1-week"", ""feature"": ""sector_ret_5d"", ""direction"": ""-"", ""impact"": -0.08717378228902817}, {""label"": ""close strength"", ""feature"": ""close_in_range"", ""direction"": ""-"", ""impact"": -0.05306591838598251}, {""label"": ""below 20-day high"", ""feature"": ""dist_high_20"", ""direction"": ""-"", ""impact"": -0.04737212881445885}]",validated,1519.3,0.0099,False
2026-07-02_MTARTECH,2026-07-02,MTARTECH,7400.5,0.561,Bullish,"[{""label"": ""MACD momentum"", ""feature"": ""macd_hist_slope"", ""direction"": ""+"", ""impact"": 0.37949517369270325}, {""label"": ""volume z-score"", ""feature"": ""vol_zscore"", ""direction"": ""+"", ""impact"": 0.08115199953317642}, {""label"": ""day of week"", ""feature"": ""dow"", ""direction"": ""-"", ""impact"": -0.07772202044725418}, {""label"": ""sector 1-week"", ""feature"": ""sector_ret_5d"", ""direction"": ""-"", ""impact"": -0.0586160346865654}]",validated,7033.5,-0.0496,False
2026-07-02_PARAS,2026-07-02,PARAS,1343.8,0.5185,Bullish,"[{""label"": ""close strength"", ""feature"": ""close_in_range"", ""direction"": ""+"", ""impact"": 0.11812940239906311}, {""label"": ""above 20-day low"", ""feature"": ""dist_low_20"", ""direction"": ""+"", ""impact"": 0.10220221430063248}, {""label"": ""vs 50-day avg"", ""feature"": ""dist_sma50"", ""direction"": ""-"", ""impact"": -0.06660151481628418}, {""label"": ""sector 1-week"", ""feature"": ""sector_ret_5d"", ""direction"": ""-"", ""impact"": -0.05779734253883362}]",validated,1294.0,-0.0371,False
2026-07-02_ASTRAMICRO,2026-07-02,ASTRAMICRO,1795.7,0.5022,Bullish,"[{""label"": ""close strength"", ""feature"": ""close_in_range"", ""direction"": ""+"", ""impact"": 0.12913289666175842}, {""label"": ""above 20-day low"", ""feature"": ""dist_low_20"", ""direction"": ""+"", ""impact"": 0.08172757923603058}, {""label"": ""sector 1-week"", ""feature"": ""sector_ret_5d"", ""direction"": ""-"", ""impact"": -0.076364666223526}, {""label"": ""1-day momentum"", ""feature"": ""ret_1d"", ""direction"": ""-"", ""impact"": -0.0716693177819252}]",validated,1848.5,0.0294,True
2026-07-02_IDEAFORGE,2026-07-02,IDEAFORGE,847.05,0.461,Bearish,"[{""label"": ""overnight gap"", ""feature"": ""gap_pct"", ""direction"": ""+"", ""impact"": 0.12476501613855362}, {""label"": ""close strength"", ""feature"": ""close_in_range"", ""direction"": ""-"", ""impact"": -0.08223164826631546}, {""label"": ""sector 1-week"", ""feature"": ""sector_ret_5d"", ""direction"": ""-"", ""impact"": -0.06585502624511719}, {""label"": ""1-day momentum"", ""feature"": ""ret_1d"", ""direction"": ""+"", ""impact"": 0.06532740592956543}]",validated,821.6,-0.03,True
2026-07-02_DYNAMATECH,2026-07-02,DYNAMATECH,10424.0,0.4562,Bearish,"[{""label"": ""3-day momentum"", ""feature"": ""ret_3d"", ""direction"": ""+"", ""impact"": 0.0872114896774292}, {""label"": ""close strength"", ""feature"": ""close_in_range"", ""direction"": ""+"", ""impact"": 0.059070952236652374}, {""label"": ""sector 1-week"", ""feature"": ""sector_ret_5d"", ""direction"": ""-"", ""impact"": -0.054873015731573105}, {""label"": ""1-day momentum"", ""feature"": ""ret_1d"", ""direction"": ""-"", ""impact"": -0.05176784098148346}]",validated,10288.0,-0.013,True
2026-07-02_GRSE,2026-07-02,GRSE,2771.3,0.4437,Bearish,"[{""label"": ""sector 1-week"", ""feature"": ""sector_ret_5d"", ""direction"": ""-"", ""impact"": -0.06989230215549469}, {""label"": ""close strength"", ""feature"": ""close_in_range"", ""direction"": ""+"", ""impact"": 0.0693262442946434}, {""label"": ""1-day momentum"", ""feature"": ""ret_1d"", ""direction"": ""-"", ""impact"": -0.057557638734579086}, {""label"": ""MACD momentum"", ""feature"": ""macd_hist_slope"", ""direction"": ""-"", ""impact"": -0.03812635689973831}]",validated,2748.5,-0.0082,True
2026-07-02_DATAPATTNS,2026-07-02,DATAPATTNS,4656.7,0.4299,Bearish,"[{""label"": ""close strength"", ""feature"": ""close_in_range"", ""direction"": ""+"", ""impact"": 0.06978190690279007}, {""label"": ""sector 1-week"", ""feature"": ""sector_ret_5d"", ""direction"": ""-"", ""impact"": -0.06142767146229744}, {""label"": ""1-day momentum"", ""feature"": ""ret_1d"", ""direction"": ""-"", ""impact"": -0.047231897711753845}, {""label"": ""day of week"", ""feature"": ""dow"", ""direction"": ""-"", ""impact"": -0.0406506173312664}]",validated,4507.0,-0.0321,True
2026-07-02_COCHINSHIP,2026-07-02,COCHINSHIP,1519.3,0.4294,Bearish,"[{""label"": ""sector 1-week"", ""feature"": ""sector_ret_5d"", ""direction"": ""-"", ""impact"": -0.0844988226890564}, {""label"": ""below 20-day high"", ""feature"": ""dist_high_20"", ""direction"": ""-"", ""impact"": -0.07451590150594711}, {""label"": ""3-day momentum"", ""feature"": ""ret_3d"", ""direction"": ""+"", ""impact"": 0.07097598165273666}, {""label"": ""close strength"", ""feature"": ""close_in_range"", ""direction"": ""+"", ""impact"": 0.06706279516220093}]",validated,1524.1,0.0032,False
2026-07-02_BEML,2026-07-02,BEML,1867.0,0.4172,Bearish,"[{""label"": ""sector 1-week"", ""feature"": ""sector_ret_5d"", ""direction"": ""-"", ""impact"": -0.08105064928531647}, {""label"": ""close strength"", ""feature"": ""close_in_range"", ""direction"": ""+"", ""impact"": 0.07329631596803665}, {""label"": ""1-day momentum"", ""feature"": ""ret_1d"", ""direction"": ""-"", ""impact"": -0.06203876808285713}, {""label"": ""3-day momentum"", ""feature"": ""ret_3d"", ""direction"": ""+"", ""impact"": 0.060597844421863556}]",validated,1864.7,-0.0012,True
2026-07-02_SOLARINDS,2026-07-02,SOLARINDS,18659.0,0.4155,Bearish,"[{""label"": ""close strength"", ""feature"": ""close_in_range"", ""direction"": ""+"", ""impact"": 0.07822209596633911}, {""label"": ""sector 1-week"", ""feature"": ""sector_ret_5d"", ""direction"": ""-"", ""impact"": -0.07651211321353912}, {""label"": ""1-day momentum"", ""feature"": ""ret_1d"", ""direction"": ""-"", ""impact"": -0.07490524649620056}, {""label"": ""volume surge"", ""feature"": ""vol_ratio"", ""direction"": ""-"", ""impact"": -0.06248742341995239}]",validated,18514.0,-0.0078,True
2026-07-02_HBLENGINE,2026-07-02,HBLENGINE,823.75,0.4111,Bearish,"[{""label"": ""up-days in 10"", ""feature"": ""up_days_10"", ""direction"": ""+"", ""impact"": 0.0783994123339653}, {""label"": ""1-day momentum"", ""feature"": ""ret_1d"", ""direction"": ""-"", ""impact"": -0.07431063055992126}, {""label"": ""close strength"", ""feature"": ""close_in_range"", ""direction"": ""-"", ""impact"": -0.07282354682683945}, {""label"": ""sector 1-week"", ""feature"": ""sector_ret_5d"", ""direction"": ""-"", ""impact"": -0.06623327732086182}]",validated,816.95,-0.0083,True
2026-07-02_ZENTEC,2026-07-02,ZENTEC,1773.2,0.403,Bearish,"[{""label"": ""close strength"", ""feature"": ""close_in_range"", ""direction"": ""-"", ""impact"": -0.07811690866947174}, {""label"": ""sector 1-week"", ""feature"": ""sector_ret_5d"", ""direction"": ""-"", ""impact"": -0.07149390131235123}, {""label"": ""1-day momentum"", ""feature"": ""ret_1d"", ""direction"": ""-"", ""impact"": -0.05160459131002426}, {""label"": ""sector 1-day"", ""feature"": ""sector_ret_1d"", ""direction"": ""-"", ""impact"": -0.03665122017264366}]",validated,1746.7,-0.0149,True
2026-07-02_MAZDOCK,2026-07-02,MAZDOCK,2555.0,0.402,Bearish,"[{""label"": ""sector 1-week"", ""feature"": ""sector_ret_5d"", ""direction"": ""-"", ""impact"": -0.09488832950592041}, {""label"": ""daily range"", ""feature"": ""hl_range_pct"", ""direction"": ""-"", ""impact"": -0.08165333420038223}, {""label"": ""close strength"", ""feature"": ""close_in_range"", ""direction"": ""+"", ""impact"": 0.07817733287811279}, {""label"": ""1-day momentum"", ""feature"": ""ret_1d"", ""direction"": ""-"", ""impact"": -0.061349593102931976}]",validated,2543.6,-0.0045,True
2026-07-02_BDL,2026-07-02,BDL,1384.9,0.3977,Bearish,"[{""label"": ""daily range"", ""feature"": ""hl_range_pct"", ""direction"": ""-"", ""impact"": -0.13408522307872772}, {""label"": ""sector 1-week"", ""feature"": ""sector_ret_5d"", ""direction"": ""-"", ""impact"": -0.07081477344036102}, {""label"": ""1-day momentum"", ""feature"": ""ret_1d"", ""direction"": ""-"", ""impact"": -0.06793007254600525}, {""label"": ""close strength"", ""feature"": ""close_in_range"", ""direction"": ""+"", ""impact"": 0.06399361044168472}]",validated,1388.2,0.0024,False
2026-07-02_HAL,2026-07-02,HAL,4434.0,0.39,Bearish,"[{""label"": ""daily range"", ""feature"": ""hl_range_pct"", ""direction"": ""-"", ""impact"": -0.16359321773052216}, {""label"": ""sector 1-week"", ""feature"": ""sector_ret_5d"", ""direction"": ""-"", ""impact"": -0.07263258099555969}, {""label"": ""close strength"", ""feature"": ""close_in_range"", ""direction"": ""+"", ""impact"": 0.06782163679599762}, {""label"": ""1-day momentum"", ""feature"": ""ret_1d"", ""direction"": ""-"", ""impact"": -0.06708633154630661}]",validated,4428.9,-0.0012,True
2026-07-02_BEL,2026-07-02,BEL,415.05,0.3837,Bearish,"[{""label"": ""daily range"", ""feature"": ""hl_range_pct"", ""direction"": ""-"", ""impact"": -0.13114061951637268}, {""label"": ""1-day momentum"", ""feature"": ""ret_1d"", ""direction"": ""-"", ""impact"": -0.0949551984667778}, {""label"": ""sector 1-week"", ""feature"": ""sector_ret_5d"", ""direction"": ""-"", ""impact"": -0.07917387783527374}, {""label"": ""volume surge"", ""feature"": ""vol_ratio"", ""direction"": ""+"", ""impact"": 0.05930281803011894}]",validated,418.05,0.0072,False
2026-07-03_MTARTECH,2026-07-03,MTARTECH,7033.5,0.4795,Bearish,"[{""label"": ""MACD momentum"", ""feature"": ""macd_hist_slope"", ""direction"": ""+"", ""impact"": 0.4482596814632416}, {""label"": ""day of week"", ""feature"": ""dow"", ""direction"": ""-"", ""impact"": -0.18045809864997864}, {""label"": ""sector 1-day"", ""feature"": ""sector_ret_1d"", ""direction"": ""-"", ""impact"": -0.1644016057252884}, {""label"": ""volume surge"", ""feature"": ""vol_ratio"", ""direction"": ""-"", ""impact"": -0.10878150910139084}]",validated,7047.0,0.0019,False
2026-07-03_ASTRAMICRO,2026-07-03,ASTRAMICRO,1848.5,0.4673,Bearish,"[{""label"": ""sector 1-day"", ""feature"": ""sector_ret_1d"", ""direction"": ""-"", ""impact"": -0.16494318842887878}, {""label"": ""close strength"", ""feature"": ""close_in_range"", ""direction"": ""+"", ""impact"": 0.1576293259859085}, {""label"": ""day of week"", ""feature"": ""dow"", ""direction"": ""-"", ""impact"": -0.1261821836233139}, {""label"": ""Bollinger width"", ""feature"": ""bb_width"", ""direction"": ""+"", ""impact"": 0.08774783462285995}]",validated,1850.0,0.0008,False
2026-07-03_HBLENGINE,2026-07-03,HBLENGINE,816.95,0.4154,Bearish,"[{""label"": ""sector 1-day"", ""feature"": ""sector_ret_1d"", ""direction"": ""-"", ""impact"": -0.16697297990322113}, {""label"": ""day of week"", ""feature"": ""dow"", ""direction"": ""-"", ""impact"": -0.11386945098638535}, {""label"": ""close strength"", ""feature"": ""close_in_range"", ""direction"": ""-"", ""impact"": -0.10970159620046616}, {""label"": ""1-day momentum"", ""feature"": ""ret_1d"", ""direction"": ""+"", ""impact"": 0.08343911170959473}]",validated,807.5,-0.0116,True
2026-07-03_PARAS,2026-07-03,PARAS,1294.0,0.4091,Bearish,"[{""label"": ""sector 1-day"", ""feature"": ""sector_ret_1d"", ""direction"": ""-"", ""impact"": -0.1591789871454239}, {""label"": ""day of week"", ""feature"": ""dow"", ""direction"": ""-"", ""impact"": -0.1590265929698944}, {""label"": ""close strength"", ""feature"": ""close_in_range"", ""direction"": ""-"", ""impact"": -0.10497471690177917}, {""label"": ""above 20-day low"", ""feature"": ""dist_low_20"", ""direction"": ""+"", ""impact"": 0.07534657418727875}]",validated,1358.4,0.0498,False
2026-07-03_ZENTEC,2026-07-03,ZENTEC,1746.7,0.3991,Bearish,"[{""label"": ""sector 1-day"", ""feature"": ""sector_ret_1d"", ""direction"": ""-"", ""impact"": -0.17323149740695953}, {""label"": ""day of week"", ""feature"": ""dow"", ""direction"": ""-"", ""impact"": -0.11598535627126694}, {""label"": ""close strength"", ""feature"": ""close_in_range"", ""direction"": ""-"", ""impact"": -0.10186085104942322}, {""label"": ""Bollinger position"", ""feature"": ""bb_position"", ""direction"": ""+"", ""impact"": 0.08192363381385803}]",validated,1852.8,0.0607,False
2026-07-03_DYNAMATECH,2026-07-03,DYNAMATECH,10288.0,0.3935,Bearish,"[{""label"": ""sector 1-day"", ""feature"": ""sector_ret_1d"", ""direction"": ""-"", ""impact"": -0.16967618465423584}, {""label"": ""day of week"", ""feature"": ""dow"", ""direction"": ""-"", ""impact"": -0.10711013525724411}, {""label"": ""close strength"", ""feature"": ""close_in_range"", ""direction"": ""-"", ""impact"": -0.07287953048944473}, {""label"": ""1-day momentum"", ""feature"": ""ret_1d"", ""direction"": ""+"", ""impact"": 0.0727861225605011}]",validated,10793.0,0.0491,False
2026-07-03_IDEAFORGE,2026-07-03,IDEAFORGE,821.6,0.3904,Bearish,"[{""label"": ""sector 1-day"", ""feature"": ""sector_ret_1d"", ""direction"": ""-"", ""impact"": -0.18698622286319733}, {""label"": ""day of week"", ""feature"": ""dow"", ""direction"": ""-"", ""impact"": -0.13467280566692352}, {""label"": ""close strength"", ""feature"": ""close_in_range"", ""direction"": ""-"", ""impact"": -0.11381389945745468}, {""label"": ""overnight gap"", ""feature"": ""gap_pct"", ""direction"": ""+"", ""impact"": 0.07209675014019012}]",validated,854.0,0.0394,False
2026-07-03_GRSE,2026-07-03,GRSE,2748.5,0.3779,Bearish,"[{""label"": ""sector 1-day"", ""feature"": ""sector_ret_1d"", ""direction"": ""-"", ""impact"": -0.17196066677570343}, {""label"": ""day of week"", ""feature"": ""dow"", ""direction"": ""-"", ""impact"": -0.11246851086616516}, {""label"": ""close strength"", ""feature"": ""close_in_range"", ""direction"": ""-"", ""impact"": -0.10165110975503922}, {""label"": ""1-day momentum"", ""feature"": ""ret_1d"", ""direction"": ""+"", ""impact"": 0.06253090500831604}]",validated,2765.7,0.0063,False
2026-07-03_SOLARINDS,2026-07-03,SOLARINDS,18514.0,0.3754,Bearish,"[{""label"": ""sector 1-day"", ""feature"": ""sector_ret_1d"", ""direction"": ""-"", ""impact"": -0.1557484120130539}, {""label"": ""day of week"", ""feature"": ""dow"", ""direction"": ""-"", ""impact"": -0.11730750650167465}, {""label"": ""1-day momentum"", ""feature"": ""ret_1d"", ""direction"": ""+"", ""impact"": 0.10523690283298492}, {""label"": ""volume surge"", ""feature"": ""vol_ratio"", ""direction"": ""-"", ""impact"": -0.06338918209075928}]",validated,18539.0,0.0014,False
2026-07-03_BDL,2026-07-03,BDL,1388.2,0.3752,Bearish,"[{""label"": ""sector 1-day"", ""feature"": ""sector_ret_1d"", ""direction"": ""-"", ""impact"": -0.1613043248653412}, {""label"": ""day of week"", ""feature"": ""dow"", ""direction"": ""-"", ""impact"": -0.11430106312036514}, {""label"": ""close strength"", ""feature"": ""close_in_range"", ""direction"": ""-"", ""impact"": -0.10600218921899796}, {""label"": ""volume surge"", ""feature"": ""vol_ratio"", ""direction"": ""+"", ""impact"": 0.06250889599323273}]",validated,1409.6,0.0154,False
2026-07-03_DATAPATTNS,2026-07-03,DATAPATTNS,4507.0,0.3701,Bearish,"[{""label"": ""sector 1-day"", ""feature"": ""sector_ret_1d"", ""direction"": ""-"", ""impact"": -0.15223507583141327}, {""label"": ""day of week"", ""feature"": ""dow"", ""direction"": ""-"", ""impact"": -0.125350221991539}, {""label"": ""close strength"", ""feature"": ""close_in_range"", ""direction"": ""-"", ""impact"": -0.11066946387290955}, {""label"": ""sector 1-week"", ""feature"": ""sector_ret_5d"", ""direction"": ""-"", ""impact"": -0.04759147763252258}]",validated,4615.5,0.0241,False
2026-07-03_BEML,2026-07-03,BEML,1864.7,0.367,Bearish,"[{""label"": ""sector 1-day"", ""feature"": ""sector_ret_1d"", ""direction"": ""-"", ""impact"": -0.16413988173007965}, {""label"": ""day of week"", ""feature"": ""dow"", ""direction"": ""-"", ""impact"": -0.13492989540100098}, {""label"": ""close strength"", ""feature"": ""close_in_range"", ""direction"": ""+"", ""impact"": 0.0842246413230896}, {""label"": ""volume surge"", ""feature"": ""vol_ratio"", ""direction"": ""-"", ""impact"": -0.061320722103118896}]",validated,1855.2,-0.0051,True
2026-07-03_HAL,2026-07-03,HAL,4428.9,0.3608,Bearish,"[{""label"": ""sector 1-day"", ""feature"": ""sector_ret_1d"", ""direction"": ""-"", ""impact"": -0.1739225536584854}, {""label"": ""close strength"", ""feature"": ""close_in_range"", ""direction"": ""-"", ""impact"": -0.10526862740516663}, {""label"": ""day of week"", ""feature"": ""dow"", ""direction"": ""-"", ""impact"": -0.10348198562860489}, {""label"": ""sector 1-week"", ""feature"": ""sector_ret_5d"", ""direction"": ""-"", ""impact"": -0.058346398174762726}]",validated,4440.6,0.0026,False
2026-07-03_MAZDOCK,2026-07-03,MAZDOCK,2543.6,0.3483,Bearish,"[{""label"": ""sector 1-day"", ""feature"": ""sector_ret_1d"", ""direction"": ""-"", ""impact"": -0.15896514058113098}, {""label"": ""close strength"", ""feature"": ""close_in_range"", ""direction"": ""-"", ""impact"": -0.10850780457258224}, {""label"": ""day of week"", ""feature"": ""dow"", ""direction"": ""-"", ""impact"": -0.09261247515678406}, {""label"": ""1-day momentum"", ""feature"": ""ret_1d"", ""direction"": ""+"", ""impact"": 0.061862196773290634}]",validated,2573.9,0.0119,False
2026-07-03_BEL,2026-07-03,BEL,418.05,0.3434,Bearish,"[{""label"": ""sector 1-day"", ""feature"": ""sector_ret_1d"", ""direction"": ""-"", ""impact"": -0.16847524046897888}, {""label"": ""close strength"", ""feature"": ""close_in_range"", ""direction"": ""-"", ""impact"": -0.10825422406196594}, {""label"": ""day of week"", ""feature"": ""dow"", ""direction"": ""-"", ""impact"": -0.08451689034700394}, {""label"": ""sector 1-week"", ""feature"": ""sector_ret_5d"", ""direction"": ""-"", ""impact"": -0.06274928152561188}]",validated,425.55,0.0179,False
2026-07-03_COCHINSHIP,2026-07-03,COCHINSHIP,1524.1,0.304,Bearish,"[{""label"": ""sector 1-day"", ""feature"": ""sector_ret_1d"", ""direction"": ""-"", ""impact"": -0.15749163925647736}, {""label"": ""day of week"", ""feature"": ""dow"", ""direction"": ""-"", ""impact"": -0.11856397241353989}, {""label"": ""close strength"", ""feature"": ""close_in_range"", ""direction"": ""-"", ""impact"": -0.10295719653367996}, {""label"": ""sector 1-week"", ""feature"": ""sector_ret_5d"", ""direction"": ""-"", ""impact"": -0.06513253599405289}]",validated,1506.4,-0.0116,True
2026-07-06_ASTRAMICRO,2026-07-06,ASTRAMICRO,1850.0,0.5259,Bullish,"[{""label"": ""sector 1-week"", ""feature"": ""sector_ret_5d"", ""direction"": ""-"", ""impact"": -0.3265940546989441}, {""label"": ""Bollinger width"", ""feature"": ""bb_width"", ""direction"": ""+"", ""impact"": 0.13791759312152863}, {""label"": ""day of week"", ""feature"": ""dow"", ""direction"": ""+"", ""impact"": 0.09058045595884323}, {""label"": ""above 20-day low"", ""feature"": ""dist_low_20"", ""direction"": ""+"", ""impact"": 0.07660362124443054}]",validated,1782.2,-0.0366,False
2026-07-06_ZENTEC,2026-07-06,ZENTEC,1852.8,0.4673,Bearish,"[{""label"": ""sector 1-week"", ""feature"": ""sector_ret_5d"", ""direction"": ""-"", ""impact"": -0.3834630250930786}, {""label"": ""close strength"", ""feature"": ""close_in_range"", ""direction"": ""+"", ""impact"": 0.10066640377044678}, {""label"": ""day of week"", ""feature"": ""dow"", ""direction"": ""+"", ""impact"": 0.09001263976097107}, {""label"": ""volume z-score"", ""feature"": ""vol_zscore"", ""direction"": ""+"", ""impact"": 0.05974878370761871}]",validated,1863.4,0.0057,False
2026-07-06_PARAS,2026-07-06,PARAS,1358.4,0.4629,Bearish,"[{""label"": ""sector 1-week"", ""feature"": ""sector_ret_5d"", ""direction"": ""-"", ""impact"": -0.3460439443588257}, {""label"": ""day of week"", ""feature"": ""dow"", ""direction"": ""+"", ""impact"": 0.09669417142868042}, {""label"": ""close strength"", ""feature"": ""close_in_range"", ""direction"": ""+"", ""impact"": 0.080048568546772}, {""label"": ""Bollinger width"", ""feature"": ""bb_width"", ""direction"": ""+"", ""impact"": 0.0799383595585823}]",validated,1294.5,-0.047,True
2026-07-06_IDEAFORGE,2026-07-06,IDEAFORGE,854.0,0.461,Bearish,"[{""label"": ""sector 1-week"", ""feature"": ""sector_ret_5d"", ""direction"": ""-"", ""impact"": -0.40160536766052246}, {""label"": ""close strength"", ""feature"": ""close_in_range"", ""direction"": ""+"", ""impact"": 0.09337854385375977}, {""label"": ""overnight gap"", ""feature"": ""gap_pct"", ""direction"": ""+"", ""impact"": 0.09321314096450806}, {""label"": ""day of week"", ""feature"": ""dow"", ""direction"": ""+"", ""impact"": 0.075717993080616}]",validated,840.45,-0.0159,True
2026-07-06_DYNAMATECH,2026-07-06,DYNAMATECH,10793.0,0.4408,Bearish,"[{""label"": ""sector 1-week"", ""feature"": ""sector_ret_5d"", ""direction"": ""-"", ""impact"": -0.3872203528881073}, {""label"": ""close strength"", ""feature"": ""close_in_range"", ""direction"": ""+"", ""impact"": 0.08210882544517517}, {""label"": ""day of week"", ""feature"": ""dow"", ""direction"": ""+"", ""impact"": 0.07990479469299316}, {""label"": ""sector 1-day"", ""feature"": ""sector_ret_1d"", ""direction"": ""+"", ""impact"": 0.04571857675909996}]",validated,10765.0,-0.0026,True
2026-07-06_MTARTECH,2026-07-06,MTARTECH,7047.0,0.4256,Bearish,"[{""label"": ""sector 1-week"", ""feature"": ""sector_ret_5d"", ""direction"": ""-"", ""impact"": -0.4602331519126892}, {""label"": ""volume surge"", ""feature"": ""vol_ratio"", ""direction"": ""-"", ""impact"": -0.12107839435338974}, {""label"": ""day of week"", ""feature"": ""dow"", ""direction"": ""+"", ""impact"": 0.10593471676111221}, {""label"": ""MACD momentum"", ""feature"": ""macd_hist_slope"", ""direction"": ""+"", ""impact"": 0.09225205332040787}]",validated,7006.5,-0.0057,True
2026-07-06_HBLENGINE,2026-07-06,HBLENGINE,807.5,0.4039,Bearish,"[{""label"": ""sector 1-week"", ""feature"": ""sector_ret_5d"", ""direction"": ""-"", ""impact"": -0.43986380100250244}, {""label"": ""close strength"", ""feature"": ""close_in_range"", ""direction"": ""-"", ""impact"": -0.09932620078325272}, {""label"": ""volume surge"", ""feature"": ""vol_ratio"", ""direction"": ""+"", ""impact"": 0.0554305836558342}, {""label"": ""day of week"", ""feature"": ""dow"", ""direction"": ""+"", ""impact"": 0.052135564386844635}]",validated,781.9,-0.0317,True
2026-07-06_BEML,2026-07-06,BEML,1855.2,0.4019,Bearish,"[{""label"": ""sector 1-week"", ""feature"": ""sector_ret_5d"", ""direction"": ""-"", ""impact"": -0.4228973984718323}, {""label"": ""close strength"", ""feature"": ""close_in_range"", ""direction"": ""+"", ""impact"": 0.11311747878789902}, {""label"": ""1-day momentum"", ""feature"": ""ret_1d"", ""direction"": ""+"", ""impact"": 0.07710029184818268}, {""label"": ""day of week"", ""feature"": ""dow"", ""direction"": ""+"", ""impact"": 0.06888820976018906}]",validated,1832.6,-0.0122,True
2026-07-06_GRSE,2026-07-06,GRSE,2765.7,0.4005,Bearish,"[{""label"": ""sector 1-week"", ""feature"": ""sector_ret_5d"", ""direction"": ""-"", ""impact"": -0.40972989797592163}, {""label"": ""close strength"", ""feature"": ""close_in_range"", ""direction"": ""+"", ""impact"": 0.09726053476333618}, {""label"": ""day of week"", ""feature"": ""dow"", ""direction"": ""+"", ""impact"": 0.07353409379720688}, {""label"": ""volume surge"", ""feature"": ""vol_ratio"", ""direction"": ""+"", ""impact"": 0.05009932443499565}]",validated,2695.3,-0.0255,True
2026-07-06_BEL,2026-07-06,BEL,425.55,0.4003,Bearish,"[{""label"": ""sector 1-week"", ""feature"": ""sector_ret_5d"", ""direction"": ""-"", ""impact"": -0.40114539861679077}, {""label"": ""close strength"", ""feature"": ""close_in_range"", ""direction"": ""+"", ""impact"": 0.10155379772186279}, {""label"": ""day of week"", ""feature"": ""dow"", ""direction"": ""+"", ""impact"": 0.05977571755647659}, {""label"": ""1-day momentum"", ""feature"": ""ret_1d"", ""direction"": ""-"", ""impact"": -0.04864298924803734}]",validated,419.15,-0.015,True
2026-07-06_DATAPATTNS,2026-07-06,DATAPATTNS,4615.5,0.3756,Bearish,"[{""label"": ""sector 1-week"", ""feature"": ""sector_ret_5d"", ""direction"": ""-"", ""impact"": -0.4057624936103821}, {""label"": ""day of week"", ""feature"": ""dow"", ""direction"": ""+"", ""impact"": 0.086012102663517}, {""label"": ""close strength"", ""feature"": ""close_in_range"", ""direction"": ""+"", ""impact"": 0.08550487458705902}, {""label"": ""Bollinger width"", ""feature"": ""bb_width"", ""direction"": ""-"", ""impact"": -0.038787782192230225}]",validated,4396.9,-0.0474,True
2026-07-06_SOLARINDS,2026-07-06,SOLARINDS,18539.0,0.3693,Bearish,"[{""label"": ""sector 1-week"", ""feature"": ""sector_ret_5d"", ""direction"": ""-"", ""impact"": -0.4129153788089752}, {""label"": ""close strength"", ""feature"": ""close_in_range"", ""direction"": ""-"", ""impact"": -0.09015762805938721}, {""label"": ""day of week"", ""feature"": ""dow"", ""direction"": ""+"", ""impact"": 0.05779806524515152}, {""label"": ""volume surge"", ""feature"": ""vol_ratio"", ""direction"": ""+"", ""impact"": 0.05509166046977043}]",validated,18268.0,-0.0146,True
2026-07-06_BDL,2026-07-06,BDL,1409.6,0.3682,Bearish,"[{""label"": ""sector 1-week"", ""feature"": ""sector_ret_5d"", ""direction"": ""-"", ""impact"": -0.4182109236717224}, {""label"": ""close strength"", ""feature"": ""close_in_range"", ""direction"": ""-"", ""impact"": -0.08044569939374924}, {""label"": ""day of week"", ""feature"": ""dow"", ""direction"": ""+"", ""impact"": 0.06478196382522583}, {""label"": ""sector 1-day"", ""feature"": ""sector_ret_1d"", ""direction"": ""+"", ""impact"": 0.047667086124420166}]",validated,1395.7,-0.0099,True
2026-07-06_COCHINSHIP,2026-07-06,COCHINSHIP,1506.4,0.3617,Bearish,"[{""label"": ""sector 1-week"", ""feature"": ""sector_ret_5d"", ""direction"": ""-"", ""impact"": -0.42443013191223145}, {""label"": ""close strength"", ""feature"": ""close_in_range"", ""direction"": ""-"", ""impact"": -0.08891766518354416}, {""label"": ""volume surge"", ""feature"": ""vol_ratio"", ""direction"": ""-"", ""impact"": -0.06912222504615784}, {""label"": ""day of week"", ""feature"": ""dow"", ""direction"": ""+"", ""impact"": 0.05234971269965172}]",validated,1445.7,-0.0403,True
2026-07-06_HAL,2026-07-06,HAL,4440.6,0.3433,Bearish,"[{""label"": ""sector 1-week"", ""feature"": ""sector_ret_5d"", ""direction"": ""-"", ""impact"": -0.41501063108444214}, {""label"": ""close strength"", ""feature"": ""close_in_range"", ""direction"": ""-"", ""impact"": -0.09121163934469223}, {""label"": ""day of week"", ""feature"": ""dow"", ""direction"": ""+"", ""impact"": 0.049344293773174286}, {""label"": ""volume surge"", ""feature"": ""vol_ratio"", ""direction"": ""+"", ""impact"": 0.04223870858550072}]",validated,4400.3,-0.0091,True
2026-07-06_MAZDOCK,2026-07-06,MAZDOCK,2573.9,0.3367,Bearish,"[{""label"": ""sector 1-week"", ""feature"": ""sector_ret_5d"", ""direction"": ""-"", ""impact"": -0.41198837757110596}, {""label"": ""close strength"", ""feature"": ""close_in_range"", ""direction"": ""+"", ""impact"": 0.07404687255620956}, {""label"": ""day of week"", ""feature"": ""dow"", ""direction"": ""+"", ""impact"": 0.0646001324057579}, {""label"": ""10-day choppiness"", ""feature"": ""ret_std_10"", ""direction"": ""-"", ""impact"": -0.049772411584854126}]",validated,2523.2,-0.0197,True
2026-07-07_SOLARINDS,2026-07-07,SOLARINDS,18268.0,0.554,Bullish,"[{""label"": ""MACD momentum"", ""feature"": ""macd_hist_slope"", ""direction"": ""+"", ""impact"": 0.2546146810054779}, {""label"": ""sector 1-day"", ""feature"": ""sector_ret_1d"", ""direction"": ""-"", ""impact"": -0.15873518586158752}, {""label"": ""1-day momentum"", ""feature"": ""ret_1d"", ""direction"": ""+"", ""impact"": 0.1111489087343216}, {""label"": ""close strength"", ""feature"": ""close_in_range"", ""direction"": ""+"", ""impact"": 0.0996784046292305}]",validated,17971.0,-0.0163,False
2026-07-07_MTARTECH,2026-07-07,MTARTECH,7006.5,0.5448,Bullish,"[{""label"": ""sector 1-day"", ""feature"": ""sector_ret_1d"", ""direction"": ""-"", ""impact"": -0.17451533675193787}, {""label"": ""close strength"", ""feature"": ""close_in_range"", ""direction"": ""+"", ""impact"": 0.120292529463768}, {""label"": ""Bollinger width"", ""feature"": ""bb_width"", ""direction"": ""+"", ""impact"": 0.10812252759933472}, {""label"": ""overnight gap"", ""feature"": ""gap_pct"", ""direction"": ""+"", ""impact"": 0.09773226082324982}]",validated,6826.5,-0.0257,False
2026-07-07_PARAS,2026-07-07,PARAS,1294.5,0.5106,Bullish,"[{""label"": ""sector 1-day"", ""feature"": ""sector_ret_1d"", ""direction"": ""-"", ""impact"": -0.1860475391149521}, {""label"": ""above 20-day low"", ""feature"": ""dist_low_20"", ""direction"": ""+"", ""impact"": 0.1598627269268036}, {""label"": ""Bollinger width"", ""feature"": ""bb_width"", ""direction"": ""+"", ""impact"": 0.08890682458877563}, {""label"": ""sector 1-week"", ""feature"": ""sector_ret_5d"", ""direction"": ""-"", ""impact"": -0.08517167717218399}]",validated,1276.4,-0.014,False
2026-07-07_BDL,2026-07-07,BDL,1395.7,0.5076,Bullish,"[{""label"": ""sector 1-day"", ""feature"": ""sector_ret_1d"", ""direction"": ""-"", ""impact"": -0.15882457792758942}, {""label"": ""1-day momentum"", ""feature"": ""ret_1d"", ""direction"": ""+"", ""impact"": 0.11142096668481827}, {""label"": ""close strength"", ""feature"": ""close_in_range"", ""direction"": ""+"", ""impact"": 0.10906856507062912}, {""label"": ""sector 1-week"", ""feature"": ""sector_ret_5d"", ""direction"": ""-"", ""impact"": -0.09764908999204636}]",validated,1337.4,-0.0418,False
2026-07-07_ASTRAMICRO,2026-07-07,ASTRAMICRO,1782.2,0.479,Bearish,"[{""label"": ""sector 1-day"", ""feature"": ""sector_ret_1d"", ""direction"": ""-"", ""impact"": -0.16788703203201294}, {""label"": ""above 20-day low"", ""feature"": ""dist_low_20"", ""direction"": ""+"", ""impact"": 0.11753275245428085}, {""label"": ""sector 1-week"", ""feature"": ""sector_ret_5d"", ""direction"": ""-"", ""impact"": -0.0970354899764061}, {""label"": ""close strength"", ""feature"": ""close_in_range"", ""direction"": ""-"", ""impact"": -0.08805343508720398}]",validated,1809.3,0.0152,False
2026-07-07_BEML,2026-07-07,BEML,1832.6,0.449,Bearish,"[{""label"": ""sector 1-day"", ""feature"": ""sector_ret_1d"", ""direction"": ""-"", ""impact"": -0.17517095804214478}, {""label"": ""1-day momentum"", ""feature"": ""ret_1d"", ""direction"": ""+"", ""impact"": 0.1146806925535202}, {""label"": ""close strength"", ""feature"": ""close_in_range"", ""direction"": ""+"", ""impact"": 0.10859385877847672}, {""label"": ""sector 1-week"", ""feature"": ""sector_ret_5d"", ""direction"": ""-"", ""impact"": -0.10455887019634247}]",validated,1776.2,-0.0308,True
2026-07-07_HBLENGINE,2026-07-07,HBLENGINE,781.9,0.4443,Bearish,"[{""label"": ""sector 1-day"", ""feature"": ""sector_ret_1d"", ""direction"": ""-"", ""impact"": -0.1659153699874878}, {""label"": ""Bollinger position"", ""feature"": ""bb_position"", ""direction"": ""+"", ""impact"": 0.10176186263561249}, {""label"": ""sector 1-week"", ""feature"": ""sector_ret_5d"", ""direction"": ""-"", ""impact"": -0.09891624003648758}, {""label"": ""close strength"", ""feature"": ""close_in_range"", ""direction"": ""-"", ""impact"": -0.09394217282533646}]",validated,757.05,-0.0318,True
2026-07-07_COCHINSHIP,2026-07-07,COCHINSHIP,1445.7,0.4381,Bearish,"[{""label"": ""sector 1-day"", ""feature"": ""sector_ret_1d"", ""direction"": ""-"", ""impact"": -0.17896237969398499}, {""label"": ""sector 1-week"", ""feature"": ""sector_ret_5d"", ""direction"": ""-"", ""impact"": -0.1064939871430397}, {""label"": ""volume z-score"", ""feature"": ""vol_zscore"", ""direction"": ""+"", ""impact"": 0.10644351691007614}, {""label"": ""1-day momentum"", ""feature"": ""ret_1d"", ""direction"": ""+"", ""impact"": 0.06275154650211334}]",validated,1404.1,-0.0288,True
2026-07-07_ZENTEC,2026-07-07,ZENTEC,1863.4,0.4282,Bearish,"[{""label"": ""sector 1-day"", ""feature"": ""sector_ret_1d"", ""direction"": ""-"", ""impact"": -0.21599791944026947}, {""label"": ""sector 1-week"", ""feature"": ""sector_ret_5d"", ""direction"": ""-"", ""impact"": -0.09655288606882095}, {""label"": ""close strength"", ""feature"": ""close_in_range"", ""direction"": ""+"", ""impact"": 0.08608287572860718}, {""label"": ""volume surge"", ""feature"": ""vol_ratio"", ""direction"": ""+"", ""impact"": 0.06080436706542969}]",validated,1818.6,-0.024,True
2026-07-07_BEL,2026-07-07,BEL,419.15,0.4229,Bearish,"[{""label"": ""sector 1-day"", ""feature"": ""sector_ret_1d"", ""direction"": ""-"", ""impact"": -0.1814906746149063}, {""label"": ""sector 1-week"", ""feature"": ""sector_ret_5d"", ""direction"": ""-"", ""impact"": -0.10380826145410538}, {""label"": ""1-day momentum"", ""feature"": ""ret_1d"", ""direction"": ""+"", ""impact"": 0.08765839040279388}, {""label"": ""below 20-day high"", ""feature"": ""dist_high_20"", ""direction"": ""+"", ""impact"": 0.057805705815553665}]",validated,407.6,-0.0276,True
2026-07-07_IDEAFORGE,2026-07-07,IDEAFORGE,840.45,0.4208,Bearish,"[{""label"": ""sector 1-day"", ""feature"": ""sector_ret_1d"", ""direction"": ""-"", ""impact"": -0.1910552829504013}, {""label"": ""sector 1-week"", ""feature"": ""sector_ret_5d"", ""direction"": ""-"", ""impact"": -0.0934174582362175}, {""label"": ""1-day momentum"", ""feature"": ""ret_1d"", ""direction"": ""+"", ""impact"": 0.06953498721122742}, {""label"": ""close strength"", ""feature"": ""close_in_range"", ""direction"": ""-"", ""impact"": -0.06894555687904358}]",validated,859.85,0.0231,False
2026-07-07_MAZDOCK,2026-07-07,MAZDOCK,2523.2,0.4196,Bearish,"[{""label"": ""sector 1-day"", ""feature"": ""sector_ret_1d"", ""direction"": ""-"", ""impact"": -0.16512618958950043}, {""label"": ""sector 1-week"", ""feature"": ""sector_ret_5d"", ""direction"": ""-"", ""impact"": -0.1027899831533432}, {""label"": ""close strength"", ""feature"": ""close_in_range"", ""direction"": ""-"", ""impact"": -0.10157999396324158}, {""label"": ""1-day momentum"", ""feature"": ""ret_1d"", ""direction"": ""+"", ""impact"": 0.07038245350122452}]",validated,2450.7,-0.0287,True
2026-07-07_DYNAMATECH,2026-07-07,DYNAMATECH,10765.0,0.3992,Bearish,"[{""label"": ""sector 1-day"", ""feature"": ""sector_ret_1d"", ""direction"": ""-"", ""impact"": -0.19521242380142212}, {""label"": ""1-day momentum"", ""feature"": ""ret_1d"", ""direction"": ""-"", ""impact"": -0.1104670986533165}, {""label"": ""sector 1-week"", ""feature"": ""sector_ret_5d"", ""direction"": ""-"", ""impact"": -0.1056123822927475}, {""label"": ""close strength"", ""feature"": ""close_in_range"", ""direction"": ""+"", ""impact"": 0.09146112203598022}]",validated,10551.0,-0.0199,True
2026-07-07_DATAPATTNS,2026-07-07,DATAPATTNS,4396.9,0.3896,Bearish,"[{""label"": ""sector 1-day"", ""feature"": ""sector_ret_1d"", ""direction"": ""-"", ""impact"": -0.18170319497585297}, {""label"": ""sector 1-week"", ""feature"": ""sector_ret_5d"", ""direction"": ""-"", ""impact"": -0.09213507920503616}, {""label"": ""close strength"", ""feature"": ""close_in_range"", ""direction"": ""-"", ""impact"": -0.09081463515758514}, {""label"": ""1-day momentum"", ""feature"": ""ret_1d"", ""direction"": ""+"", ""impact"": 0.050264570862054825}]",validated,4290.3,-0.0242,True
2026-07-07_GRSE,2026-07-07,GRSE,2695.3,0.3888,Bearish,"[{""label"": ""sector 1-day"", ""feature"": ""sector_ret_1d"", ""direction"": ""-"", ""impact"": -0.17576190829277039}, {""label"": ""sector 1-week"", ""feature"": ""sector_ret_5d"", ""direction"": ""-"", ""impact"": -0.10674268007278442}, {""label"": ""close strength"", ""feature"": ""close_in_range"", ""direction"": ""-"", ""impact"": -0.09401127696037292}, {""label"": ""1-day momentum"", ""feature"": ""ret_1d"", ""direction"": ""+"", ""impact"": 0.05418815463781357}]",validated,2619.6,-0.0281,True
2026-07-07_HAL,2026-07-07,HAL,4400.3,0.3434,Bearish,"[{""label"": ""daily range"", ""feature"": ""hl_range_pct"", ""direction"": ""-"", ""impact"": -0.2311733216047287}, {""label"": ""sector 1-day"", ""feature"": ""sector_ret_1d"", ""direction"": ""-"", ""impact"": -0.17291848361492157}, {""label"": ""sector 1-week"", ""feature"": ""sector_ret_5d"", ""direction"": ""-"", ""impact"": -0.0974782258272171}, {""label"": ""volume surge"", ""feature"": ""vol_ratio"", ""direction"": ""-"", ""impact"": -0.07885612547397614}]",validated,4364.7,-0.0081,True
2026-07-08_PARAS,2026-07-08,PARAS,1276.4,0.452,Bearish,"[{""label"": ""sector 1-day"", ""feature"": ""sector_ret_1d"", ""direction"": ""-"", ""impact"": -0.23064753413200378}, {""label"": ""sector 1-week"", ""feature"": ""sector_ret_5d"", ""direction"": ""-"", ""impact"": -0.17947164177894592}, {""label"": ""above 20-day low"", ""feature"": ""dist_low_20"", ""direction"": ""+"", ""impact"": 0.12996001541614532}, {""label"": ""Bollinger width"", ""feature"": ""bb_width"", ""direction"": ""+"", ""impact"": 0.09394964575767517}]",validated,1216.8,-0.0467,True
2026-07-08_SOLARINDS,2026-07-08,SOLARINDS,17971.0,0.4102,Bearish,"[{""label"": ""MACD momentum"", ""feature"": ""macd_hist_slope"", ""direction"": ""+"", ""impact"": 0.24511297047138214}, {""label"": ""sector 1-day"", ""feature"": ""sector_ret_1d"", ""direction"": ""-"", ""impact"": -0.2407541573047638}, {""label"": ""sector 1-week"", ""feature"": ""sector_ret_5d"", ""direction"": ""-"", ""impact"": -0.1949349045753479}, {""label"": ""1-day momentum"", ""feature"": ""ret_1d"", ""direction"": ""+"", ""impact"": 0.06720948219299316}]",validated,17380.0,-0.0329,True
2026-07-08_HAL,2026-07-08,HAL,4364.7,0.4099,Bearish,"[{""label"": ""sector 1-day"", ""feature"": ""sector_ret_1d"", ""direction"": ""-"", ""impact"": -0.24352724850177765}, {""label"": ""sector 1-week"", ""feature"": ""sector_ret_5d"", ""direction"": ""-"", ""impact"": -0.19547806680202484}, {""label"": ""1-day momentum"", ""feature"": ""ret_1d"", ""direction"": ""+"", ""impact"": 0.07843901216983795}, {""label"": ""close strength"", ""feature"": ""close_in_range"", ""direction"": ""+"", ""impact"": 0.07333420217037201}]",validated,4378.9,0.0033,False
2026-07-08_MTARTECH,2026-07-08,MTARTECH,6826.5,0.4046,Bearish,"[{""label"": ""sector 1-day"", ""feature"": ""sector_ret_1d"", ""direction"": ""-"", ""impact"": -0.2290668934583664}, {""label"": ""sector 1-week"", ""feature"": ""sector_ret_5d"", ""direction"": ""-"", ""impact"": -0.17029306292533875}, {""label"": ""volume surge"", ""feature"": ""vol_ratio"", ""direction"": ""-"", ""impact"": -0.11718003451824188}, {""label"": ""MACD momentum"", ""feature"": ""macd_hist_slope"", ""direction"": ""+"", ""impact"": 0.0830012857913971}]",validated,6938.5,0.0164,False
2026-07-08_BEL,2026-07-08,BEL,407.6,0.3825,Bearish,"[{""label"": ""sector 1-day"", ""feature"": ""sector_ret_1d"", ""direction"": ""-"", ""impact"": -0.26184818148612976}, {""label"": ""sector 1-week"", ""feature"": ""sector_ret_5d"", ""direction"": ""-"", ""impact"": -0.1843603402376175}, {""label"": ""close strength"", ""feature"": ""close_in_range"", ""direction"": ""-"", ""impact"": -0.07085832953453064}, {""label"": ""1-day momentum"", ""feature"": ""ret_1d"", ""direction"": ""+"", ""impact"": 0.052406154572963715}]",validated,406.2,-0.0034,True
2026-07-08_COCHINSHIP,2026-07-08,COCHINSHIP,1404.1,0.378,Bearish,"[{""label"": ""sector 1-day"", ""feature"": ""sector_ret_1d"", ""direction"": ""-"", ""impact"": -0.22780483961105347}, {""label"": ""sector 1-week"", ""feature"": ""sector_ret_5d"", ""direction"": ""-"", ""impact"": -0.1910901516675949}, {""label"": ""close strength"", ""feature"": ""close_in_range"", ""direction"": ""-"", ""impact"": -0.07584284245967865}, {""label"": ""volume z-score"", ""feature"": ""vol_zscore"", ""direction"": ""+"", ""impact"": 0.05481512099504471}]",validated,1406.7,0.0019,False
2026-07-08_ASTRAMICRO,2026-07-08,ASTRAMICRO,1809.3,0.3776,Bearish,"[{""label"": ""sector 1-day"", ""feature"": ""sector_ret_1d"", ""direction"": ""-"", ""impact"": -0.23134391009807587}, {""label"": ""sector 1-week"", ""feature"": ""sector_ret_5d"", ""direction"": ""-"", ""impact"": -0.184006005525589}, {""label"": ""Bollinger width"", ""feature"": ""bb_width"", ""direction"": ""+"", ""impact"": 0.0835036188364029}, {""label"": ""above 20-day low"", ""feature"": ""dist_low_20"", ""direction"": ""+"", ""impact"": 0.06498504430055618}]",validated,1833.1,0.0132,False
2026-07-08_BEML,2026-07-08,BEML,1776.2,0.3764,Bearish,"[{""label"": ""sector 1-day"", ""feature"": ""sector_ret_1d"", ""direction"": ""-"", ""impact"": -0.231687530875206}, {""label"": ""sector 1-week"", ""feature"": ""sector_ret_5d"", ""direction"": ""-"", ""impact"": -0.19635428488254547}, {""label"": ""close strength"", ""feature"": ""close_in_range"", ""direction"": ""-"", ""impact"": -0.06367286294698715}, {""label"": ""1-day momentum"", ""feature"": ""ret_1d"", ""direction"": ""+"", ""impact"": 0.049612823873758316}]",validated,1816.1,0.0225,False
2026-07-08_DATAPATTNS,2026-07-08,DATAPATTNS,4290.3,0.3713,Bearish,"[{""label"": ""sector 1-day"", ""feature"": ""sector_ret_1d"", ""direction"": ""-"", ""impact"": -0.22119039297103882}, {""label"": ""sector 1-week"", ""feature"": ""sector_ret_5d"", ""direction"": ""-"", ""impact"": -0.18094861507415771}, {""label"": ""close strength"", ""feature"": ""close_in_range"", ""direction"": ""-"", ""impact"": -0.07727530598640442}, {""label"": ""1-day momentum"", ""feature"": ""ret_1d"", ""direction"": ""+"", ""impact"": 0.0471990741789341}]",validated,4284.0,-0.0015,True
2026-07-08_HBLENGINE,2026-07-08,HBLENGINE,757.05,0.3705,Bearish,"[{""label"": ""sector 1-day"", ""feature"": ""sector_ret_1d"", ""direction"": ""-"", ""impact"": -0.2494334876537323}, {""label"": ""sector 1-week"", ""feature"": ""sector_ret_5d"", ""direction"": ""-"", ""impact"": -0.18755030632019043}, {""label"": ""vs 10-day avg"", ""feature"": ""dist_sma10"", ""direction"": ""+"", ""impact"": 0.06656166911125183}, {""label"": ""close strength"", ""feature"": ""close_in_range"", ""direction"": ""-"", ""impact"": -0.06514215469360352}]",validated,760.15,0.0041,False
2026-07-08_DYNAMATECH,2026-07-08,DYNAMATECH,10551.0,0.3696,Bearish,"[{""label"": ""sector 1-day"", ""feature"": ""sector_ret_1d"", ""direction"": ""-"", ""impact"": -0.23916403949260712}, {""label"": ""sector 1-week"", ""feature"": ""sector_ret_5d"", ""direction"": ""-"", ""impact"": -0.1813955008983612}, {""label"": ""close strength"", ""feature"": ""close_in_range"", ""direction"": ""-"", ""impact"": -0.06347950547933578}, {""label"": ""1-day momentum"", ""feature"": ""ret_1d"", ""direction"": ""+"", ""impact"": 0.055594202131032944}]",validated,10845.0,0.0279,False
2026-07-08_IDEAFORGE,2026-07-08,IDEAFORGE,859.85,0.3672,Bearish,"[{""label"": ""sector 1-day"", ""feature"": ""sector_ret_1d"", ""direction"": ""-"", ""impact"": -0.24932122230529785}, {""label"": ""sector 1-week"", ""feature"": ""sector_ret_5d"", ""direction"": ""-"", ""impact"": -0.1873389333486557}, {""label"": ""close strength"", ""feature"": ""close_in_range"", ""direction"": ""+"", ""impact"": 0.07541731745004654}, {""label"": ""1-day momentum"", ""feature"": ""ret_1d"", ""direction"": ""-"", ""impact"": -0.048618167638778687}]",validated,857.9,-0.0023,True
2026-07-08_MAZDOCK,2026-07-08,MAZDOCK,2450.7,0.3561,Bearish,"[{""label"": ""sector 1-day"", ""feature"": ""sector_ret_1d"", ""direction"": ""-"", ""impact"": -0.26455116271972656}, {""label"": ""sector 1-week"", ""feature"": ""sector_ret_5d"", ""direction"": ""-"", ""impact"": -0.1916370689868927}, {""label"": ""close strength"", ""feature"": ""close_in_range"", ""direction"": ""-"", ""impact"": -0.07482389360666275}, {""label"": ""1-day momentum"", ""feature"": ""ret_1d"", ""direction"": ""+"", ""impact"": 0.0494852289557457}]",validated,2372.8,-0.0318,True
2026-07-08_ZENTEC,2026-07-08,ZENTEC,1818.6,0.3464,Bearish,"[{""label"": ""sector 1-day"", ""feature"": ""sector_ret_1d"", ""direction"": ""-"", ""impact"": -0.24189479649066925}, {""label"": ""sector 1-week"", ""feature"": ""sector_ret_5d"", ""direction"": ""-"", ""impact"": -0.18709395825862885}, {""label"": ""close strength"", ""feature"": ""close_in_range"", ""direction"": ""-"", ""impact"": -0.07466040551662445}, {""label"": ""1-day momentum"", ""feature"": ""ret_1d"", ""direction"": ""+"", ""impact"": 0.0531950369477272}]",validated,1813.0,-0.0031,True
2026-07-08_GRSE,2026-07-08,GRSE,2619.6,0.3439,Bearish,"[{""label"": ""sector 1-day"", ""feature"": ""sector_ret_1d"", ""direction"": ""-"", ""impact"": -0.23330821096897125}, {""label"": ""sector 1-week"", ""feature"": ""sector_ret_5d"", ""direction"": ""-"", ""impact"": -0.18515799939632416}, {""label"": ""close strength"", ""feature"": ""close_in_range"", ""direction"": ""-"", ""impact"": -0.08108806610107422}, {""label"": ""Bollinger position"", ""feature"": ""bb_position"", ""direction"": ""-"", ""impact"": -0.047818683087825775}]",validated,2627.3,0.0029,False
2026-07-08_BDL,2026-07-08,BDL,1337.4,0.3434,Bearish,"[{""label"": ""sector 1-day"", ""feature"": ""sector_ret_1d"", ""direction"": ""-"", ""impact"": -0.2497132569551468}, {""label"": ""sector 1-week"", ""feature"": ""sector_ret_5d"", ""direction"": ""-"", ""impact"": -0.19082003831863403}, {""label"": ""close strength"", ""feature"": ""close_in_range"", ""direction"": ""-"", ""impact"": -0.07153820246458054}, {""label"": ""20-day trend slope"", ""feature"": ""sma20_slope"", ""direction"": ""-"", ""impact"": -0.05311953276395798}]",validated,1326.3,-0.0083,True
2026-07-09_SOLARINDS,2026-07-09,SOLARINDS,17380.0,0.5401,Bullish,"[{""label"": ""MACD momentum"", ""feature"": ""macd_hist_slope"", ""direction"": ""+"", ""impact"": 0.2058354914188385}, {""label"": ""sector 1-day"", ""feature"": ""sector_ret_1d"", ""direction"": ""-"", ""impact"": -0.11819010227918625}, {""label"": ""RSI (7, fast)"", ""feature"": ""rsi_7"", ""direction"": ""+"", ""impact"": 0.0986955463886261}, {""label"": ""sector 1-week"", ""feature"": ""sector_ret_5d"", ""direction"": ""+"", ""impact"": 0.08002379536628723}]",validated,18236.0,0.0493,True
2026-07-09_ASTRAMICRO,2026-07-09,ASTRAMICRO,1833.1,0.5031,Bullish,"[{""label"": ""sector 1-day"", ""feature"": ""sector_ret_1d"", ""direction"": ""-"", ""impact"": -0.11611314862966537}, {""label"": ""above 20-day low"", ""feature"": ""dist_low_20"", ""direction"": ""+"", ""impact"": 0.10982238501310349}, {""label"": ""sector 1-week"", ""feature"": ""sector_ret_5d"", ""direction"": ""+"", ""impact"": 0.0913182720541954}, {""label"": ""day of week"", ""feature"": ""dow"", ""direction"": ""-"", ""impact"": -0.06443259119987488}]",validated,1803.7,-0.016,False
2026-07-09_MAZDOCK,2026-07-09,MAZDOCK,2372.8,0.471,Bearish,"[{""label"": ""Bollinger position"", ""feature"": ""bb_position"", ""direction"": ""+"", ""impact"": 0.14832313358783722}, {""label"": ""sector 1-day"", ""feature"": ""sector_ret_1d"", ""direction"": ""-"", ""impact"": -0.14280788600444794}, {""label"": ""close strength"", ""feature"": ""close_in_range"", ""direction"": ""-"", ""impact"": -0.0949588492512703}, {""label"": ""sector 1-week"", ""feature"": ""sector_ret_5d"", ""direction"": ""+"", ""impact"": 0.06921106576919556}]",validated,2420.1,0.0199,False
2026-07-09_BEML,2026-07-09,BEML,1816.1,0.4666,Bearish,"[{""label"": ""sector 1-day"", ""feature"": ""sector_ret_1d"", ""direction"": ""-"", ""impact"": -0.1347392052412033}, {""label"": ""close strength"", ""feature"": ""close_in_range"", ""direction"": ""+"", ""impact"": 0.11494582891464233}, {""label"": ""sector 1-week"", ""feature"": ""sector_ret_5d"", ""direction"": ""+"", ""impact"": 0.09247007966041565}, {""label"": ""1-day momentum"", ""feature"": ""ret_1d"", ""direction"": ""-"", ""impact"": -0.06711124628782272}]",validated,1862.6,0.0256,False
2026-07-09_IDEAFORGE,2026-07-09,IDEAFORGE,857.9,0.4555,Bearish,"[{""label"": ""sector 1-day"", ""feature"": ""sector_ret_1d"", ""direction"": ""-"", ""impact"": -0.1367923766374588}, {""label"": ""close strength"", ""feature"": ""close_in_range"", ""direction"": ""+"", ""impact"": 0.09841027110815048}, {""label"": ""sector 1-week"", ""feature"": ""sector_ret_5d"", ""direction"": ""+"", ""impact"": 0.08987327665090561}, {""label"": ""1-day momentum"", ""feature"": ""ret_1d"", ""direction"": ""-"", ""impact"": -0.061154674738645554}]",validated,900.75,0.0499,False
2026-07-09_HAL,2026-07-09,HAL,4378.9,0.4462,Bearish,"[{""label"": ""sector 1-day"", ""feature"": ""sector_ret_1d"", ""direction"": ""-"", ""impact"": -0.14333359897136688}, {""label"": ""10-day choppiness"", ""feature"": ""ret_std_10"", ""direction"": ""-"", ""impact"": -0.10568936914205551}, {""label"": ""daily range"", ""feature"": ""hl_range_pct"", ""direction"": ""-"", ""impact"": -0.1053367331624031}, {""label"": ""close strength"", ""feature"": ""close_in_range"", ""direction"": ""+"", ""impact"": 0.0930207148194313}]",validated,4506.8,0.0292,False
2026-07-09_PARAS,2026-07-09,PARAS,1216.8,0.4443,Bearish,"[{""label"": ""sector 1-day"", ""feature"": ""sector_ret_1d"", ""direction"": ""-"", ""impact"": -0.14156650006771088}, {""label"": ""close strength"", ""feature"": ""close_in_range"", ""direction"": ""-"", ""impact"": -0.08514340966939926}, {""label"": ""sector 1-week"", ""feature"": ""sector_ret_5d"", ""direction"": ""+"", ""impact"": 0.06813309341669083}, {""label"": ""day of week"", ""feature"": ""dow"", ""direction"": ""-"", ""impact"": -0.06699215620756149}]",validated,1253.1,0.0298,False
2026-07-09_MTARTECH,2026-07-09,MTARTECH,6938.5,0.4266,Bearish,"[{""label"": ""sector 1-day"", ""feature"": ""sector_ret_1d"", ""direction"": ""-"", ""impact"": -0.13883864879608154}, {""label"": ""sector 1-week"", ""feature"": ""sector_ret_5d"", ""direction"": ""+"", ""impact"": 0.07013709843158722}, {""label"": ""day of week"", ""feature"": ""dow"", ""direction"": ""-"", ""impact"": -0.06508554518222809}, {""label"": ""close strength"", ""feature"": ""close_in_range"", ""direction"": ""-"", ""impact"": -0.059724900871515274}]",validated,7101.0,0.0234,False
2026-07-09_BDL,2026-07-09,BDL,1326.3,0.4257,Bearish,"[{""label"": ""sector 1-day"", ""feature"": ""sector_ret_1d"", ""direction"": ""-"", ""impact"": -0.12187082320451736}, {""label"": ""sector 1-week"", ""feature"": ""sector_ret_5d"", ""direction"": ""+"", ""impact"": 0.0710844025015831}, {""label"": ""close strength"", ""feature"": ""close_in_range"", ""direction"": ""-"", ""impact"": -0.07072363793849945}, {""label"": ""1-day momentum"", ""feature"": ""ret_1d"", ""direction"": ""+"", ""impact"": 0.06386381387710571}]",validated,1344.5,0.0137,False
2026-07-09_DATAPATTNS,2026-07-09,DATAPATTNS,4284.0,0.4207,Bearish,"[{""label"": ""sector 1-day"", ""feature"": ""sector_ret_1d"", ""direction"": ""-"", ""impact"": -0.1336888074874878}, {""label"": ""close strength"", ""feature"": ""close_in_range"", ""direction"": ""-"", ""impact"": -0.09808458387851715}, {""label"": ""sector 1-week"", ""feature"": ""sector_ret_5d"", ""direction"": ""+"", ""impact"": 0.07199426740407944}, {""label"": ""Bollinger position"", ""feature"": ""bb_position"", ""direction"": ""-"", ""impact"": -0.04384205490350723}]",validated,4343.0,0.0138,False
2026-07-09_HBLENGINE,2026-07-09,HBLENGINE,760.15,0.4204,Bearish,"[{""label"": ""sector 1-day"", ""feature"": ""sector_ret_1d"", ""direction"": ""-"", ""impact"": -0.14031890034675598}, {""label"": ""close strength"", ""feature"": ""close_in_range"", ""direction"": ""-"", ""impact"": -0.08989506214857101}, {""label"": ""sector 1-week"", ""feature"": ""sector_ret_5d"", ""direction"": ""+"", ""impact"": 0.07288112491369247}, {""label"": ""day of week"", ""feature"": ""dow"", ""direction"": ""-"", ""impact"": -0.06257198750972748}]",validated,765.85,0.0075,False
2026-07-09_GRSE,2026-07-09,GRSE,2627.3,0.4068,Bearish,"[{""label"": ""sector 1-day"", ""feature"": ""sector_ret_1d"", ""direction"": ""-"", ""impact"": -0.14053475856781006}, {""label"": ""close strength"", ""feature"": ""close_in_range"", ""direction"": ""-"", ""impact"": -0.08228358626365662}, {""label"": ""sector 1-week"", ""feature"": ""sector_ret_5d"", ""direction"": ""+"", ""impact"": 0.071535624563694}, {""label"": ""1-day momentum"", ""feature"": ""ret_1d"", ""direction"": ""-"", ""impact"": -0.04418996348977089}]",validated,2662.0,0.0132,False
2026-07-09_COCHINSHIP,2026-07-09,COCHINSHIP,1406.7,0.4011,Bearish,"[{""label"": ""sector 1-day"", ""feature"": ""sector_ret_1d"", ""direction"": ""-"", ""impact"": -0.13482053577899933}, {""label"": ""close strength"", ""feature"": ""close_in_range"", ""direction"": ""-"", ""impact"": -0.11573629081249237}, {""label"": ""sector 1-week"", ""feature"": ""sector_ret_5d"", ""direction"": ""+"", ""impact"": 0.07794354856014252}, {""label"": ""1-day momentum"", ""feature"": ""ret_1d"", ""direction"": ""-"", ""impact"": -0.04602975770831108}]",validated,1418.0,0.008,False
2026-07-09_DYNAMATECH,2026-07-09,DYNAMATECH,10845.0,0.3912,Bearish,"[{""label"": ""sector 1-day"", ""feature"": ""sector_ret_1d"", ""direction"": ""-"", ""impact"": -0.13744789361953735}, {""label"": ""sector 1-week"", ""feature"": ""sector_ret_5d"", ""direction"": ""+"", ""impact"": 0.09486963599920273}, {""label"": ""1-day momentum"", ""feature"": ""ret_1d"", ""direction"": ""-"", ""impact"": -0.07984974980354309}, {""label"": ""relative strength"", ""feature"": ""rel_strength_5d"", ""direction"": ""-"", ""impact"": -0.06566059589385986}]",validated,10688.0,-0.0145,True
2026-07-09_ZENTEC,2026-07-09,ZENTEC,1813.0,0.3857,Bearish,"[{""label"": ""1-day momentum"", ""feature"": ""ret_1d"", ""direction"": ""-"", ""impact"": -0.1412174254655838}, {""label"": ""sector 1-day"", ""feature"": ""sector_ret_1d"", ""direction"": ""-"", ""impact"": -0.13444411754608154}, {""label"": ""close strength"", ""feature"": ""close_in_range"", ""direction"": ""+"", ""impact"": 0.08011974394321442}, {""label"": ""sector 1-week"", ""feature"": ""sector_ret_5d"", ""direction"": ""+"", ""impact"": 0.07840407639741898}]",validated,1880.4,0.0372,False
2026-07-09_BEL,2026-07-09,BEL,406.2,0.3632,Bearish,"[{""label"": ""1-day momentum"", ""feature"": ""ret_1d"", ""direction"": ""-"", ""impact"": -0.1690380722284317}, {""label"": ""sector 1-day"", ""feature"": ""sector_ret_1d"", ""direction"": ""-"", ""impact"": -0.14521312713623047}, {""label"": ""close strength"", ""feature"": ""close_in_range"", ""direction"": ""-"", ""impact"": -0.0836411565542221}, {""label"": ""sector 1-week"", ""feature"": ""sector_ret_5d"", ""direction"": ""+"", ""impact"": 0.07077930867671967}]",validated,414.85,0.0213,False
2026-07-10_SOLARINDS,2026-07-10,SOLARINDS,18236.0,0.6346,Bullish,"[{""label"": ""sector 1-day"", ""feature"": ""sector_ret_1d"", ""direction"": ""+"", ""impact"": 0.5013853907585144}, {""label"": ""close strength"", ""feature"": ""close_in_range"", ""direction"": ""+"", ""impact"": 0.1669473797082901}, {""label"": ""sector 1-week"", ""feature"": ""sector_ret_5d"", ""direction"": ""+"", ""impact"": 0.14603447914123535}, {""label"": ""day of week"", ""feature"": ""dow"", ""direction"": ""-"", ""impact"": -0.12930482625961304}]",validated,18156.0,-0.0044,False
2026-07-10_BEL,2026-07-10,BEL,414.85,0.6272,Bullish,"[{""label"": ""sector 1-day"", ""feature"": ""sector_ret_1d"", ""direction"": ""+"", ""impact"": 0.4945063292980194}, {""label"": ""sector 1-week"", ""feature"": ""sector_ret_5d"", ""direction"": ""+"", ""impact"": 0.13755884766578674}, {""label"": ""day of week"", ""feature"": ""dow"", ""direction"": ""-"", ""impact"": -0.09624458849430084}, {""label"": ""close strength"", ""feature"": ""close_in_range"", ""direction"": ""+"", ""impact"": 0.07428957521915436}]",validated,410.8,-0.0098,False
2026-07-10_ASTRAMICRO,2026-07-10,ASTRAMICRO,1803.7,0.6218,Bullish,"[{""label"": ""sector 1-day"", ""feature"": ""sector_ret_1d"", ""direction"": ""+"", ""impact"": 0.4433102011680603}, {""label"": ""sector 1-week"", ""feature"": ""sector_ret_5d"", ""direction"": ""+"", ""impact"": 0.1458505541086197}, {""label"": ""day of week"", ""feature"": ""dow"", ""direction"": ""-"", ""impact"": -0.1370668262243271}, {""label"": ""below 20-day high"", ""feature"": ""dist_high_20"", ""direction"": ""+"", ""impact"": 0.0695868507027626}]",validated,1719.7,-0.0466,False
2026-07-10_IDEAFORGE,2026-07-10,IDEAFORGE,900.75,0.6135,Bullish,"[{""label"": ""sector 1-day"", ""feature"": ""sector_ret_1d"", ""direction"": ""+"", ""impact"": 0.5157377123832703}, {""label"": ""sector 1-week"", ""feature"": ""sector_ret_5d"", ""direction"": ""+"", ""impact"": 0.13833320140838623}, {""label"": ""day of week"", ""feature"": ""dow"", ""direction"": ""-"", ""impact"": -0.12871982157230377}, {""label"": ""close strength"", ""feature"": ""close_in_range"", ""direction"": ""+"", ""impact"": 0.09546219557523727}]",validated,907.5,0.0075,True
2026-07-10_MAZDOCK,2026-07-10,MAZDOCK,2420.1,0.6132,Bullish,"[{""label"": ""sector 1-day"", ""feature"": ""sector_ret_1d"", ""direction"": ""+"", ""impact"": 0.4646845757961273}, {""label"": ""sector 1-week"", ""feature"": ""sector_ret_5d"", ""direction"": ""+"", ""impact"": 0.15269815921783447}, {""label"": ""day of week"", ""feature"": ""dow"", ""direction"": ""-"", ""impact"": -0.10825837403535843}, {""label"": ""close strength"", ""feature"": ""close_in_range"", ""direction"": ""+"", ""impact"": 0.07420934736728668}]",validated,2402.6,-0.0072,False
2026-07-10_DYNAMATECH,2026-07-10,DYNAMATECH,10688.0,0.6096,Bullish,"[{""label"": ""sector 1-day"", ""feature"": ""sector_ret_1d"", ""direction"": ""+"", ""impact"": 0.4759189784526825}, {""label"": ""sector 1-week"", ""feature"": ""sector_ret_5d"", ""direction"": ""+"", ""impact"": 0.1436622142791748}, {""label"": ""day of week"", ""feature"": ""dow"", ""direction"": ""-"", ""impact"": -0.1211630254983902}, {""label"": ""below 20-day high"", ""feature"": ""dist_high_20"", ""direction"": ""+"", ""impact"": 0.08392553776502609}]",validated,10408.0,-0.0262,False
2026-07-10_DATAPATTNS,2026-07-10,DATAPATTNS,4343.0,0.6085,Bullish,"[{""label"": ""sector 1-day"", ""feature"": ""sector_ret_1d"", ""direction"": ""+"", ""impact"": 0.5012099742889404}, {""label"": ""sector 1-week"", ""feature"": ""sector_ret_5d"", ""direction"": ""+"", ""impact"": 0.14506950974464417}, {""label"": ""day of week"", ""feature"": ""dow"", ""direction"": ""-"", ""impact"": -0.1291709840297699}, {""label"": ""close strength"", ""feature"": ""close_in_range"", ""direction"": ""+"", ""impact"": 0.07799027115106583}]",validated,4270.3,-0.0167,False
2026-07-10_PARAS,2026-07-10,PARAS,1253.1,0.6029,Bullish,"[{""label"": ""sector 1-day"", ""feature"": ""sector_ret_1d"", ""direction"": ""+"", ""impact"": 0.48019102215766907}, {""label"": ""sector 1-week"", ""feature"": ""sector_ret_5d"", ""direction"": ""+"", ""impact"": 0.15800750255584717}, {""label"": ""day of week"", ""feature"": ""dow"", ""direction"": ""-"", ""impact"": -0.1430910974740982}, {""label"": ""close strength"", ""feature"": ""close_in_range"", ""direction"": ""+"", ""impact"": 0.07293973863124847}]",validated,1224.5,-0.0228,False
2026-07-10_HBLENGINE,2026-07-10,HBLENGINE,765.85,0.6019,Bullish,"[{""label"": ""sector 1-day"", ""feature"": ""sector_ret_1d"", ""direction"": ""+"", ""impact"": 0.5132874250411987}, {""label"": ""sector 1-week"", ""feature"": ""sector_ret_5d"", ""direction"": ""+"", ""impact"": 0.1460840106010437}, {""label"": ""day of week"", ""feature"": ""dow"", ""direction"": ""-"", ""impact"": -0.10201044380664825}, {""label"": ""close strength"", ""feature"": ""close_in_range"", ""direction"": ""-"", ""impact"": -0.06701413542032242}]",validated,766.2,0.0005,True
2026-07-10_MTARTECH,2026-07-10,MTARTECH,7101.0,0.6004,Bullish,"[{""label"": ""sector 1-day"", ""feature"": ""sector_ret_1d"", ""direction"": ""+"", ""impact"": 0.517655611038208}, {""label"": ""day of week"", ""feature"": ""dow"", ""direction"": ""-"", ""impact"": -0.1749359369277954}, {""label"": ""sector 1-week"", ""feature"": ""sector_ret_5d"", ""direction"": ""+"", ""impact"": 0.1521461457014084}, {""label"": ""volume surge"", ""feature"": ""vol_ratio"", ""direction"": ""-"", ""impact"": -0.09685469418764114}]",validated,6746.0,-0.05,False
2026-07-10_GRSE,2026-07-10,GRSE,2662.0,0.5999,Bullish,"[{""label"": ""sector 1-day"", ""feature"": ""sector_ret_1d"", ""direction"": ""+"", ""impact"": 0.496731162071228}, {""label"": ""sector 1-week"", ""feature"": ""sector_ret_5d"", ""direction"": ""+"", ""impact"": 0.14594905078411102}, {""label"": ""day of week"", ""feature"": ""dow"", ""direction"": ""-"", ""impact"": -0.1243688091635704}, {""label"": ""close strength"", ""feature"": ""close_in_range"", ""direction"": ""+"", ""impact"": 0.07203986495733261}]",validated,2640.6,-0.008,False
2026-07-10_BDL,2026-07-10,BDL,1344.5,0.5994,Bullish,"[{""label"": ""sector 1-day"", ""feature"": ""sector_ret_1d"", ""direction"": ""+"", ""impact"": 0.4608812928199768}, {""label"": ""sector 1-week"", ""feature"": ""sector_ret_5d"", ""direction"": ""+"", ""impact"": 0.15645499527454376}, {""label"": ""day of week"", ""feature"": ""dow"", ""direction"": ""-"", ""impact"": -0.11882011592388153}, {""label"": ""close strength"", ""feature"": ""close_in_range"", ""direction"": ""+"", ""impact"": 0.07330608367919922}]",validated,1302.8,-0.031,False
2026-07-10_BEML,2026-07-10,BEML,1862.6,0.5917,Bullish,"[{""label"": ""sector 1-day"", ""feature"": ""sector_ret_1d"", ""direction"": ""+"", ""impact"": 0.461617648601532}, {""label"": ""sector 1-week"", ""feature"": ""sector_ret_5d"", ""direction"": ""+"", ""impact"": 0.14627110958099365}, {""label"": ""day of week"", ""feature"": ""dow"", ""direction"": ""-"", ""impact"": -0.11531264334917068}, {""label"": ""close strength"", ""feature"": ""close_in_range"", ""direction"": ""+"", ""impact"": 0.07330770790576935}]",validated,1885.9,0.0125,True
2026-07-10_HAL,2026-07-10,HAL,4506.8,0.5863,Bullish,"[{""label"": ""sector 1-day"", ""feature"": ""sector_ret_1d"", ""direction"": ""+"", ""impact"": 0.4627922773361206}, {""label"": ""sector 1-week"", ""feature"": ""sector_ret_5d"", ""direction"": ""+"", ""impact"": 0.14870689809322357}, {""label"": ""day of week"", ""feature"": ""dow"", ""direction"": ""-"", ""impact"": -0.1030314564704895}, {""label"": ""below 20-day high"", ""feature"": ""dist_high_20"", ""direction"": ""-"", ""impact"": -0.07651792466640472}]",validated,4511.3,0.001,True
2026-07-10_COCHINSHIP,2026-07-10,COCHINSHIP,1418.0,0.5628,Bullish,"[{""label"": ""sector 1-day"", ""feature"": ""sector_ret_1d"", ""direction"": ""+"", ""impact"": 0.4984948933124542}, {""label"": ""sector 1-week"", ""feature"": ""sector_ret_5d"", ""direction"": ""+"", ""impact"": 0.14550361037254333}, {""label"": ""day of week"", ""feature"": ""dow"", ""direction"": ""-"", ""impact"": -0.10559341311454773}, {""label"": ""close strength"", ""feature"": ""close_in_range"", ""direction"": ""-"", ""impact"": -0.10375574976205826}]",validated,1411.8,-0.0044,False
2026-07-10_ZENTEC,2026-07-10,ZENTEC,1880.4,0.5454,Bullish,"[{""label"": ""sector 1-day"", ""feature"": ""sector_ret_1d"", ""direction"": ""+"", ""impact"": 0.47790369391441345}, {""label"": ""sector 1-week"", ""feature"": ""sector_ret_5d"", ""direction"": ""+"", ""impact"": 0.14977261424064636}, {""label"": ""day of week"", ""feature"": ""dow"", ""direction"": ""-"", ""impact"": -0.12671591341495514}, {""label"": ""relative strength"", ""feature"": ""rel_strength_5d"", ""direction"": ""-"", ""impact"": -0.10477278381586075}]",validated,1831.1,-0.0262,False
2026-07-13_BEML,2026-07-13,BEML,1885.9,0.5649,Bullish,"[{""label"": ""day of week"", ""feature"": ""dow"", ""direction"": ""+"", ""impact"": 0.1338292509317398}, {""label"": ""sector 1-week"", ""feature"": ""sector_ret_5d"", ""direction"": ""+"", ""impact"": 0.13377277553081512}, {""label"": ""close strength"", ""feature"": ""close_in_range"", ""direction"": ""+"", ""impact"": 0.11567588150501251}, {""label"": ""sector 1-day"", ""feature"": ""sector_ret_1d"", ""direction"": ""-"", ""impact"": -0.11288000643253326}]",validated,1855.5,-0.0161,False
2026-07-13_MTARTECH,2026-07-13,MTARTECH,6746.0,0.5638,Bullish,"[{""label"": ""day of week"", ""feature"": ""dow"", ""direction"": ""+"", ""impact"": 0.1570962369441986}, {""label"": ""sector 1-week"", ""feature"": ""sector_ret_5d"", ""direction"": ""+"", ""impact"": 0.14676742255687714}, {""label"": ""vs 10-day avg"", ""feature"": ""dist_sma10"", ""direction"": ""+"", ""impact"": 0.13673464953899384}, {""label"": ""sector 1-day"", ""feature"": ""sector_ret_1d"", ""direction"": ""-"", ""impact"": -0.13595174252986908}]",validated,6409.0,-0.05,False
2026-07-13_MAZDOCK,2026-07-13,MAZDOCK,2402.6,0.5505,Bullish,"[{""label"": ""sector 1-week"", ""feature"": ""sector_ret_5d"", ""direction"": ""+"", ""impact"": 0.1487521082162857}, {""label"": ""day of week"", ""feature"": ""dow"", ""direction"": ""+"", ""impact"": 0.12904973328113556}, {""label"": ""sector 1-day"", ""feature"": ""sector_ret_1d"", ""direction"": ""-"", ""impact"": -0.12539823353290558}, {""label"": ""close strength"", ""feature"": ""close_in_range"", ""direction"": ""+"", ""impact"": 0.10443806648254395}]",validated,2359.9,-0.0178,False
2026-07-13_SOLARINDS,2026-07-13,SOLARINDS,18156.0,0.5463,Bullish,"[{""label"": ""sector 1-week"", ""feature"": ""sector_ret_5d"", ""direction"": ""+"", ""impact"": 0.13900282979011536}, {""label"": ""day of week"", ""feature"": ""dow"", ""direction"": ""+"", ""impact"": 0.12108397483825684}, {""label"": ""sector 1-day"", ""feature"": ""sector_ret_1d"", ""direction"": ""-"", ""impact"": -0.11921612173318863}, {""label"": ""close strength"", ""feature"": ""close_in_range"", ""direction"": ""+"", ""impact"": 0.11905059963464737}]",validated,18287.0,0.0072,True
2026-07-13_GRSE,2026-07-13,GRSE,2640.6,0.5258,Bullish,"[{""label"": ""sector 1-week"", ""feature"": ""sector_ret_5d"", ""direction"": ""+"", ""impact"": 0.14395210146903992}, {""label"": ""sector 1-day"", ""feature"": ""sector_ret_1d"", ""direction"": ""-"", ""impact"": -0.13636966049671173}, {""label"": ""day of week"", ""feature"": ""dow"", ""direction"": ""+"", ""impact"": 0.13064980506896973}, {""label"": ""close strength"", ""feature"": ""close_in_range"", ""direction"": ""+"", ""impact"": 0.09727558493614197}]",validated,2616.6,-0.0091,False
2026-07-13_HBLENGINE,2026-07-13,HBLENGINE,766.2,0.5173,Bullish,"[{""label"": ""sector 1-day"", ""feature"": ""sector_ret_1d"", ""direction"": ""-"", ""impact"": -0.1402156502008438}, {""label"": ""sector 1-week"", ""feature"": ""sector_ret_5d"", ""direction"": ""+"", ""impact"": 0.13794079422950745}, {""label"": ""day of week"", ""feature"": ""dow"", ""direction"": ""+"", ""impact"": 0.12884123623371124}, {""label"": ""close strength"", ""feature"": ""close_in_range"", ""direction"": ""+"", ""impact"": 0.07727345079183578}]",validated,743.3,-0.0299,False
2026-07-13_PARAS,2026-07-13,PARAS,1224.5,0.5104,Bullish,"[{""label"": ""sector 1-week"", ""feature"": ""sector_ret_5d"", ""direction"": ""+"", ""impact"": 0.13682180643081665}, {""label"": ""day of week"", ""feature"": ""dow"", ""direction"": ""+"", ""impact"": 0.13317838311195374}, {""label"": ""sector 1-day"", ""feature"": ""sector_ret_1d"", ""direction"": ""-"", ""impact"": -0.12067270278930664}, {""label"": ""close strength"", ""feature"": ""close_in_range"", ""direction"": ""-"", ""impact"": -0.07936371117830276}]",validated,1202.3,-0.0181,False
2026-07-13_DYNAMATECH,2026-07-13,DYNAMATECH,10408.0,0.5096,Bullish,"[{""label"": ""MACD momentum"", ""feature"": ""macd_hist_slope"", ""direction"": ""+"", ""impact"": 0.17526127398014069}, {""label"": ""sector 1-day"", ""feature"": ""sector_ret_1d"", ""direction"": ""-"", ""impact"": -0.13821916282176971}, {""label"": ""sector 1-week"", ""feature"": ""sector_ret_5d"", ""direction"": ""+"", ""impact"": 0.12506569921970367}, {""label"": ""day of week"", ""feature"": ""dow"", ""direction"": ""+"", ""impact"": 0.10903920978307724}]",validated,10336.0,-0.0069,False
2026-07-13_COCHINSHIP,2026-07-13,COCHINSHIP,1411.8,0.4973,Bearish,"[{""label"": ""sector 1-week"", ""feature"": ""sector_ret_5d"", ""direction"": ""+"", ""impact"": 0.14206311106681824}, {""label"": ""sector 1-day"", ""feature"": ""sector_ret_1d"", ""direction"": ""-"", ""impact"": -0.1239398866891861}, {""label"": ""day of week"", ""feature"": ""dow"", ""direction"": ""+"", ""impact"": 0.11580073833465576}, {""label"": ""close strength"", ""feature"": ""close_in_range"", ""direction"": ""+"", ""impact"": 0.11046209186315536}]",validated,1390.8,-0.0149,True
2026-07-13_BDL,2026-07-13,BDL,1302.8,0.4959,Bearish,"[{""label"": ""sector 1-week"", ""feature"": ""sector_ret_5d"", ""direction"": ""+"", ""impact"": 0.13444022834300995}, {""label"": ""day of week"", ""feature"": ""dow"", ""direction"": ""+"", ""impact"": 0.1278504580259323}, {""label"": ""sector 1-day"", ""feature"": ""sector_ret_1d"", ""direction"": ""-"", ""impact"": -0.12781907618045807}, {""label"": ""close strength"", ""feature"": ""close_in_range"", ""direction"": ""-"", ""impact"": -0.08895012736320496}]",validated,1277.8,-0.0192,True
2026-07-13_BEL,2026-07-13,BEL,410.8,0.4923,Bearish,"[{""label"": ""daily range"", ""feature"": ""hl_range_pct"", ""direction"": ""-"", ""impact"": -0.16882582008838654}, {""label"": ""sector 1-week"", ""feature"": ""sector_ret_5d"", ""direction"": ""+"", ""impact"": 0.15219254791736603}, {""label"": ""sector 1-day"", ""feature"": ""sector_ret_1d"", ""direction"": ""-"", ""impact"": -0.13623711466789246}, {""label"": ""close strength"", ""feature"": ""close_in_range"", ""direction"": ""+"", ""impact"": 0.10605219751596451}]",validated,410.1,-0.0017,True
2026-07-13_HAL,2026-07-13,HAL,4511.3,0.4888,Bearish,"[{""label"": ""sector 1-week"", ""feature"": ""sector_ret_5d"", ""direction"": ""+"", ""impact"": 0.1402643322944641}, {""label"": ""sector 1-day"", ""feature"": ""sector_ret_1d"", ""direction"": ""-"", ""impact"": -0.1268501877784729}, {""label"": ""close strength"", ""feature"": ""close_in_range"", ""direction"": ""+"", ""impact"": 0.1249786764383316}, {""label"": ""day of week"", ""feature"": ""dow"", ""direction"": ""+"", ""impact"": 0.10712119191884995}]",validated,4442.4,-0.0153,True
2026-07-13_DATAPATTNS,2026-07-13,DATAPATTNS,4270.3,0.4886,Bearish,"[{""label"": ""sector 1-day"", ""feature"": ""sector_ret_1d"", ""direction"": ""-"", ""impact"": -0.13054125010967255}, {""label"": ""sector 1-week"", ""feature"": ""sector_ret_5d"", ""direction"": ""+"", ""impact"": 0.128951296210289}, {""label"": ""day of week"", ""feature"": ""dow"", ""direction"": ""+"", ""impact"": 0.11176018416881561}, {""label"": ""close strength"", ""feature"": ""close_in_range"", ""direction"": ""-"", ""impact"": -0.08260776847600937}]",validated,4214.5,-0.0131,True
2026-07-13_ASTRAMICRO,2026-07-13,ASTRAMICRO,1719.7,0.4834,Bearish,"[{""label"": ""sector 1-week"", ""feature"": ""sector_ret_5d"", ""direction"": ""+"", ""impact"": 0.13373522460460663}, {""label"": ""day of week"", ""feature"": ""dow"", ""direction"": ""+"", ""impact"": 0.11741702258586884}, {""label"": ""sector 1-day"", ""feature"": ""sector_ret_1d"", ""direction"": ""-"", ""impact"": -0.117300845682621}, {""label"": ""close strength"", ""feature"": ""close_in_range"", ""direction"": ""-"", ""impact"": -0.07979906350374222}]",validated,1720.0,0.0002,False
2026-07-13_ZENTEC,2026-07-13,ZENTEC,1831.1,0.4664,Bearish,"[{""label"": ""sector 1-day"", ""feature"": ""sector_ret_1d"", ""direction"": ""-"", ""impact"": -0.1279841959476471}, {""label"": ""sector 1-week"", ""feature"": ""sector_ret_5d"", ""direction"": ""+"", ""impact"": 0.1271205097436905}, {""label"": ""day of week"", ""feature"": ""dow"", ""direction"": ""+"", ""impact"": 0.12133506685495377}, {""label"": ""close strength"", ""feature"": ""close_in_range"", ""direction"": ""-"", ""impact"": -0.0949317216873169}]",validated,1802.7,-0.0155,True
2026-07-13_IDEAFORGE,2026-07-13,IDEAFORGE,907.5,0.4422,Bearish,"[{""label"": ""sector 1-week"", ""feature"": ""sector_ret_5d"", ""direction"": ""+"", ""impact"": 0.1289249062538147}, {""label"": ""sector 1-day"", ""feature"": ""sector_ret_1d"", ""direction"": ""-"", ""impact"": -0.12457375973463058}, {""label"": ""day of week"", ""feature"": ""dow"", ""direction"": ""+"", ""impact"": 0.10203089565038681}, {""label"": ""relative strength"", ""feature"": ""rel_strength_5d"", ""direction"": ""-"", ""impact"": -0.10045059025287628}]",validated,903.2,-0.0047,True
2026-07-14_HBLENGINE,2026-07-14,HBLENGINE,743.3,0.5308,Bullish,"[{""label"": ""sector 1-day"", ""feature"": ""sector_ret_1d"", ""direction"": ""-"", ""impact"": -0.19198663532733917}, {""label"": ""vs 10-day avg"", ""feature"": ""dist_sma10"", ""direction"": ""+"", ""impact"": 0.13803130388259888}, {""label"": ""day of week"", ""feature"": ""dow"", ""direction"": ""+"", ""impact"": 0.07932568341493607}, {""label"": ""close strength"", ""feature"": ""close_in_range"", ""direction"": ""-"", ""impact"": -0.061020899564027786}]",validated,754.95,0.0157,True
2026-07-14_BDL,2026-07-14,BDL,1277.8,0.522,Bullish,"[{""label"": ""sector 1-day"", ""feature"": ""sector_ret_1d"", ""direction"": ""-"", ""impact"": -0.1627534180879593}, {""label"": ""Bollinger position"", ""feature"": ""bb_position"", ""direction"": ""+"", ""impact"": 0.1298127919435501}, {""label"": ""vs 10-day avg"", ""feature"": ""dist_sma10"", ""direction"": ""+"", ""impact"": 0.08872205764055252}, {""label"": ""day of week"", ""feature"": ""dow"", ""direction"": ""+"", ""impact"": 0.08286651968955994}]",validated,1271.2,-0.0052,False
2026-07-14_MAZDOCK,2026-07-14,MAZDOCK,2359.9,0.4953,Bearish,"[{""label"": ""sector 1-day"", ""feature"": ""sector_ret_1d"", ""direction"": ""-"", ""impact"": -0.19906093180179596}, {""label"": ""vs 10-day avg"", ""feature"": ""dist_sma10"", ""direction"": ""+"", ""impact"": 0.07595375925302505}, {""label"": ""close strength"", ""feature"": ""close_in_range"", ""direction"": ""-"", ""impact"": -0.07031680643558502}, {""label"": ""Bollinger position"", ""feature"": ""bb_position"", ""direction"": ""+"", ""impact"": 0.06935019791126251}]",validated,2369.4,0.004,False
2026-07-14_DYNAMATECH,2026-07-14,DYNAMATECH,10336.0,0.4875,Bearish,"[{""label"": ""sector 1-day"", ""feature"": ""sector_ret_1d"", ""direction"": ""-"", ""impact"": -0.2175113707780838}, {""label"": ""MACD momentum"", ""feature"": ""macd_hist_slope"", ""direction"": ""+"", ""impact"": 0.07584742456674576}, {""label"": ""day of week"", ""feature"": ""dow"", ""direction"": ""+"", ""impact"": 0.07307185977697372}, {""label"": ""1-day momentum"", ""feature"": ""ret_1d"", ""direction"": ""+"", ""impact"": 0.06019990146160126}]",validated,10262.0,-0.0072,True
2026-07-14_SOLARINDS,2026-07-14,SOLARINDS,18287.0,0.4865,Bearish,"[{""label"": ""sector 1-day"", ""feature"": ""sector_ret_1d"", ""direction"": ""-"", ""impact"": -0.226586252450943}, {""label"": ""close strength"", ""feature"": ""close_in_range"", ""direction"": ""+"", ""impact"": 0.1278114914894104}, {""label"": ""day of week"", ""feature"": ""dow"", ""direction"": ""+"", ""impact"": 0.09230360388755798}, {""label"": ""1-day momentum"", ""feature"": ""ret_1d"", ""direction"": ""-"", ""impact"": -0.05341635271906853}]",validated,18285.0,-0.0001,True
2026-07-14_BEML,2026-07-14,BEML,1855.5,0.4821,Bearish,"[{""label"": ""sector 1-day"", ""feature"": ""sector_ret_1d"", ""direction"": ""-"", ""impact"": -0.20688365399837494}, {""label"": ""1-day momentum"", ""feature"": ""ret_1d"", ""direction"": ""+"", ""impact"": 0.09355795383453369}, {""label"": ""day of week"", ""feature"": ""dow"", ""direction"": ""+"", ""impact"": 0.07385962456464767}, {""label"": ""volume surge"", ""feature"": ""vol_ratio"", ""direction"": ""+"", ""impact"": 0.041822053492069244}]",validated,1845.0,-0.0057,True
2026-07-14_IDEAFORGE,2026-07-14,IDEAFORGE,903.2,0.4792,Bearish,"[{""label"": ""sector 1-day"", ""feature"": ""sector_ret_1d"", ""direction"": ""-"", ""impact"": -0.21490514278411865}, {""label"": ""close strength"", ""feature"": ""close_in_range"", ""direction"": ""+"", ""impact"": 0.1401892453432083}, {""label"": ""day of week"", ""feature"": ""dow"", ""direction"": ""+"", ""impact"": 0.08358625322580338}, {""label"": ""relative strength"", ""feature"": ""rel_strength_5d"", ""direction"": ""-"", ""impact"": -0.07800987362861633}]",validated,877.75,-0.0282,True
2026-07-14_ASTRAMICRO,2026-07-14,ASTRAMICRO,1720.0,0.4674,Bearish,"[{""label"": ""sector 1-day"", ""feature"": ""sector_ret_1d"", ""direction"": ""-"", ""impact"": -0.188349649310112}, {""label"": ""day of week"", ""feature"": ""dow"", ""direction"": ""+"", ""impact"": 0.10316351056098938}, {""label"": ""close strength"", ""feature"": ""close_in_range"", ""direction"": ""+"", ""impact"": 0.09585770219564438}, {""label"": ""sector 1-week"", ""feature"": ""sector_ret_5d"", ""direction"": ""+"", ""impact"": 0.04474227875471115}]",validated,1750.9,0.018,False
2026-07-14_ZENTEC,2026-07-14,ZENTEC,1802.7,0.4603,Bearish,"[{""label"": ""sector 1-day"", ""feature"": ""sector_ret_1d"", ""direction"": ""-"", ""impact"": -0.2086237370967865}, {""label"": ""day of week"", ""feature"": ""dow"", ""direction"": ""+"", ""impact"": 0.07665972411632538}, {""label"": ""close strength"", ""feature"": ""close_in_range"", ""direction"": ""-"", ""impact"": -0.05290491133928299}, {""label"": ""1-day momentum"", ""feature"": ""ret_1d"", ""direction"": ""+"", ""impact"": 0.050417378544807434}]",validated,1823.1,0.0113,False
2026-07-14_DATAPATTNS,2026-07-14,DATAPATTNS,4214.5,0.4559,Bearish,"[{""label"": ""sector 1-day"", ""feature"": ""sector_ret_1d"", ""direction"": ""-"", ""impact"": -0.19851167500019073}, {""label"": ""day of week"", ""feature"": ""dow"", ""direction"": ""+"", ""impact"": 0.07931526005268097}, {""label"": ""vs 10-day avg"", ""feature"": ""dist_sma10"", ""direction"": ""+"", ""impact"": 0.06917954981327057}, {""label"": ""1-day momentum"", ""feature"": ""ret_1d"", ""direction"": ""+"", ""impact"": 0.055816762149333954}]",validated,4189.7,-0.0059,True
2026-07-14_HAL,2026-07-14,HAL,4442.4,0.4477,Bearish,"[{""label"": ""sector 1-day"", ""feature"": ""sector_ret_1d"", ""direction"": ""-"", ""impact"": -0.2222795933485031}, {""label"": ""1-day momentum"", ""feature"": ""ret_1d"", ""direction"": ""+"", ""impact"": 0.08506863564252853}, {""label"": ""day of week"", ""feature"": ""dow"", ""direction"": ""+"", ""impact"": 0.0596044547855854}, {""label"": ""volume surge"", ""feature"": ""vol_ratio"", ""direction"": ""+"", ""impact"": 0.03701446205377579}]",validated,4420.5,-0.0049,True
2026-07-14_COCHINSHIP,2026-07-14,COCHINSHIP,1390.8,0.4343,Bearish,"[{""label"": ""sector 1-day"", ""feature"": ""sector_ret_1d"", ""direction"": ""-"", ""impact"": -0.2051769345998764}, {""label"": ""day of week"", ""feature"": ""dow"", ""direction"": ""+"", ""impact"": 0.07350887358188629}, {""label"": ""close strength"", ""feature"": ""close_in_range"", ""direction"": ""-"", ""impact"": -0.07337251305580139}, {""label"": ""RSI (7, fast)"", ""feature"": ""rsi_7"", ""direction"": ""+"", ""impact"": 0.05341969430446625}]",validated,1411.2,0.0147,False
2026-07-14_BEL,2026-07-14,BEL,410.1,0.4181,Bearish,"[{""label"": ""sector 1-day"", ""feature"": ""sector_ret_1d"", ""direction"": ""-"", ""impact"": -0.21354535222053528}, {""label"": ""daily range"", ""feature"": ""hl_range_pct"", ""direction"": ""-"", ""impact"": -0.1279510259628296}, {""label"": ""close strength"", ""feature"": ""close_in_range"", ""direction"": ""+"", ""impact"": 0.09450705349445343}, {""label"": ""day of week"", ""feature"": ""dow"", ""direction"": ""+"", ""impact"": 0.07456773519515991}]",validated,410.95,0.0021,False
2026-07-14_PARAS,2026-07-14,PARAS,1202.3,0.4127,Bearish,"[{""label"": ""sector 1-day"", ""feature"": ""sector_ret_1d"", ""direction"": ""-"", ""impact"": -0.19868901371955872}, {""label"": ""volume surge"", ""feature"": ""vol_ratio"", ""direction"": ""-"", ""impact"": -0.1065061092376709}, {""label"": ""day of week"", ""feature"": ""dow"", ""direction"": ""+"", ""impact"": 0.09284497797489166}, {""label"": ""vs 10-day avg"", ""feature"": ""dist_sma10"", ""direction"": ""+"", ""impact"": 0.0914888083934784}]",validated,1216.9,0.0121,False
2026-07-14_GRSE,2026-07-14,GRSE,2616.6,0.353,Bearish,"[{""label"": ""sector 1-day"", ""feature"": ""sector_ret_1d"", ""direction"": ""-"", ""impact"": -0.1951574981212616}, {""label"": ""daily range"", ""feature"": ""hl_range_pct"", ""direction"": ""-"", ""impact"": -0.13405266404151917}, {""label"": ""volume surge"", ""feature"": ""vol_ratio"", ""direction"": ""-"", ""impact"": -0.11038409918546677}, {""label"": ""close strength"", ""feature"": ""close_in_range"", ""direction"": ""-"", ""impact"": -0.0751330703496933}]",validated,2620.2,0.0014,False
2026-07-15_DYNAMATECH,2026-07-15,DYNAMATECH,10262.0,0.5359,Bullish,"[{""label"": ""MACD momentum"", ""feature"": ""macd_hist_slope"", ""direction"": ""+"", ""impact"": 0.06473451107740402}, {""label"": ""1-day momentum"", ""feature"": ""ret_1d"", ""direction"": ""+"", ""impact"": 0.06457775086164474}, {""label"": ""close strength"", ""feature"": ""close_in_range"", ""direction"": ""-"", ""impact"": -0.0566958487033844}, {""label"": ""Bollinger position"", ""feature"": ""bb_position"", ""direction"": ""+"", ""impact"": 0.05606711655855179}]",validated,10537.0,0.0268,True
2026-07-15_BEML,2026-07-15,BEML,1845.0,0.5302,Bullish,"[{""label"": ""1-day momentum"", ""feature"": ""ret_1d"", ""direction"": ""+"", ""impact"": 0.09773647785186768}, {""label"": ""close strength"", ""feature"": ""close_in_range"", ""direction"": ""-"", ""impact"": -0.03862854465842247}, {""label"": ""below 20-day high"", ""feature"": ""dist_high_20"", ""direction"": ""+"", ""impact"": 0.03259347751736641}, {""label"": ""volume surge"", ""feature"": ""vol_ratio"", ""direction"": ""+"", ""impact"": 0.02973915822803974}]",validated,1820.6,-0.0132,False
2026-07-15_BDL,2026-07-15,BDL,1271.2,0.5192,Bullish,"[{""label"": ""vs 10-day avg"", ""feature"": ""dist_sma10"", ""direction"": ""+"", ""impact"": 0.09713668376207352}, {""label"": ""close strength"", ""feature"": ""close_in_range"", ""direction"": ""-"", ""impact"": -0.07087678462266922}, {""label"": ""1-day momentum"", ""feature"": ""ret_1d"", ""direction"": ""+"", ""impact"": 0.057450223714113235}, {""label"": ""Bollinger position"", ""feature"": ""bb_position"", ""direction"": ""+"", ""impact"": 0.03693234547972679}]",validated,1262.8,-0.0066,False
2026-07-15_HAL,2026-07-15,HAL,4420.5,0.4865,Bearish,"[{""label"": ""close strength"", ""feature"": ""close_in_range"", ""direction"": ""-"", ""impact"": -0.08069741725921631}, {""label"": ""1-day momentum"", ""feature"": ""ret_1d"", ""direction"": ""+"", ""impact"": 0.07443717122077942}, {""label"": ""volume surge"", ""feature"": ""vol_ratio"", ""direction"": ""+"", ""impact"": 0.040625881403684616}, {""label"": ""MACD histogram"", ""feature"": ""macd_hist"", ""direction"": ""-"", ""impact"": -0.03566383197903633}]",validated,4433.8,0.003,False
2026-07-15_MTARTECH,2026-07-15,MTARTECH,6698.5,0.4761,Bearish,"[{""label"": ""volume surge"", ""feature"": ""vol_ratio"", ""direction"": ""-"", ""impact"": -0.10525763034820557}, {""label"": ""Bollinger width"", ""feature"": ""bb_width"", ""direction"": ""+"", ""impact"": 0.10422150045633316}, {""label"": ""close strength"", ""feature"": ""close_in_range"", ""direction"": ""+"", ""impact"": 0.08433158695697784}, {""label"": ""Bollinger position"", ""feature"": ""bb_position"", ""direction"": ""-"", ""impact"": -0.06775717437267303}]",validated,6364.0,-0.0499,True
2026-07-15_IDEAFORGE,2026-07-15,IDEAFORGE,877.75,0.4623,Bearish,"[{""label"": ""close strength"", ""feature"": ""close_in_range"", ""direction"": ""-"", ""impact"": -0.08097110688686371}, {""label"": ""1-day momentum"", ""feature"": ""ret_1d"", ""direction"": ""+"", ""impact"": 0.06305549293756485}, {""label"": ""Bollinger width"", ""feature"": ""bb_width"", ""direction"": ""-"", ""impact"": -0.03652765229344368}, {""label"": ""MACD momentum"", ""feature"": ""macd_hist_slope"", ""direction"": ""-"", ""impact"": -0.032753560692071915}]",validated,853.05,-0.0281,True
2026-07-15_DATAPATTNS,2026-07-15,DATAPATTNS,4189.7,0.4608,Bearish,"[{""label"": ""close strength"", ""feature"": ""close_in_range"", ""direction"": ""-"", ""impact"": -0.07428109645843506}, {""label"": ""1-day momentum"", ""feature"": ""ret_1d"", ""direction"": ""+"", ""impact"": 0.06454600393772125}, {""label"": ""Bollinger position"", ""feature"": ""bb_position"", ""direction"": ""-"", ""impact"": -0.04613479971885681}, {""label"": ""sector 1-day"", ""feature"": ""sector_ret_1d"", ""direction"": ""+"", ""impact"": 0.03624577447772026}]",validated,4142.4,-0.0113,True
2026-07-15_SOLARINDS,2026-07-15,SOLARINDS,18285.0,0.4513,Bearish,"[{""label"": ""close strength"", ""feature"": ""close_in_range"", ""direction"": ""-"", ""impact"": -0.08443576097488403}, {""label"": ""1-day momentum"", ""feature"": ""ret_1d"", ""direction"": ""-"", ""impact"": -0.06285892426967621}, {""label"": ""volume surge"", ""feature"": ""vol_ratio"", ""direction"": ""+"", ""impact"": 0.051982954144477844}, {""label"": ""sector 1-day"", ""feature"": ""sector_ret_1d"", ""direction"": ""+"", ""impact"": 0.028649957850575447}]",validated,18400.0,0.0063,False
2026-07-15_ZENTEC,2026-07-15,ZENTEC,1823.1,0.4435,Bearish,"[{""label"": ""1-day momentum"", ""feature"": ""ret_1d"", ""direction"": ""-"", ""impact"": -0.039393432438373566}, {""label"": ""close strength"", ""feature"": ""close_in_range"", ""direction"": ""+"", ""impact"": 0.036048661917448044}, {""label"": ""Bollinger width"", ""feature"": ""bb_width"", ""direction"": ""-"", ""impact"": -0.03519126772880554}, {""label"": ""sector 1-day"", ""feature"": ""sector_ret_1d"", ""direction"": ""+"", ""impact"": 0.029807068407535553}]",validated,1809.6,-0.0074,True
2026-07-15_HBLENGINE,2026-07-15,HBLENGINE,754.95,0.4412,Bearish,"[{""label"": ""Bollinger position"", ""feature"": ""bb_position"", ""direction"": ""-"", ""impact"": -0.05174017325043678}, {""label"": ""close strength"", ""feature"": ""close_in_range"", ""direction"": ""+"", ""impact"": 0.05007799342274666}, {""label"": ""overnight gap"", ""feature"": ""gap_pct"", ""direction"": ""-"", ""impact"": -0.046979665756225586}, {""label"": ""1-day momentum"", ""feature"": ""ret_1d"", ""direction"": ""-"", ""impact"": -0.04171384125947952}]",validated,741.3,-0.0181,True
2026-07-15_ASTRAMICRO,2026-07-15,ASTRAMICRO,1750.9,0.4349,Bearish,"[{""label"": ""close strength"", ""feature"": ""close_in_range"", ""direction"": ""-"", ""impact"": -0.08573422580957413}, {""label"": ""Bollinger width"", ""feature"": ""bb_width"", ""direction"": ""-"", ""impact"": -0.03529796376824379}, {""label"": ""1-day momentum"", ""feature"": ""ret_1d"", ""direction"": ""-"", ""impact"": -0.028478335589170456}, {""label"": ""20-day trend slope"", ""feature"": ""sma20_slope"", ""direction"": ""-"", ""impact"": -0.025131145492196083}]",validated,1721.7,-0.0167,True
2026-07-15_COCHINSHIP,2026-07-15,COCHINSHIP,1411.2,0.4317,Bearish,"[{""label"": ""close strength"", ""feature"": ""close_in_range"", ""direction"": ""+"", ""impact"": 0.09860946238040924}, {""label"": ""Bollinger position"", ""feature"": ""bb_position"", ""direction"": ""-"", ""impact"": -0.053304899483919144}, {""label"": ""overnight gap"", ""feature"": ""gap_pct"", ""direction"": ""-"", ""impact"": -0.04763830825686455}, {""label"": ""1-day momentum"", ""feature"": ""ret_1d"", ""direction"": ""-"", ""impact"": -0.042644888162612915}]",validated,1406.9,-0.003,True
2026-07-15_PARAS,2026-07-15,PARAS,1216.9,0.4247,Bearish,"[{""label"": ""overnight gap"", ""feature"": ""gap_pct"", ""direction"": ""+"", ""impact"": 0.1128949522972107}, {""label"": ""Bollinger position"", ""feature"": ""bb_position"", ""direction"": ""-"", ""impact"": -0.0870259627699852}, {""label"": ""close strength"", ""feature"": ""close_in_range"", ""direction"": ""-"", ""impact"": -0.07747182250022888}, {""label"": ""MACD histogram"", ""feature"": ""macd_hist"", ""direction"": ""-"", ""impact"": -0.041103545576334}]",validated,1197.0,-0.0164,True
2026-07-15_MAZDOCK,2026-07-15,MAZDOCK,2369.4,0.4242,Bearish,"[{""label"": ""close strength"", ""feature"": ""close_in_range"", ""direction"": ""-"", ""impact"": -0.06622105091810226}, {""label"": ""1-day momentum"", ""feature"": ""ret_1d"", ""direction"": ""-"", ""impact"": -0.046806372702121735}, {""label"": ""Bollinger position"", ""feature"": ""bb_position"", ""direction"": ""-"", ""impact"": -0.04032580927014351}, {""label"": ""volume surge"", ""feature"": ""vol_ratio"", ""direction"": ""+"", ""impact"": 0.03853808343410492}]",validated,2361.3,-0.0034,True
2026-07-15_GRSE,2026-07-15,GRSE,2620.2,0.3895,Bearish,"[{""label"": ""close strength"", ""feature"": ""close_in_range"", ""direction"": ""-"", ""impact"": -0.07610782235860825}, {""label"": ""1-day momentum"", ""feature"": ""ret_1d"", ""direction"": ""-"", ""impact"": -0.05980590730905533}, {""label"": ""overnight gap"", ""feature"": ""gap_pct"", ""direction"": ""-"", ""impact"": -0.04337300732731819}, {""label"": ""volume surge"", ""feature"": ""vol_ratio"", ""direction"": ""-"", ""impact"": -0.03949512913823128}]",validated,2590.8,-0.0112,True
2026-07-15_BEL,2026-07-15,BEL,410.95,0.379,Bearish,"[{""label"": ""daily range"", ""feature"": ""hl_range_pct"", ""direction"": ""-"", ""impact"": -0.1516575664281845}, {""label"": ""1-day momentum"", ""feature"": ""ret_1d"", ""direction"": ""-"", ""impact"": -0.06068192422389984}, {""label"": ""close strength"", ""feature"": ""close_in_range"", ""direction"": ""-"", ""impact"": -0.05680372193455696}, {""label"": ""1-week momentum"", ""feature"": ""ret_5d"", ""direction"": ""-"", ""impact"": -0.02848076820373535}]",validated,407.1,-0.0094,True
2026-07-16_BDL,2026-07-16,BDL,1262.8,0.464,Bearish,"[{""label"": ""sector 1-week"", ""feature"": ""sector_ret_5d"", ""direction"": ""-"", ""impact"": -0.2707735002040863}, {""label"": ""sector 1-day"", ""feature"": ""sector_ret_1d"", ""direction"": ""-"", ""impact"": -0.18583011627197266}, {""label"": ""RSI (7, fast)"", ""feature"": ""rsi_7"", ""direction"": ""+"", ""impact"": 0.12673816084861755}, {""label"": ""1-day momentum"", ""feature"": ""ret_1d"", ""direction"": ""+"", ""impact"": 0.06573230773210526}]",validated,1254.8,-0.0063,True
2026-07-16_DYNAMATECH,2026-07-16,DYNAMATECH,10537.0,0.3982,Bearish,"[{""label"": ""sector 1-week"", ""feature"": ""sector_ret_5d"", ""direction"": ""-"", ""impact"": -0.25493574142456055}, {""label"": ""sector 1-day"", ""feature"": ""sector_ret_1d"", ""direction"": ""-"", ""impact"": -0.2133551388978958}, {""label"": ""close strength"", ""feature"": ""close_in_range"", ""direction"": ""+"", ""impact"": 0.07844819873571396}, {""label"": ""volume surge"", ""feature"": ""vol_ratio"", ""direction"": ""+"", ""impact"": 0.03905830532312393}]",validated,10309.0,-0.0216,True
2026-07-16_HAL,2026-07-16,HAL,4433.8,0.3936,Bearish,"[{""label"": ""sector 1-week"", ""feature"": ""sector_ret_5d"", ""direction"": ""-"", ""impact"": -0.2719694972038269}, {""label"": ""sector 1-day"", ""feature"": ""sector_ret_1d"", ""direction"": ""-"", ""impact"": -0.18582436442375183}, {""label"": ""close strength"", ""feature"": ""close_in_range"", ""direction"": ""+"", ""impact"": 0.0942893922328949}, {""label"": ""volume surge"", ""feature"": ""vol_ratio"", ""direction"": ""+"", ""impact"": 0.059823840856552124}]",validated,4500.7,0.0151,False
2026-07-16_BEML,2026-07-16,BEML,1820.6,0.3738,Bearish,"[{""label"": ""sector 1-week"", ""feature"": ""sector_ret_5d"", ""direction"": ""-"", ""impact"": -0.29775258898735046}, {""label"": ""sector 1-day"", ""feature"": ""sector_ret_1d"", ""direction"": ""-"", ""impact"": -0.19063490629196167}, {""label"": ""close strength"", ""feature"": ""close_in_range"", ""direction"": ""-"", ""impact"": -0.06430889666080475}, {""label"": ""1-day momentum"", ""feature"": ""ret_1d"", ""direction"": ""+"", ""impact"": 0.06414590775966644}]",validated,1812.4,-0.0045,True
2026-07-16_SOLARINDS,2026-07-16,SOLARINDS,18400.0,0.3518,Bearish,"[{""label"": ""sector 1-week"", ""feature"": ""sector_ret_5d"", ""direction"": ""-"", ""impact"": -0.25713008642196655}, {""label"": ""sector 1-day"", ""feature"": ""sector_ret_1d"", ""direction"": ""-"", ""impact"": -0.2036694586277008}, {""label"": ""close strength"", ""feature"": ""close_in_range"", ""direction"": ""+"", ""impact"": 0.09235633909702301}, {""label"": ""relative strength"", ""feature"": ""rel_strength_5d"", ""direction"": ""-"", ""impact"": -0.05452701076865196}]",validated,18467.0,0.0036,False
2026-07-16_MAZDOCK,2026-07-16,MAZDOCK,2361.3,0.3427,Bearish,"[{""label"": ""sector 1-week"", ""feature"": ""sector_ret_5d"", ""direction"": ""-"", ""impact"": -0.25600335001945496}, {""label"": ""sector 1-day"", ""feature"": ""sector_ret_1d"", ""direction"": ""-"", ""impact"": -0.21049387753009796}, {""label"": ""daily range"", ""feature"": ""hl_range_pct"", ""direction"": ""-"", ""impact"": -0.08670838177204132}, {""label"": ""close strength"", ""feature"": ""close_in_range"", ""direction"": ""-"", ""impact"": -0.06564326584339142}]",validated,2342.8,-0.0078,True
2026-07-16_IDEAFORGE,2026-07-16,IDEAFORGE,853.05,0.3354,Bearish,"[{""label"": ""sector 1-week"", ""feature"": ""sector_ret_5d"", ""direction"": ""-"", ""impact"": -0.28703516721725464}, {""label"": ""sector 1-day"", ""feature"": ""sector_ret_1d"", ""direction"": ""-"", ""impact"": -0.17717617750167847}, {""label"": ""close strength"", ""feature"": ""close_in_range"", ""direction"": ""-"", ""impact"": -0.07292232662439346}, {""label"": ""daily range"", ""feature"": ""hl_range_pct"", ""direction"": ""+"", ""impact"": 0.03983411565423012}]",validated,843.75,-0.0109,True
2026-07-16_HBLENGINE,2026-07-16,HBLENGINE,741.3,0.3334,Bearish,"[{""label"": ""sector 1-week"", ""feature"": ""sector_ret_5d"", ""direction"": ""-"", ""impact"": -0.2977547347545624}, {""label"": ""sector 1-day"", ""feature"": ""sector_ret_1d"", ""direction"": ""-"", ""impact"": -0.2082226276397705}, {""label"": ""close strength"", ""feature"": ""close_in_range"", ""direction"": ""-"", ""impact"": -0.05835690721869469}, {""label"": ""MACD momentum"", ""feature"": ""macd_hist_slope"", ""direction"": ""-"", ""impact"": -0.04997565224766731}]",validated,741.9,0.0008,False
2026-07-16_ZENTEC,2026-07-16,ZENTEC,1809.6,0.3246,Bearish,"[{""label"": ""sector 1-week"", ""feature"": ""sector_ret_5d"", ""direction"": ""-"", ""impact"": -0.29291337728500366}, {""label"": ""sector 1-day"", ""feature"": ""sector_ret_1d"", ""direction"": ""-"", ""impact"": -0.19763340055942535}, {""label"": ""close strength"", ""feature"": ""close_in_range"", ""direction"": ""-"", ""impact"": -0.06262405961751938}, {""label"": ""1-day momentum"", ""feature"": ""ret_1d"", ""direction"": ""+"", ""impact"": 0.05685305967926979}]",validated,1769.7,-0.022,True
2026-07-16_ASTRAMICRO,2026-07-16,ASTRAMICRO,1721.7,0.3228,Bearish,"[{""label"": ""sector 1-week"", ""feature"": ""sector_ret_5d"", ""direction"": ""-"", ""impact"": -0.29782405495643616}, {""label"": ""sector 1-day"", ""feature"": ""sector_ret_1d"", ""direction"": ""-"", ""impact"": -0.1829846054315567}, {""label"": ""close strength"", ""feature"": ""close_in_range"", ""direction"": ""-"", ""impact"": -0.06745404750108719}, {""label"": ""1-day momentum"", ""feature"": ""ret_1d"", ""direction"": ""+"", ""impact"": 0.046793680638074875}]",validated,1720.8,-0.0005,True
2026-07-16_PARAS,2026-07-16,PARAS,1197.0,0.3121,Bearish,"[{""label"": ""sector 1-week"", ""feature"": ""sector_ret_5d"", ""direction"": ""-"", ""impact"": -0.2881154716014862}, {""label"": ""sector 1-day"", ""feature"": ""sector_ret_1d"", ""direction"": ""-"", ""impact"": -0.20925651490688324}, {""label"": ""volume surge"", ""feature"": ""vol_ratio"", ""direction"": ""-"", ""impact"": -0.13317739963531494}, {""label"": ""close strength"", ""feature"": ""close_in_range"", ""direction"": ""-"", ""impact"": -0.06964195519685745}]",validated,1176.3,-0.0173,True
2026-07-16_MTARTECH,2026-07-16,MTARTECH,6364.0,0.3077,Bearish,"[{""label"": ""sector 1-week"", ""feature"": ""sector_ret_5d"", ""direction"": ""-"", ""impact"": -0.2933347821235657}, {""label"": ""sector 1-day"", ""feature"": ""sector_ret_1d"", ""direction"": ""-"", ""impact"": -0.18711844086647034}, {""label"": ""volume surge"", ""feature"": ""vol_ratio"", ""direction"": ""-"", ""impact"": -0.13099342584609985}, {""label"": ""day of week"", ""feature"": ""dow"", ""direction"": ""-"", ""impact"": -0.07215426117181778}]",validated,6046.0,-0.05,True
2026-07-16_GRSE,2026-07-16,GRSE,2590.8,0.2918,Bearish,"[{""label"": ""sector 1-week"", ""feature"": ""sector_ret_5d"", ""direction"": ""-"", ""impact"": -0.29418128728866577}, {""label"": ""sector 1-day"", ""feature"": ""sector_ret_1d"", ""direction"": ""-"", ""impact"": -0.2137865126132965}, {""label"": ""volume surge"", ""feature"": ""vol_ratio"", ""direction"": ""-"", ""impact"": -0.14868824183940887}, {""label"": ""close strength"", ""feature"": ""close_in_range"", ""direction"": ""-"", ""impact"": -0.05274956673383713}]",validated,2581.2,-0.0037,True
2026-07-16_BEL,2026-07-16,BEL,407.1,0.2913,Bearish,"[{""label"": ""sector 1-week"", ""feature"": ""sector_ret_5d"", ""direction"": ""-"", ""impact"": -0.2815273404121399}, {""label"": ""sector 1-day"", ""feature"": ""sector_ret_1d"", ""direction"": ""-"", ""impact"": -0.20936892926692963}, {""label"": ""daily range"", ""feature"": ""hl_range_pct"", ""direction"": ""-"", ""impact"": -0.14850348234176636}, {""label"": ""close strength"", ""feature"": ""close_in_range"", ""direction"": ""-"", ""impact"": -0.07564791291952133}]",validated,409.45,0.0058,False
2026-07-16_COCHINSHIP,2026-07-16,COCHINSHIP,1406.9,0.2691,Bearish,"[{""label"": ""sector 1-week"", ""feature"": ""sector_ret_5d"", ""direction"": ""-"", ""impact"": -0.2658833861351013}, {""label"": ""sector 1-day"", ""feature"": ""sector_ret_1d"", ""direction"": ""-"", ""impact"": -0.20822246372699738}, {""label"": ""daily range"", ""feature"": ""hl_range_pct"", ""direction"": ""-"", ""impact"": -0.10277312248945236}, {""label"": ""close strength"", ""feature"": ""close_in_range"", ""direction"": ""-"", ""impact"": -0.08013108372688293}]",validated,1402.2,-0.0033,True
2026-07-17_BEML,2026-07-17,BEML,1812.4,0.4163,Bearish,"[{""label"": ""day of week"", ""feature"": ""dow"", ""direction"": ""-"", ""impact"": -0.246770977973938}, {""label"": ""sector 1-week"", ""feature"": ""sector_ret_5d"", ""direction"": ""-"", ""impact"": -0.10444802045822144}, {""label"": ""sector 1-day"", ""feature"": ""sector_ret_1d"", ""direction"": ""-"", ""impact"": -0.10419539362192154}, {""label"": ""close strength"", ""feature"": ""close_in_range"", ""direction"": ""+"", ""impact"": 0.09719385951757431}]",validated,1770.5,-0.0231,True
2026-07-17_BDL,2026-07-17,BDL,1254.8,0.3897,Bearish,"[{""label"": ""day of week"", ""feature"": ""dow"", ""direction"": ""-"", ""impact"": -0.23568637669086456}, {""label"": ""sector 1-day"", ""feature"": ""sector_ret_1d"", ""direction"": ""-"", ""impact"": -0.10513829439878464}, {""label"": ""sector 1-week"", ""feature"": ""sector_ret_5d"", ""direction"": ""-"", ""impact"": -0.10132467746734619}, {""label"": ""vs 10-day avg"", ""feature"": ""dist_sma10"", ""direction"": ""+"", ""impact"": 0.09292677789926529}]",validated,1257.6,0.0022,False
2026-07-17_DATAPATTNS,2026-07-17,DATAPATTNS,4085.8,0.3795,Bearish,"[{""label"": ""day of week"", ""feature"": ""dow"", ""direction"": ""-"", ""impact"": -0.24696683883666992}, {""label"": ""sector 1-day"", ""feature"": ""sector_ret_1d"", ""direction"": ""-"", ""impact"": -0.09736275672912598}, {""label"": ""sector 1-week"", ""feature"": ""sector_ret_5d"", ""direction"": ""-"", ""impact"": -0.09003607928752899}, {""label"": ""close strength"", ""feature"": ""close_in_range"", ""direction"": ""-"", ""impact"": -0.07219243049621582}]",validated,3990.7,-0.0233,True
2026-07-17_IDEAFORGE,2026-07-17,IDEAFORGE,843.75,0.3784,Bearish,"[{""label"": ""day of week"", ""feature"": ""dow"", ""direction"": ""-"", ""impact"": -0.2521362602710724}, {""label"": ""sector 1-week"", ""feature"": ""sector_ret_5d"", ""direction"": ""-"", ""impact"": -0.10629263520240784}, {""label"": ""sector 1-day"", ""feature"": ""sector_ret_1d"", ""direction"": ""-"", ""impact"": -0.09211283922195435}, {""label"": ""close strength"", ""feature"": ""close_in_range"", ""direction"": ""+"", ""impact"": 0.061919987201690674}]",validated,857.3,0.0161,False
2026-07-17_DYNAMATECH,2026-07-17,DYNAMATECH,10309.0,0.3768,Bearish,"[{""label"": ""day of week"", ""feature"": ""dow"", ""direction"": ""-"", ""impact"": -0.2355198860168457}, {""label"": ""sector 1-day"", ""feature"": ""sector_ret_1d"", ""direction"": ""-"", ""impact"": -0.10599879175424576}, {""label"": ""sector 1-week"", ""feature"": ""sector_ret_5d"", ""direction"": ""-"", ""impact"": -0.0978546217083931}, {""label"": ""close strength"", ""feature"": ""close_in_range"", ""direction"": ""-"", ""impact"": -0.061773523688316345}]",validated,10285.0,-0.0023,True
2026-07-17_BEL,2026-07-17,BEL,409.45,0.3746,Bearish,"[{""label"": ""day of week"", ""feature"": ""dow"", ""direction"": ""-"", ""impact"": -0.17379935085773468}, {""label"": ""sector 1-day"", ""feature"": ""sector_ret_1d"", ""direction"": ""-"", ""impact"": -0.11382893472909927}, {""label"": ""sector 1-week"", ""feature"": ""sector_ret_5d"", ""direction"": ""-"", ""impact"": -0.10938052088022232}, {""label"": ""daily range"", ""feature"": ""hl_range_pct"", ""direction"": ""-"", ""impact"": -0.09838031232357025}]",validated,408.15,-0.0032,True
2026-07-17_HAL,2026-07-17,HAL,4500.7,0.3707,Bearish,"[{""label"": ""day of week"", ""feature"": ""dow"", ""direction"": ""-"", ""impact"": -0.1683875471353531}, {""label"": ""sector 1-week"", ""feature"": ""sector_ret_5d"", ""direction"": ""-"", ""impact"": -0.11756150424480438}, {""label"": ""sector 1-day"", ""feature"": ""sector_ret_1d"", ""direction"": ""-"", ""impact"": -0.10873424261808395}, {""label"": ""close strength"", ""feature"": ""close_in_range"", ""direction"": ""+"", ""impact"": 0.09675837308168411}]",validated,4491.0,-0.0022,True
2026-07-17_ASTRAMICRO,2026-07-17,ASTRAMICRO,1720.8,0.3696,Bearish,"[{""label"": ""day of week"", ""feature"": ""dow"", ""direction"": ""-"", ""impact"": -0.24972589313983917}, {""label"": ""sector 1-day"", ""feature"": ""sector_ret_1d"", ""direction"": ""-"", ""impact"": -0.10967651009559631}, {""label"": ""sector 1-week"", ""feature"": ""sector_ret_5d"", ""direction"": ""-"", ""impact"": -0.10322846472263336}, {""label"": ""close strength"", ""feature"": ""close_in_range"", ""direction"": ""+"", ""impact"": 0.085347481071949}]",validated,1751.0,0.0175,False
2026-07-17_HBLENGINE,2026-07-17,HBLENGINE,741.9,0.3522,Bearish,"[{""label"": ""day of week"", ""feature"": ""dow"", ""direction"": ""-"", ""impact"": -0.24058464169502258}, {""label"": ""sector 1-day"", ""feature"": ""sector_ret_1d"", ""direction"": ""-"", ""impact"": -0.11939641088247299}, {""label"": ""sector 1-week"", ""feature"": ""sector_ret_5d"", ""direction"": ""-"", ""impact"": -0.11073694378137589}, {""label"": ""close strength"", ""feature"": ""close_in_range"", ""direction"": ""+"", ""impact"": 0.056154727935791016}]",validated,730.65,-0.0152,True
2026-07-17_SOLARINDS,2026-07-17,SOLARINDS,18467.0,0.346,Bearish,"[{""label"": ""day of week"", ""feature"": ""dow"", ""direction"": ""-"", ""impact"": -0.24304555356502533}, {""label"": ""sector 1-day"", ""feature"": ""sector_ret_1d"", ""direction"": ""-"", ""impact"": -0.10719088464975357}, {""label"": ""sector 1-week"", ""feature"": ""sector_ret_5d"", ""direction"": ""-"", ""impact"": -0.09507385641336441}, {""label"": ""close strength"", ""feature"": ""close_in_range"", ""direction"": ""+"", ""impact"": 0.07068486511707306}]",validated,19028.0,0.0304,False
2026-07-17_PARAS,2026-07-17,PARAS,1176.3,0.3369,Bearish,"[{""label"": ""day of week"", ""feature"": ""dow"", ""direction"": ""-"", ""impact"": -0.2706986665725708}, {""label"": ""volume surge"", ""feature"": ""vol_ratio"", ""direction"": ""-"", ""impact"": -0.12048915028572083}, {""label"": ""sector 1-day"", ""feature"": ""sector_ret_1d"", ""direction"": ""-"", ""impact"": -0.10256350785493851}, {""label"": ""sector 1-week"", ""feature"": ""sector_ret_5d"", ""direction"": ""-"", ""impact"": -0.0876338928937912}]",validated,1206.6,0.0258,False
2026-07-17_ZENTEC,2026-07-17,ZENTEC,1769.7,0.331,Bearish,"[{""label"": ""day of week"", ""feature"": ""dow"", ""direction"": ""-"", ""impact"": -0.25486403703689575}, {""label"": ""sector 1-day"", ""feature"": ""sector_ret_1d"", ""direction"": ""-"", ""impact"": -0.09420859068632126}, {""label"": ""sector 1-week"", ""feature"": ""sector_ret_5d"", ""direction"": ""-"", ""impact"": -0.09416153281927109}, {""label"": ""close strength"", ""feature"": ""close_in_range"", ""direction"": ""-"", ""impact"": -0.07248162478208542}]",validated,1749.8,-0.0112,True
2026-07-17_MAZDOCK,2026-07-17,MAZDOCK,2342.8,0.3275,Bearish,"[{""label"": ""day of week"", ""feature"": ""dow"", ""direction"": ""-"", ""impact"": -0.22407235205173492}, {""label"": ""sector 1-day"", ""feature"": ""sector_ret_1d"", ""direction"": ""-"", ""impact"": -0.11586065590381622}, {""label"": ""daily range"", ""feature"": ""hl_range_pct"", ""direction"": ""-"", ""impact"": -0.10179257392883301}, {""label"": ""sector 1-week"", ""feature"": ""sector_ret_5d"", ""direction"": ""-"", ""impact"": -0.07676754146814346}]",validated,2346.5,0.0016,False
2026-07-17_GRSE,2026-07-17,GRSE,2581.2,0.3178,Bearish,"[{""label"": ""day of week"", ""feature"": ""dow"", ""direction"": ""-"", ""impact"": -0.2331225425004959}, {""label"": ""sector 1-day"", ""feature"": ""sector_ret_1d"", ""direction"": ""-"", ""impact"": -0.11482343077659607}, {""label"": ""daily range"", ""feature"": ""hl_range_pct"", ""direction"": ""-"", ""impact"": -0.1033916026353836}, {""label"": ""volume surge"", ""feature"": ""vol_ratio"", ""direction"": ""-"", ""impact"": -0.09328974038362503}]",validated,2561.7,-0.0076,True
2026-07-17_COCHINSHIP,2026-07-17,COCHINSHIP,1402.2,0.3056,Bearish,"[{""label"": ""day of week"", ""feature"": ""dow"", ""direction"": ""-"", ""impact"": -0.2579507529735565}, {""label"": ""daily range"", ""feature"": ""hl_range_pct"", ""direction"": ""-"", ""impact"": -0.12075833231210709}, {""label"": ""sector 1-day"", ""feature"": ""sector_ret_1d"", ""direction"": ""-"", ""impact"": -0.1135244071483612}, {""label"": ""volume surge"", ""feature"": ""vol_ratio"", ""direction"": ""-"", ""impact"": -0.09604965895414352}]",validated,1407.6,0.0039,False
2026-07-20_DATAPATTNS,2026-07-20,DATAPATTNS,3990.7,0.5405,Bullish,"[{""label"": ""sector 1-week"", ""feature"": ""sector_ret_5d"", ""direction"": ""+"", ""impact"": 0.1153515949845314}, {""label"": ""close strength"", ""feature"": ""close_in_range"", ""direction"": ""-"", ""impact"": -0.08526895940303802}, {""label"": ""vs 10-day avg"", ""feature"": ""dist_sma10"", ""direction"": ""+"", ""impact"": 0.07438275218009949}, {""label"": ""sector 1-day"", ""feature"": ""sector_ret_1d"", ""direction"": ""-"", ""impact"": -0.07088704407215118}]",validated,4243.9,0.0634,True
2026-07-20_ASTRAMICRO,2026-07-20,ASTRAMICRO,1751.0,0.4963,Bearish,"[{""label"": ""close strength"", ""feature"": ""close_in_range"", ""direction"": ""+"", ""impact"": 0.13417991995811462}, {""label"": ""sector 1-week"", ""feature"": ""sector_ret_5d"", ""direction"": ""+"", ""impact"": 0.10543475300073624}, {""label"": ""sector 1-day"", ""feature"": ""sector_ret_1d"", ""direction"": ""-"", ""impact"": -0.09838977456092834}, {""label"": ""day of week"", ""feature"": ""dow"", ""direction"": ""+"", ""impact"": 0.06534077972173691}]",validated,1747.1,-0.0022,True
2026-07-20_BEML,2026-07-20,BEML,1770.5,0.4776,Bearish,"[{""label"": ""close strength"", ""feature"": ""close_in_range"", ""direction"": ""-"", ""impact"": -0.09929168224334717}, {""label"": ""sector 1-week"", ""feature"": ""sector_ret_5d"", ""direction"": ""+"", ""impact"": 0.0839492678642273}, {""label"": ""sector 1-day"", ""feature"": ""sector_ret_1d"", ""direction"": ""-"", ""impact"": -0.07828640937805176}, {""label"": ""volume surge"", ""feature"": ""vol_ratio"", ""direction"": ""-"", ""impact"": -0.06491918861865997}]",validated,1786.3,0.0089,False
2026-07-20_HBLENGINE,2026-07-20,HBLENGINE,730.65,0.4737,Bearish,"[{""label"": ""sector 1-week"", ""feature"": ""sector_ret_5d"", ""direction"": ""+"", ""impact"": 0.09639665484428406}, {""label"": ""sector 1-day"", ""feature"": ""sector_ret_1d"", ""direction"": ""-"", ""impact"": -0.09268464148044586}, {""label"": ""1-day momentum"", ""feature"": ""ret_1d"", ""direction"": ""+"", ""impact"": 0.07290706783533096}, {""label"": ""close strength"", ""feature"": ""close_in_range"", ""direction"": ""-"", ""impact"": -0.06794586032629013}]",validated,729.05,-0.0022,True
2026-07-20_IDEAFORGE,2026-07-20,IDEAFORGE,857.3,0.4729,Bearish,"[{""label"": ""sector 1-day"", ""feature"": ""sector_ret_1d"", ""direction"": ""-"", ""impact"": -0.10602568835020065}, {""label"": ""sector 1-week"", ""feature"": ""sector_ret_5d"", ""direction"": ""+"", ""impact"": 0.09746011346578598}, {""label"": ""close strength"", ""feature"": ""close_in_range"", ""direction"": ""-"", ""impact"": -0.08331754058599472}, {""label"": ""1-day momentum"", ""feature"": ""ret_1d"", ""direction"": ""-"", ""impact"": -0.07662730664014816}]",validated,850.35,-0.0081,True
2026-07-20_BEL,2026-07-20,BEL,408.15,0.47,Bearish,"[{""label"": ""daily range"", ""feature"": ""hl_range_pct"", ""direction"": ""-"", ""impact"": -0.14822687208652496}, {""label"": ""close strength"", ""feature"": ""close_in_range"", ""direction"": ""+"", ""impact"": 0.12160474807024002}, {""label"": ""sector 1-week"", ""feature"": ""sector_ret_5d"", ""direction"": ""+"", ""impact"": 0.10536818206310272}, {""label"": ""sector 1-day"", ""feature"": ""sector_ret_1d"", ""direction"": ""-"", ""impact"": -0.09414497017860413}]",validated,410.05,0.0047,False
2026-07-20_HAL,2026-07-20,HAL,4491.0,0.4649,Bearish,"[{""label"": ""close strength"", ""feature"": ""close_in_range"", ""direction"": ""+"", ""impact"": 0.11541479825973511}, {""label"": ""sector 1-week"", ""feature"": ""sector_ret_5d"", ""direction"": ""+"", ""impact"": 0.10545705258846283}, {""label"": ""sector 1-day"", ""feature"": ""sector_ret_1d"", ""direction"": ""-"", ""impact"": -0.09595287591218948}, {""label"": ""daily range"", ""feature"": ""hl_range_pct"", ""direction"": ""-"", ""impact"": -0.060985781252384186}]",validated,4581.7,0.0202,False
2026-07-20_PARAS,2026-07-20,PARAS,1206.6,0.4643,Bearish,"[{""label"": ""close strength"", ""feature"": ""close_in_range"", ""direction"": ""+"", ""impact"": 0.12251023948192596}, {""label"": ""volume surge"", ""feature"": ""vol_ratio"", ""direction"": ""-"", ""impact"": -0.11671469360589981}, {""label"": ""sector 1-week"", ""feature"": ""sector_ret_5d"", ""direction"": ""+"", ""impact"": 0.11604173481464386}, {""label"": ""sector 1-day"", ""feature"": ""sector_ret_1d"", ""direction"": ""-"", ""impact"": -0.10535129904747009}]",validated,1222.6,0.0133,False
2026-07-20_SOLARINDS,2026-07-20,SOLARINDS,19028.0,0.457,Bearish,"[{""label"": ""relative strength"", ""feature"": ""rel_strength_5d"", ""direction"": ""-"", ""impact"": -0.11989008635282516}, {""label"": ""close strength"", ""feature"": ""close_in_range"", ""direction"": ""+"", ""impact"": 0.11857901513576508}, {""label"": ""sector 1-day"", ""feature"": ""sector_ret_1d"", ""direction"": ""-"", ""impact"": -0.08344614505767822}, {""label"": ""sector 1-week"", ""feature"": ""sector_ret_5d"", ""direction"": ""+"", ""impact"": 0.06386923044919968}]",validated,19045.0,0.0009,False
2026-07-20_COCHINSHIP,2026-07-20,COCHINSHIP,1407.6,0.455,Bearish,"[{""label"": ""daily range"", ""feature"": ""hl_range_pct"", ""direction"": ""-"", ""impact"": -0.1271531581878662}, {""label"": ""close strength"", ""feature"": ""close_in_range"", ""direction"": ""+"", ""impact"": 0.12704235315322876}, {""label"": ""sector 1-day"", ""feature"": ""sector_ret_1d"", ""direction"": ""-"", ""impact"": -0.10478468239307404}, {""label"": ""sector 1-week"", ""feature"": ""sector_ret_5d"", ""direction"": ""+"", ""impact"": 0.10352860391139984}]",validated,1405.3,-0.0016,True
2026-07-20_ZENTEC,2026-07-20,ZENTEC,1749.8,0.4374,Bearish,"[{""label"": ""volume surge"", ""feature"": ""vol_ratio"", ""direction"": ""-"", ""impact"": -0.1021987572312355}, {""label"": ""sector 1-week"", ""feature"": ""sector_ret_5d"", ""direction"": ""+"", ""impact"": 0.10034433752298355}, {""label"": ""Bollinger position"", ""feature"": ""bb_position"", ""direction"": ""-"", ""impact"": -0.09804197400808334}, {""label"": ""sector 1-day"", ""feature"": ""sector_ret_1d"", ""direction"": ""-"", ""impact"": -0.08097226917743683}]",validated,1818.7,0.0394,False
2026-07-20_MAZDOCK,2026-07-20,MAZDOCK,2346.5,0.4355,Bearish,"[{""label"": ""daily range"", ""feature"": ""hl_range_pct"", ""direction"": ""-"", ""impact"": -0.15306110680103302}, {""label"": ""sector 1-week"", ""feature"": ""sector_ret_5d"", ""direction"": ""+"", ""impact"": 0.10879939794540405}, {""label"": ""close strength"", ""feature"": ""close_in_range"", ""direction"": ""+"", ""impact"": 0.10494374483823776}, {""label"": ""sector 1-day"", ""feature"": ""sector_ret_1d"", ""direction"": ""-"", ""impact"": -0.10430653393268585}]",validated,2354.1,0.0032,False
2026-07-20_GRSE,2026-07-20,GRSE,2561.7,0.4331,Bearish,"[{""label"": ""sector 1-day"", ""feature"": ""sector_ret_1d"", ""direction"": ""-"", ""impact"": -0.09532855451107025}, {""label"": ""close strength"", ""feature"": ""close_in_range"", ""direction"": ""-"", ""impact"": -0.09047475457191467}, {""label"": ""sector 1-week"", ""feature"": ""sector_ret_5d"", ""direction"": ""+"", ""impact"": 0.08883718401193619}, {""label"": ""10-day choppiness"", ""feature"": ""ret_std_10"", ""direction"": ""-"", ""impact"": -0.05135070160031319}]",validated,2619.7,0.0226,False
2026-07-20_BDL,2026-07-20,BDL,1257.6,0.4325,Bearish,"[{""label"": ""daily range"", ""feature"": ""hl_range_pct"", ""direction"": ""-"", ""impact"": -0.15306110680103302}, {""label"": ""close strength"", ""feature"": ""close_in_range"", ""direction"": ""+"", ""impact"": 0.1153237372636795}, {""label"": ""sector 1-week"", ""feature"": ""sector_ret_5d"", ""direction"": ""+"", ""impact"": 0.10879939794540405}, {""label"": ""sector 1-day"", ""feature"": ""sector_ret_1d"", ""direction"": ""-"", ""impact"": -0.09676170349121094}]",validated,1273.2,0.0124,False
2026-07-20_DYNAMATECH,2026-07-20,DYNAMATECH,10285.0,0.4261,Bearish,"[{""label"": ""daily range"", ""feature"": ""hl_range_pct"", ""direction"": ""-"", ""impact"": -0.1446257084608078}, {""label"": ""sector 1-day"", ""feature"": ""sector_ret_1d"", ""direction"": ""-"", ""impact"": -0.10674373805522919}, {""label"": ""sector 1-week"", ""feature"": ""sector_ret_5d"", ""direction"": ""+"", ""impact"": 0.09958034753799438}, {""label"": ""volume surge"", ""feature"": ""vol_ratio"", ""direction"": ""-"", ""impact"": -0.04812423884868622}]",validated,10352.0,0.0065,False
2026-07-21_MTARTECH,2026-07-21,MTARTECH,5573.5,0.6133,Bullish,"[{""label"": ""sector 1-day"", ""feature"": ""sector_ret_1d"", ""direction"": ""+"", ""impact"": 0.14073647558689117}, {""label"": ""day of week"", ""feature"": ""dow"", ""direction"": ""+"", ""impact"": 0.09828434139490128}, {""label"": ""close strength"", ""feature"": ""close_in_range"", ""direction"": ""-"", ""impact"": -0.08015807718038559}, {""label"": ""vs 10-day avg"", ""feature"": ""dist_sma10"", ""direction"": ""+"", ""impact"": 0.07983970642089844}]",validated,5852.0,0.05,True
2026-07-21_DYNAMATECH,2026-07-21,DYNAMATECH,10352.0,0.572,Bullish,"[{""label"": ""close strength"", ""feature"": ""close_in_range"", ""direction"": ""+"", ""impact"": 0.14968153834342957}, {""label"": ""sector 1-day"", ""feature"": ""sector_ret_1d"", ""direction"": ""+"", ""impact"": 0.13846178352832794}, {""label"": ""day of week"", ""feature"": ""dow"", ""direction"": ""+"", ""impact"": 0.059295859187841415}, {""label"": ""up-days in 10"", ""feature"": ""up_days_10"", ""direction"": ""+"", ""impact"": 0.05071329325437546}]",validated,10161.0,-0.0185,False
2026-07-21_IDEAFORGE,2026-07-21,IDEAFORGE,850.35,0.5491,Bullish,"[{""label"": ""sector 1-day"", ""feature"": ""sector_ret_1d"", ""direction"": ""+"", ""impact"": 0.11599967628717422}, {""label"": ""1-day momentum"", ""feature"": ""ret_1d"", ""direction"": ""+"", ""impact"": 0.07325668632984161}, {""label"": ""day of week"", ""feature"": ""dow"", ""direction"": ""+"", ""impact"": 0.05157259479165077}, {""label"": ""close strength"", ""feature"": ""close_in_range"", ""direction"": ""-"", ""impact"": -0.046448882669210434}]",validated,861.65,0.0133,True
2026-07-21_DATAPATTNS,2026-07-21,DATAPATTNS,4243.9,0.5423,Bullish,"[{""label"": ""sector 1-day"", ""feature"": ""sector_ret_1d"", ""direction"": ""+"", ""impact"": 0.15050052106380463}, {""label"": ""close strength"", ""feature"": ""close_in_range"", ""direction"": ""+"", ""impact"": 0.12976416945457458}, {""label"": ""day of week"", ""feature"": ""dow"", ""direction"": ""+"", ""impact"": 0.06525027751922607}, {""label"": ""volume surge"", ""feature"": ""vol_ratio"", ""direction"": ""+"", ""impact"": 0.05292823910713196}]",validated,4782.8,0.127,True
2026-07-21_ZENTEC,2026-07-21,ZENTEC,1818.7,0.5316,Bullish,"[{""label"": ""sector 1-day"", ""feature"": ""sector_ret_1d"", ""direction"": ""+"", ""impact"": 0.13624311983585358}, {""label"": ""close strength"", ""feature"": ""close_in_range"", ""direction"": ""+"", ""impact"": 0.13437438011169434}, {""label"": ""volume surge"", ""feature"": ""vol_ratio"", ""direction"": ""-"", ""impact"": -0.06157734617590904}, {""label"": ""1-day momentum"", ""feature"": ""ret_1d"", ""direction"": ""-"", ""impact"": -0.05290776491165161}]",validated,1814.7,-0.0022,False
2026-07-21_BEML,2026-07-21,BEML,1786.3,0.5162,Bullish,"[{""label"": ""sector 1-day"", ""feature"": ""sector_ret_1d"", ""direction"": ""+"", ""impact"": 0.12290461361408234}, {""label"": ""close strength"", ""feature"": ""close_in_range"", ""direction"": ""+"", ""impact"": 0.11815180629491806}, {""label"": ""volume surge"", ""feature"": ""vol_ratio"", ""direction"": ""-"", ""impact"": -0.06271907687187195}, {""label"": ""day of week"", ""feature"": ""dow"", ""direction"": ""+"", ""impact"": 0.0484943725168705}]",validated,1736.5,-0.0279,False
2026-07-21_SOLARINDS,2026-07-21,SOLARINDS,19045.0,0.5046,Bullish,"[{""label"": ""sector 1-day"", ""feature"": ""sector_ret_1d"", ""direction"": ""+"", ""impact"": 0.1380254626274109}, {""label"": ""close strength"", ""feature"": ""close_in_range"", ""direction"": ""+"", ""impact"": 0.12499471753835678}, {""label"": ""day of week"", ""feature"": ""dow"", ""direction"": ""+"", ""impact"": 0.0531398169696331}, {""label"": ""volume surge"", ""feature"": ""vol_ratio"", ""direction"": ""+"", ""impact"": 0.047890424728393555}]",validated,18856.0,-0.0099,False
2026-07-21_HAL,2026-07-21,HAL,4581.7,0.5026,Bullish,"[{""label"": ""sector 1-day"", ""feature"": ""sector_ret_1d"", ""direction"": ""+"", ""impact"": 0.13407021760940552}, {""label"": ""close strength"", ""feature"": ""close_in_range"", ""direction"": ""+"", ""impact"": 0.12265831232070923}, {""label"": ""1-day momentum"", ""feature"": ""ret_1d"", ""direction"": ""-"", ""impact"": -0.04421639442443848}, {""label"": ""day of week"", ""feature"": ""dow"", ""direction"": ""+"", ""impact"": 0.04212109372019768}]",validated,4574.8,-0.0015,False
2026-07-21_BEL,2026-07-21,BEL,410.05,0.4988,Bearish,"[{""label"": ""close strength"", ""feature"": ""close_in_range"", ""direction"": ""+"", ""impact"": 0.13275068998336792}, {""label"": ""sector 1-day"", ""feature"": ""sector_ret_1d"", ""direction"": ""+"", ""impact"": 0.1051994040608406}, {""label"": ""daily range"", ""feature"": ""hl_range_pct"", ""direction"": ""-"", ""impact"": -0.05725710839033127}, {""label"": ""10-day choppiness"", ""feature"": ""ret_std_10"", ""direction"": ""-"", ""impact"": -0.04376641660928726}]",validated,406.75,-0.008,True
2026-07-21_GRSE,2026-07-21,GRSE,2619.7,0.4845,Bearish,"[{""label"": ""sector 1-day"", ""feature"": ""sector_ret_1d"", ""direction"": ""+"", ""impact"": 0.12757201492786407}, {""label"": ""close strength"", ""feature"": ""close_in_range"", ""direction"": ""+"", ""impact"": 0.12220541387796402}, {""label"": ""10-day choppiness"", ""feature"": ""ret_std_10"", ""direction"": ""-"", ""impact"": -0.05141418054699898}, {""label"": ""1-day momentum"", ""feature"": ""ret_1d"", ""direction"": ""-"", ""impact"": -0.05093441158533096}]",validated,2588.8,-0.0118,True
2026-07-21_COCHINSHIP,2026-07-21,COCHINSHIP,1405.3,0.4764,Bearish,"[{""label"": ""volume surge"", ""feature"": ""vol_ratio"", ""direction"": ""-"", ""impact"": -0.15376363694667816}, {""label"": ""sector 1-day"", ""feature"": ""sector_ret_1d"", ""direction"": ""+"", ""impact"": 0.13555608689785004}, {""label"": ""close strength"", ""feature"": ""close_in_range"", ""direction"": ""+"", ""impact"": 0.11244489252567291}, {""label"": ""daily range"", ""feature"": ""hl_range_pct"", ""direction"": ""-"", ""impact"": -0.08108378946781158}]",validated,1367.7,-0.0268,True
2026-07-21_PARAS,2026-07-21,PARAS,1222.6,0.4697,Bearish,"[{""label"": ""volume surge"", ""feature"": ""vol_ratio"", ""direction"": ""-"", ""impact"": -0.147586390376091}, {""label"": ""close strength"", ""feature"": ""close_in_range"", ""direction"": ""+"", ""impact"": 0.12729960680007935}, {""label"": ""sector 1-day"", ""feature"": ""sector_ret_1d"", ""direction"": ""+"", ""impact"": 0.10841253399848938}, {""label"": ""1-day momentum"", ""feature"": ""ret_1d"", ""direction"": ""-"", ""impact"": -0.07205692678689957}]",validated,1223.1,0.0004,False
2026-07-21_BDL,2026-07-21,BDL,1273.2,0.4694,Bearish,"[{""label"": ""close strength"", ""feature"": ""close_in_range"", ""direction"": ""+"", ""impact"": 0.10092061012983322}, {""label"": ""sector 1-day"", ""feature"": ""sector_ret_1d"", ""direction"": ""+"", ""impact"": 0.09129093587398529}, {""label"": ""Bollinger position"", ""feature"": ""bb_position"", ""direction"": ""-"", ""impact"": -0.055820249021053314}, {""label"": ""up-days in 10"", ""feature"": ""up_days_10"", ""direction"": ""+"", ""impact"": 0.05488746240735054}]",validated,1249.5,-0.0186,True
2026-07-21_MAZDOCK,2026-07-21,MAZDOCK,2354.1,0.465,Bearish,"[{""label"": ""close strength"", ""feature"": ""close_in_range"", ""direction"": ""+"", ""impact"": 0.10524345934391022}, {""label"": ""sector 1-day"", ""feature"": ""sector_ret_1d"", ""direction"": ""+"", ""impact"": 0.09560594707727432}, {""label"": ""daily range"", ""feature"": ""hl_range_pct"", ""direction"": ""-"", ""impact"": -0.0631946325302124}, {""label"": ""Bollinger position"", ""feature"": ""bb_position"", ""direction"": ""-"", ""impact"": -0.05961472541093826}]",validated,2307.4,-0.0198,True
2026-07-21_HBLENGINE,2026-07-21,HBLENGINE,729.05,0.4452,Bearish,"[{""label"": ""sector 1-day"", ""feature"": ""sector_ret_1d"", ""direction"": ""+"", ""impact"": 0.09099225699901581}, {""label"": ""close strength"", ""feature"": ""close_in_range"", ""direction"": ""-"", ""impact"": -0.08346683531999588}, {""label"": ""daily range"", ""feature"": ""hl_range_pct"", ""direction"": ""-"", ""impact"": -0.06155042350292206}, {""label"": ""Bollinger position"", ""feature"": ""bb_position"", ""direction"": ""-"", ""impact"": -0.0487605556845665}]",validated,712.6,-0.0226,True
2026-07-21_ASTRAMICRO,2026-07-21,ASTRAMICRO,1747.1,0.4287,Bearish,"[{""label"": ""close strength"", ""feature"": ""close_in_range"", ""direction"": ""-"", ""impact"": -0.09907472133636475}, {""label"": ""sector 1-day"", ""feature"": ""sector_ret_1d"", ""direction"": ""+"", ""impact"": 0.09272313863039017}, {""label"": ""sector 1-week"", ""feature"": ""sector_ret_5d"", ""direction"": ""-"", ""impact"": -0.05195013806223869}, {""label"": ""volume surge"", ""feature"": ""vol_ratio"", ""direction"": ""-"", ""impact"": -0.05078019201755524}]",validated,1757.1,0.0057,False
2026-07-22_MTARTECH,2026-07-22,MTARTECH,5852.0,0.5489,Bullish,"[{""label"": ""daily range"", ""feature"": ""hl_range_pct"", ""direction"": ""-"", ""impact"": -0.12000152468681335}, {""label"": ""overnight gap"", ""feature"": ""gap_pct"", ""direction"": ""+"", ""impact"": 0.118860624730587}, {""label"": ""close strength"", ""feature"": ""close_in_range"", ""direction"": ""+"", ""impact"": 0.11026035249233246}, {""label"": ""vs 10-day avg"", ""feature"": ""dist_sma10"", ""direction"": ""+"", ""impact"": 0.06784220784902573}]",validated,5875.0,0.0039,True
2026-07-22_IDEAFORGE,2026-07-22,IDEAFORGE,861.65,0.5087,Bullish,"[{""label"": ""close strength"", ""feature"": ""close_in_range"", ""direction"": ""+"", ""impact"": 0.0875992402434349}, {""label"": ""1-day momentum"", ""feature"": ""ret_1d"", ""direction"": ""-"", ""impact"": -0.04761795699596405}, {""label"": ""sector 1-week"", ""feature"": ""sector_ret_5d"", ""direction"": ""+"", ""impact"": 0.03280601277947426}, {""label"": ""10-day choppiness"", ""feature"": ""ret_std_10"", ""direction"": ""+"", ""impact"": 0.025660889223217964}]",validated,861.05,-0.0007,False
2026-07-22_HBLENGINE,2026-07-22,HBLENGINE,712.6,0.5017,Bullish,"[{""label"": ""close strength"", ""feature"": ""close_in_range"", ""direction"": ""-"", ""impact"": -0.07427682727575302}, {""label"": ""1-day momentum"", ""feature"": ""ret_1d"", ""direction"": ""+"", ""impact"": 0.07199634611606598}, {""label"": ""sector 1-week"", ""feature"": ""sector_ret_5d"", ""direction"": ""+"", ""impact"": 0.04278518259525299}, {""label"": ""sector 1-day"", ""feature"": ""sector_ret_1d"", ""direction"": ""+"", ""impact"": 0.03708178922533989}]",validated,704.95,-0.0107,False
2026-07-22_DYNAMATECH,2026-07-22,DYNAMATECH,10161.0,0.5013,Bullish,"[{""label"": ""close strength"", ""feature"": ""close_in_range"", ""direction"": ""-"", ""impact"": -0.08532708883285522}, {""label"": ""1-day momentum"", ""feature"": ""ret_1d"", ""direction"": ""+"", ""impact"": 0.06976581364870071}, {""label"": ""Bollinger width"", ""feature"": ""bb_width"", ""direction"": ""-"", ""impact"": -0.04722433537244797}, {""label"": ""MACD momentum"", ""feature"": ""macd_hist_slope"", ""direction"": ""+"", ""impact"": 0.041826266795396805}]",validated,10181.0,0.002,True
2026-07-22_BEML,2026-07-22,BEML,1736.5,0.5002,Bullish,"[{""label"": ""close strength"", ""feature"": ""close_in_range"", ""direction"": ""-"", ""impact"": -0.07828032225370407}, {""label"": ""RSI (7, fast)"", ""feature"": ""rsi_7"", ""direction"": ""+"", ""impact"": 0.07213923335075378}, {""label"": ""1-day momentum"", ""feature"": ""ret_1d"", ""direction"": ""+"", ""impact"": 0.06978841125965118}, {""label"": ""sector 1-day"", ""feature"": ""sector_ret_1d"", ""direction"": ""+"", ""impact"": 0.03758642449975014}]",validated,1730.7,-0.0033,False
2026-07-22_SOLARINDS,2026-07-22,SOLARINDS,18856.0,0.4863,Bearish,"[{""label"": ""close strength"", ""feature"": ""close_in_range"", ""direction"": ""-"", ""impact"": -0.07654301077127457}, {""label"": ""1-day momentum"", ""feature"": ""ret_1d"", ""direction"": ""+"", ""impact"": 0.07103799283504486}, {""label"": ""sector 1-day"", ""feature"": ""sector_ret_1d"", ""direction"": ""+"", ""impact"": 0.04688373580574989}, {""label"": ""volume surge"", ""feature"": ""vol_ratio"", ""direction"": ""+"", ""impact"": 0.04566844180226326}]",validated,18621.0,-0.0125,True
2026-07-22_GRSE,2026-07-22,GRSE,2588.8,0.4769,Bearish,"[{""label"": ""close strength"", ""feature"": ""close_in_range"", ""direction"": ""-"", ""impact"": -0.07097114622592926}, {""label"": ""1-day momentum"", ""feature"": ""ret_1d"", ""direction"": ""+"", ""impact"": 0.06564822047948837}, {""label"": ""sector 1-week"", ""feature"": ""sector_ret_5d"", ""direction"": ""+"", ""impact"": 0.053845472633838654}, {""label"": ""Bollinger position"", ""feature"": ""bb_position"", ""direction"": ""-"", ""impact"": -0.04721449315547943}]",validated,2574.4,-0.0056,True
2026-07-22_BDL,2026-07-22,BDL,1249.5,0.4748,Bearish,"[{""label"": ""1-day momentum"", ""feature"": ""ret_1d"", ""direction"": ""+"", ""impact"": 0.08251208066940308}, {""label"": ""close strength"", ""feature"": ""close_in_range"", ""direction"": ""-"", ""impact"": -0.06413622200489044}, {""label"": ""sector 1-week"", ""feature"": ""sector_ret_5d"", ""direction"": ""+"", ""impact"": 0.04123276099562645}, {""label"": ""volume surge"", ""feature"": ""vol_ratio"", ""direction"": ""-"", ""impact"": -0.03366020321846008}]",validated,1239.8,-0.0078,True
2026-07-22_MAZDOCK,2026-07-22,MAZDOCK,2307.4,0.4741,Bearish,"[{""label"": ""1-day momentum"", ""feature"": ""ret_1d"", ""direction"": ""+"", ""impact"": 0.07354381680488586}, {""label"": ""close strength"", ""feature"": ""close_in_range"", ""direction"": ""-"", ""impact"": -0.063720703125}, {""label"": ""sector 1-week"", ""feature"": ""sector_ret_5d"", ""direction"": ""+"", ""impact"": 0.042760662734508514}, {""label"": ""sector 1-day"", ""feature"": ""sector_ret_1d"", ""direction"": ""+"", ""impact"": 0.032864782959222794}]",validated,2298.9,-0.0037,True
2026-07-22_ASTRAMICRO,2026-07-22,ASTRAMICRO,1757.1,0.4696,Bearish,"[{""label"": ""1-day momentum"", ""feature"": ""ret_1d"", ""direction"": ""-"", ""impact"": -0.05471094697713852}, {""label"": ""close strength"", ""feature"": ""close_in_range"", ""direction"": ""+"", ""impact"": 0.04683167114853859}, {""label"": ""sector 1-day"", ""feature"": ""sector_ret_1d"", ""direction"": ""+"", ""impact"": 0.0352594256401062}, {""label"": ""volume surge"", ""feature"": ""vol_ratio"", ""direction"": ""-"", ""impact"": -0.03199351951479912}]",validated,1783.1,0.0148,False
2026-07-22_ZENTEC,2026-07-22,ZENTEC,1814.7,0.4626,Bearish,"[{""label"": ""close strength"", ""feature"": ""close_in_range"", ""direction"": ""-"", ""impact"": -0.05593269690871239}, {""label"": ""1-day momentum"", ""feature"": ""ret_1d"", ""direction"": ""-"", ""impact"": -0.0407143235206604}, {""label"": ""volume surge"", ""feature"": ""vol_ratio"", ""direction"": ""-"", ""impact"": -0.03055068850517273}, {""label"": ""sector 1-week"", ""feature"": ""sector_ret_5d"", ""direction"": ""+"", ""impact"": 0.028654444962739944}]",validated,1800.7,-0.0077,True
2026-07-22_DATAPATTNS,2026-07-22,DATAPATTNS,4782.8,0.4428,Bearish,"[{""label"": ""1-day momentum"", ""feature"": ""ret_1d"", ""direction"": ""-"", ""impact"": -0.12596018612384796}, {""label"": ""volume surge"", ""feature"": ""vol_ratio"", ""direction"": ""-"", ""impact"": -0.09703337401151657}, {""label"": ""relative strength"", ""feature"": ""rel_strength_5d"", ""direction"": ""-"", ""impact"": -0.08622242510318756}, {""label"": ""3-day momentum"", ""feature"": ""ret_3d"", ""direction"": ""+"", ""impact"": 0.07162266224622726}]",validated,4597.5,-0.0387,True
2026-07-22_PARAS,2026-07-22,PARAS,1223.1,0.4303,Bearish,"[{""label"": ""volume surge"", ""feature"": ""vol_ratio"", ""direction"": ""-"", ""impact"": -0.11696676909923553}, {""label"": ""1-day momentum"", ""feature"": ""ret_1d"", ""direction"": ""-"", ""impact"": -0.062270864844322205}, {""label"": ""sector 1-week"", ""feature"": ""sector_ret_5d"", ""direction"": ""+"", ""impact"": 0.05449929088354111}, {""label"": ""Bollinger position"", ""feature"": ""bb_position"", ""direction"": ""-"", ""impact"": -0.0401136577129364}]",validated,1197.5,-0.0209,True
2026-07-22_BEL,2026-07-22,BEL,406.75,0.4161,Bearish,"[{""label"": ""daily range"", ""feature"": ""hl_range_pct"", ""direction"": ""-"", ""impact"": -0.19473673403263092}, {""label"": ""close strength"", ""feature"": ""close_in_range"", ""direction"": ""-"", ""impact"": -0.08250156044960022}, {""label"": ""Bollinger width"", ""feature"": ""bb_width"", ""direction"": ""+"", ""impact"": 0.060610368847846985}, {""label"": ""1-day momentum"", ""feature"": ""ret_1d"", ""direction"": ""+"", ""impact"": 0.05729563534259796}]",validated,405.35,-0.0034,True
2026-07-22_HAL,2026-07-22,HAL,4574.8,0.4157,Bearish,"[{""label"": ""close strength"", ""feature"": ""close_in_range"", ""direction"": ""-"", ""impact"": -0.08604185283184052}, {""label"": ""1-day momentum"", ""feature"": ""ret_1d"", ""direction"": ""-"", ""impact"": -0.040691014379262924}, {""label"": ""sector 1-day"", ""feature"": ""sector_ret_1d"", ""direction"": ""+"", ""impact"": 0.03279264271259308}, {""label"": ""MACD momentum"", ""feature"": ""macd_hist_slope"", ""direction"": ""-"", ""impact"": -0.030518917366862297}]",validated,4592.5,0.0039,False
2026-07-22_COCHINSHIP,2026-07-22,COCHINSHIP,1367.7,0.4105,Bearish,"[{""label"": ""volume surge"", ""feature"": ""vol_ratio"", ""direction"": ""-"", ""impact"": -0.0945073738694191}, {""label"": ""10-day choppiness"", ""feature"": ""ret_std_10"", ""direction"": ""-"", ""impact"": -0.07537621259689331}, {""label"": ""1-day momentum"", ""feature"": ""ret_1d"", ""direction"": ""+"", ""impact"": 0.06834276765584946}, {""label"": ""close strength"", ""feature"": ""close_in_range"", ""direction"": ""-"", ""impact"": -0.06548436731100082}]",validated,1395.7,0.0205,False
2026-07-23_MTARTECH,2026-07-23,MTARTECH,5875.0,0.4038,Bearish,"[{""label"": ""sector 1-day"", ""feature"": ""sector_ret_1d"", ""direction"": ""-"", ""impact"": -0.4924502372741699}, {""label"": ""close strength"", ""feature"": ""close_in_range"", ""direction"": ""+"", ""impact"": 0.13128656148910522}, {""label"": ""sector 1-week"", ""feature"": ""sector_ret_5d"", ""direction"": ""-"", ""impact"": -0.08419660478830338}, {""label"": ""Bollinger width"", ""feature"": ""bb_width"", ""direction"": ""+"", ""impact"": 0.08202914893627167}]",validated,5805.0,-0.0119,True
2026-07-23_BEML,2026-07-23,BEML,1730.7,0.3833,Bearish,"[{""label"": ""sector 1-day"", ""feature"": ""sector_ret_1d"", ""direction"": ""-"", ""impact"": -0.4809759259223938}, {""label"": ""1-week momentum"", ""feature"": ""ret_5d"", ""direction"": ""+"", ""impact"": 0.13502390682697296}, {""label"": ""sector 1-week"", ""feature"": ""sector_ret_5d"", ""direction"": ""-"", ""impact"": -0.100016750395298}, {""label"": ""close strength"", ""feature"": ""close_in_range"", ""direction"": ""+"", ""impact"": 0.08299701660871506}]",validated,1713.2,-0.0101,True
2026-07-23_IDEAFORGE,2026-07-23,IDEAFORGE,861.05,0.3534,Bearish,"[{""label"": ""sector 1-day"", ""feature"": ""sector_ret_1d"", ""direction"": ""-"", ""impact"": -0.5101827383041382}, {""label"": ""close strength"", ""feature"": ""close_in_range"", ""direction"": ""+"", ""impact"": 0.12075967341661453}, {""label"": ""sector 1-week"", ""feature"": ""sector_ret_5d"", ""direction"": ""-"", ""impact"": -0.09362605959177017}, {""label"": ""2-week momentum"", ""feature"": ""ret_10d"", ""direction"": ""-"", ""impact"": -0.03128550946712494}]",validated,870.65,0.0111,False
2026-07-23_HAL,2026-07-23,HAL,4592.5,0.3388,Bearish,"[{""label"": ""sector 1-day"", ""feature"": ""sector_ret_1d"", ""direction"": ""-"", ""impact"": -0.46131300926208496}, {""label"": ""sector 1-week"", ""feature"": ""sector_ret_5d"", ""direction"": ""-"", ""impact"": -0.10140492022037506}, {""label"": ""close strength"", ""feature"": ""close_in_range"", ""direction"": ""+"", ""impact"": 0.08063478767871857}, {""label"": ""volume surge"", ""feature"": ""vol_ratio"", ""direction"": ""+"", ""impact"": 0.07699029892683029}]",validated,4573.4,-0.0042,True
2026-07-23_BEL,2026-07-23,BEL,405.35,0.3381,Bearish,"[{""label"": ""sector 1-day"", ""feature"": ""sector_ret_1d"", ""direction"": ""-"", ""impact"": -0.5153340697288513}, {""label"": ""sector 1-week"", ""feature"": ""sector_ret_5d"", ""direction"": ""-"", ""impact"": -0.10368342697620392}, {""label"": ""close strength"", ""feature"": ""close_in_range"", ""direction"": ""+"", ""impact"": 0.08048471808433533}, {""label"": ""Bollinger width"", ""feature"": ""bb_width"", ""direction"": ""+"", ""impact"": 0.06105072796344757}]",validated,405.0,-0.0009,True
2026-07-23_ZENTEC,2026-07-23,ZENTEC,1800.7,0.3331,Bearish,"[{""label"": ""sector 1-day"", ""feature"": ""sector_ret_1d"", ""direction"": ""-"", ""impact"": -0.5579636096954346}, {""label"": ""close strength"", ""feature"": ""close_in_range"", ""direction"": ""+"", ""impact"": 0.11133790761232376}, {""label"": ""sector 1-week"", ""feature"": ""sector_ret_5d"", ""direction"": ""-"", ""impact"": -0.10125955194234848}, {""label"": ""MACD momentum"", ""feature"": ""macd_hist_slope"", ""direction"": ""-"", ""impact"": -0.03979604318737984}]",validated,1768.7,-0.0178,True
2026-07-23_ASTRAMICRO,2026-07-23,ASTRAMICRO,1783.1,0.3297,Bearish,"[{""label"": ""sector 1-day"", ""feature"": ""sector_ret_1d"", ""direction"": ""-"", ""impact"": -0.44736823439598083}, {""label"": ""sector 1-week"", ""feature"": ""sector_ret_5d"", ""direction"": ""-"", ""impact"": -0.10334872454404831}, {""label"": ""close strength"", ""feature"": ""close_in_range"", ""direction"": ""+"", ""impact"": 0.07758007943630219}, {""label"": ""volume surge"", ""feature"": ""vol_ratio"", ""direction"": ""-"", ""impact"": -0.06050568073987961}]",validated,1813.4,0.017,False
2026-07-23_COCHINSHIP,2026-07-23,COCHINSHIP,1395.7,0.3175,Bearish,"[{""label"": ""sector 1-day"", ""feature"": ""sector_ret_1d"", ""direction"": ""-"", ""impact"": -0.45484668016433716}, {""label"": ""sector 1-week"", ""feature"": ""sector_ret_5d"", ""direction"": ""-"", ""impact"": -0.10637875646352768}, {""label"": ""close strength"", ""feature"": ""close_in_range"", ""direction"": ""+"", ""impact"": 0.08432261645793915}, {""label"": ""volume surge"", ""feature"": ""vol_ratio"", ""direction"": ""-"", ""impact"": -0.0658101737499237}]",validated,1392.4,-0.0024,True
2026-07-23_SOLARINDS,2026-07-23,SOLARINDS,18621.0,0.3156,Bearish,"[{""label"": ""sector 1-day"", ""feature"": ""sector_ret_1d"", ""direction"": ""-"", ""impact"": -0.5473718643188477}, {""label"": ""sector 1-week"", ""feature"": ""sector_ret_5d"", ""direction"": ""-"", ""impact"": -0.11093884706497192}, {""label"": ""MACD momentum"", ""feature"": ""macd_hist_slope"", ""direction"": ""+"", ""impact"": 0.06242293119430542}, {""label"": ""close strength"", ""feature"": ""close_in_range"", ""direction"": ""-"", ""impact"": -0.058003220707178116}]",validated,18494.0,-0.0068,True
2026-07-23_DYNAMATECH,2026-07-23,DYNAMATECH,10181.0,0.3067,Bearish,"[{""label"": ""sector 1-day"", ""feature"": ""sector_ret_1d"", ""direction"": ""-"", ""impact"": -0.5181184411048889}, {""label"": ""sector 1-week"", ""feature"": ""sector_ret_5d"", ""direction"": ""-"", ""impact"": -0.10793275386095047}, {""label"": ""close strength"", ""feature"": ""close_in_range"", ""direction"": ""-"", ""impact"": -0.07447664439678192}, {""label"": ""Bollinger position"", ""feature"": ""bb_position"", ""direction"": ""-"", ""impact"": -0.05343693122267723}]",validated,10458.0,0.0272,False
2026-07-23_HBLENGINE,2026-07-23,HBLENGINE,704.95,0.3003,Bearish,"[{""label"": ""sector 1-day"", ""feature"": ""sector_ret_1d"", ""direction"": ""-"", ""impact"": -0.5527965426445007}, {""label"": ""sector 1-week"", ""feature"": ""sector_ret_5d"", ""direction"": ""-"", ""impact"": -0.09978948533535004}, {""label"": ""close strength"", ""feature"": ""close_in_range"", ""direction"": ""-"", ""impact"": -0.07515625655651093}, {""label"": ""Bollinger position"", ""feature"": ""bb_position"", ""direction"": ""-"", ""impact"": -0.04617752879858017}]",validated,698.6,-0.009,True
2026-07-23_DATAPATTNS,2026-07-23,DATAPATTNS,4597.5,0.2981,Bearish,"[{""label"": ""sector 1-day"", ""feature"": ""sector_ret_1d"", ""direction"": ""-"", ""impact"": -0.5521932244300842}, {""label"": ""3-day momentum"", ""feature"": ""ret_3d"", ""direction"": ""+"", ""impact"": 0.13097113370895386}, {""label"": ""relative strength"", ""feature"": ""rel_strength_5d"", ""direction"": ""-"", ""impact"": -0.09933892637491226}, {""label"": ""sector 1-week"", ""feature"": ""sector_ret_5d"", ""direction"": ""-"", ""impact"": -0.09637469798326492}]",validated,4584.5,-0.0028,True
2026-07-23_GRSE,2026-07-23,GRSE,2574.4,0.2856,Bearish,"[{""label"": ""sector 1-day"", ""feature"": ""sector_ret_1d"", ""direction"": ""-"", ""impact"": -0.5703984498977661}, {""label"": ""sector 1-week"", ""feature"": ""sector_ret_5d"", ""direction"": ""-"", ""impact"": -0.10310884565114975}, {""label"": ""close strength"", ""feature"": ""close_in_range"", ""direction"": ""-"", ""impact"": -0.0627252459526062}, {""label"": ""Bollinger position"", ""feature"": ""bb_position"", ""direction"": ""-"", ""impact"": -0.041019272059202194}]",validated,2565.8,-0.0033,True
2026-07-23_PARAS,2026-07-23,PARAS,1197.5,0.2673,Bearish,"[{""label"": ""sector 1-day"", ""feature"": ""sector_ret_1d"", ""direction"": ""-"", ""impact"": -0.562681257724762}, {""label"": ""volume surge"", ""feature"": ""vol_ratio"", ""direction"": ""-"", ""impact"": -0.12780433893203735}, {""label"": ""sector 1-week"", ""feature"": ""sector_ret_5d"", ""direction"": ""-"", ""impact"": -0.11027416586875916}, {""label"": ""close strength"", ""feature"": ""close_in_range"", ""direction"": ""-"", ""impact"": -0.07389196008443832}]",validated,1195.2,-0.0019,True
2026-07-23_BDL,2026-07-23,BDL,1239.8,0.2655,Bearish,"[{""label"": ""sector 1-day"", ""feature"": ""sector_ret_1d"", ""direction"": ""-"", ""impact"": -0.556786060333252}, {""label"": ""sector 1-week"", ""feature"": ""sector_ret_5d"", ""direction"": ""-"", ""impact"": -0.10899976640939713}, {""label"": ""volume surge"", ""feature"": ""vol_ratio"", ""direction"": ""-"", ""impact"": -0.06827966868877411}, {""label"": ""close strength"", ""feature"": ""close_in_range"", ""direction"": ""-"", ""impact"": -0.06457176804542542}]",validated,1243.0,0.0026,False
2026-07-23_MAZDOCK,2026-07-23,MAZDOCK,2298.9,0.2509,Bearish,"[{""label"": ""sector 1-day"", ""feature"": ""sector_ret_1d"", ""direction"": ""-"", ""impact"": -0.5665568113327026}, {""label"": ""sector 1-week"", ""feature"": ""sector_ret_5d"", ""direction"": ""-"", ""impact"": -0.1092861071228981}, {""label"": ""close strength"", ""feature"": ""close_in_range"", ""direction"": ""-"", ""impact"": -0.07747107744216919}, {""label"": ""volume surge"", ""feature"": ""vol_ratio"", ""direction"": ""-"", ""impact"": -0.060341522097587585}]",validated,2293.8,-0.0022,True
2026-07-24_SOLARINDS,2026-07-24,SOLARINDS,18494.0,0.4933,Bearish,"[{""label"": ""MACD momentum"", ""feature"": ""macd_hist_slope"", ""direction"": ""+"", ""impact"": 0.24128058552742004}, {""label"": ""day of week"", ""feature"": ""dow"", ""direction"": ""-"", ""impact"": -0.1023935005068779}, {""label"": ""close strength"", ""feature"": ""close_in_range"", ""direction"": ""+"", ""impact"": 0.0818789079785347}, {""label"": ""sector 1-day"", ""feature"": ""sector_ret_1d"", ""direction"": ""-"", ""impact"": -0.07369209825992584}]",validated,18628.0,0.0072,False
2026-07-24_HBLENGINE,2026-07-24,HBLENGINE,698.6,0.4794,Bearish,"[{""label"": ""day of week"", ""feature"": ""dow"", ""direction"": ""-"", ""impact"": -0.1229160726070404}, {""label"": ""RSI (7, fast)"", ""feature"": ""rsi_7"", ""direction"": ""+"", ""impact"": 0.103506900370121}, {""label"": ""sector 1-day"", ""feature"": ""sector_ret_1d"", ""direction"": ""-"", ""impact"": -0.08234533667564392}, {""label"": ""vs 10-day avg"", ""feature"": ""dist_sma10"", ""direction"": ""+"", ""impact"": 0.064834363758564}]",validated,713.75,0.0217,False
2026-07-24_ZENTEC,2026-07-24,ZENTEC,1768.7,0.4524,Bearish,"[{""label"": ""day of week"", ""feature"": ""dow"", ""direction"": ""-"", ""impact"": -0.11002063006162643}, {""label"": ""sector 1-day"", ""feature"": ""sector_ret_1d"", ""direction"": ""-"", ""impact"": -0.08506838977336884}, {""label"": ""close strength"", ""feature"": ""close_in_range"", ""direction"": ""+"", ""impact"": 0.07742077857255936}, {""label"": ""sector 1-week"", ""feature"": ""sector_ret_5d"", ""direction"": ""-"", ""impact"": -0.045160360634326935}]",validated,1688.2,-0.0455,True
2026-07-24_IDEAFORGE,2026-07-24,IDEAFORGE,870.65,0.4446,Bearish,"[{""label"": ""day of week"", ""feature"": ""dow"", ""direction"": ""-"", ""impact"": -0.10733060538768768}, {""label"": ""sector 1-day"", ""feature"": ""sector_ret_1d"", ""direction"": ""-"", ""impact"": -0.10527528077363968}, {""label"": ""close strength"", ""feature"": ""close_in_range"", ""direction"": ""+"", ""impact"": 0.08290768414735794}, {""label"": ""overnight gap"", ""feature"": ""gap_pct"", ""direction"": ""+"", ""impact"": 0.052755482494831085}]",validated,860.25,-0.0119,True
2026-07-24_BEML,2026-07-24,BEML,1713.2,0.4407,Bearish,"[{""label"": ""day of week"", ""feature"": ""dow"", ""direction"": ""-"", ""impact"": -0.13461923599243164}, {""label"": ""RSI (7, fast)"", ""feature"": ""rsi_7"", ""direction"": ""+"", ""impact"": 0.08865679800510406}, {""label"": ""sector 1-day"", ""feature"": ""sector_ret_1d"", ""direction"": ""-"", ""impact"": -0.08136078715324402}, {""label"": ""close strength"", ""feature"": ""close_in_range"", ""direction"": ""+"", ""impact"": 0.07891812920570374}]",validated,1780.1,0.039,False
2026-07-24_MTARTECH,2026-07-24,MTARTECH,5805.0,0.4364,Bearish,"[{""label"": ""day of week"", ""feature"": ""dow"", ""direction"": ""-"", ""impact"": -0.1271258145570755}, {""label"": ""Bollinger width"", ""feature"": ""bb_width"", ""direction"": ""+"", ""impact"": 0.09566085040569305}, {""label"": ""sector 1-day"", ""feature"": ""sector_ret_1d"", ""direction"": ""-"", ""impact"": -0.09087520092725754}, {""label"": ""close strength"", ""feature"": ""close_in_range"", ""direction"": ""+"", ""impact"": 0.07716669142246246}]",validated,5754.5,-0.0087,True
2026-07-24_DYNAMATECH,2026-07-24,DYNAMATECH,10458.0,0.4358,Bearish,"[{""label"": ""day of week"", ""feature"": ""dow"", ""direction"": ""-"", ""impact"": -0.0999763160943985}, {""label"": ""sector 1-day"", ""feature"": ""sector_ret_1d"", ""direction"": ""-"", ""impact"": -0.09389559179544449}, {""label"": ""close strength"", ""feature"": ""close_in_range"", ""direction"": ""+"", ""impact"": 0.08123160153627396}, {""label"": ""sector 1-week"", ""feature"": ""sector_ret_5d"", ""direction"": ""-"", ""impact"": -0.04914303123950958}]",validated,10546.0,0.0084,False
2026-07-24_GRSE,2026-07-24,GRSE,2565.8,0.4191,Bearish,"[{""label"": ""sector 1-day"", ""feature"": ""sector_ret_1d"", ""direction"": ""-"", ""impact"": -0.10237100720405579}, {""label"": ""day of week"", ""feature"": ""dow"", ""direction"": ""-"", ""impact"": -0.09252646565437317}, {""label"": ""close strength"", ""feature"": ""close_in_range"", ""direction"": ""+"", ""impact"": 0.08693072944879532}, {""label"": ""sector 1-week"", ""feature"": ""sector_ret_5d"", ""direction"": ""-"", ""impact"": -0.05026799440383911}]",validated,2647.5,0.0318,False
2026-07-24_HAL,2026-07-24,HAL,4573.4,0.4119,Bearish,"[{""label"": ""day of week"", ""feature"": ""dow"", ""direction"": ""-"", ""impact"": -0.10843631625175476}, {""label"": ""sector 1-day"", ""feature"": ""sector_ret_1d"", ""direction"": ""-"", ""impact"": -0.08175331354141235}, {""label"": ""20-day choppiness"", ""feature"": ""ret_std_20"", ""direction"": ""-"", ""impact"": -0.0806208923459053}, {""label"": ""sector 1-week"", ""feature"": ""sector_ret_5d"", ""direction"": ""-"", ""impact"": -0.055318910628557205}]",validated,4619.0,0.01,False
2026-07-24_DATAPATTNS,2026-07-24,DATAPATTNS,4584.5,0.41,Bearish,"[{""label"": ""day of week"", ""feature"": ""dow"", ""direction"": ""-"", ""impact"": -0.10962128639221191}, {""label"": ""sector 1-day"", ""feature"": ""sector_ret_1d"", ""direction"": ""-"", ""impact"": -0.09401608258485794}, {""label"": ""3-day momentum"", ""feature"": ""ret_3d"", ""direction"": ""+"", ""impact"": 0.07542651891708374}, {""label"": ""relative strength"", ""feature"": ""rel_strength_5d"", ""direction"": ""-"", ""impact"": -0.060901615768671036}]",validated,4578.9,-0.0012,True
2026-07-24_ASTRAMICRO,2026-07-24,ASTRAMICRO,1813.4,0.4099,Bearish,"[{""label"": ""day of week"", ""feature"": ""dow"", ""direction"": ""-"", ""impact"": -0.1045476645231247}, {""label"": ""close strength"", ""feature"": ""close_in_range"", ""direction"": ""+"", ""impact"": 0.0914725512266159}, {""label"": ""sector 1-day"", ""feature"": ""sector_ret_1d"", ""direction"": ""-"", ""impact"": -0.08649060130119324}, {""label"": ""volume surge"", ""feature"": ""vol_ratio"", ""direction"": ""-"", ""impact"": -0.058660704642534256}]",validated,1801.8,-0.0064,True
2026-07-24_PARAS,2026-07-24,PARAS,1195.2,0.3966,Bearish,"[{""label"": ""volume surge"", ""feature"": ""vol_ratio"", ""direction"": ""-"", ""impact"": -0.11698086559772491}, {""label"": ""day of week"", ""feature"": ""dow"", ""direction"": ""-"", ""impact"": -0.10155251622200012}, {""label"": ""sector 1-day"", ""feature"": ""sector_ret_1d"", ""direction"": ""-"", ""impact"": -0.0989132896065712}, {""label"": ""close strength"", ""feature"": ""close_in_range"", ""direction"": ""+"", ""impact"": 0.0782352089881897}]",validated,1221.3,0.0218,False
2026-07-24_BEL,2026-07-24,BEL,405.0,0.3873,Bearish,"[{""label"": ""daily range"", ""feature"": ""hl_range_pct"", ""direction"": ""-"", ""impact"": -0.13635610044002533}, {""label"": ""sector 1-day"", ""feature"": ""sector_ret_1d"", ""direction"": ""-"", ""impact"": -0.1001318022608757}, {""label"": ""day of week"", ""feature"": ""dow"", ""direction"": ""-"", ""impact"": -0.0933150127530098}, {""label"": ""close strength"", ""feature"": ""close_in_range"", ""direction"": ""+"", ""impact"": 0.06970309466123581}]",validated,407.15,0.0053,False
2026-07-24_BDL,2026-07-24,BDL,1243.0,0.3644,Bearish,"[{""label"": ""day of week"", ""feature"": ""dow"", ""direction"": ""-"", ""impact"": -0.09521441161632538}, {""label"": ""sector 1-day"", ""feature"": ""sector_ret_1d"", ""direction"": ""-"", ""impact"": -0.0943087786436081}, {""label"": ""close strength"", ""feature"": ""close_in_range"", ""direction"": ""+"", ""impact"": 0.06907693296670914}, {""label"": ""volume surge"", ""feature"": ""vol_ratio"", ""direction"": ""-"", ""impact"": -0.06569288671016693}]",validated,1256.4,0.0108,False
2026-07-24_MAZDOCK,2026-07-24,MAZDOCK,2293.8,0.3608,Bearish,"[{""label"": ""sector 1-day"", ""feature"": ""sector_ret_1d"", ""direction"": ""-"", ""impact"": -0.092542365193367}, {""label"": ""day of week"", ""feature"": ""dow"", ""direction"": ""-"", ""impact"": -0.09223610907793045}, {""label"": ""close strength"", ""feature"": ""close_in_range"", ""direction"": ""+"", ""impact"": 0.08830343186855316}, {""label"": ""sector 1-week"", ""feature"": ""sector_ret_5d"", ""direction"": ""-"", ""impact"": -0.06452436745166779}]",validated,2330.3,0.0159,False
2026-07-24_COCHINSHIP,2026-07-24,COCHINSHIP,1392.4,0.3451,Bearish,"[{""label"": ""sector 1-day"", ""feature"": ""sector_ret_1d"", ""direction"": ""-"", ""impact"": -0.09699589014053345}, {""label"": ""day of week"", ""feature"": ""dow"", ""direction"": ""-"", ""impact"": -0.09555746614933014}, {""label"": ""volume surge"", ""feature"": ""vol_ratio"", ""direction"": ""-"", ""impact"": -0.08463715761899948}, {""label"": ""close strength"", ""feature"": ""close_in_range"", ""direction"": ""+"", ""impact"": 0.07414465397596359}]",validated,1402.3,0.0071,False
2026-07-27_ZENTEC,2026-07-27,ZENTEC,1688.2,0.608,Bullish,"[{""label"": ""Bollinger position"", ""feature"": ""bb_position"", ""direction"": ""+"", ""impact"": 0.22001618146896362}, {""label"": ""overnight gap"", ""feature"": ""gap_pct"", ""direction"": ""+"", ""impact"": 0.14051640033721924}, {""label"": ""sector 1-day"", ""feature"": ""sector_ret_1d"", ""direction"": ""-"", ""impact"": -0.13533960282802582}, {""label"": ""close strength"", ""feature"": ""close_in_range"", ""direction"": ""+"", ""impact"": 0.0859202966094017}]",validated,1640.6,-0.0282,False
2026-07-27_MTARTECH,2026-07-27,MTARTECH,5754.5,0.5053,Bullish,"[{""label"": ""sector 1-day"", ""feature"": ""sector_ret_1d"", ""direction"": ""-"", ""impact"": -0.1216617003083229}, {""label"": ""close strength"", ""feature"": ""close_in_range"", ""direction"": ""+"", ""impact"": 0.114719919860363}, {""label"": ""Bollinger width"", ""feature"": ""bb_width"", ""direction"": ""+"", ""impact"": 0.07570236921310425}, {""label"": ""below 20-day high"", ""feature"": ""dist_high_20"", ""direction"": ""-"", ""impact"": -0.06600980460643768}]",validated,5467.0,-0.05,False
2026-07-27_HBLENGINE,2026-07-27,HBLENGINE,713.75,0.466,Bearish,"[{""label"": ""sector 1-day"", ""feature"": ""sector_ret_1d"", ""direction"": ""-"", ""impact"": -0.0977235808968544}, {""label"": ""close strength"", ""feature"": ""close_in_range"", ""direction"": ""+"", ""impact"": 0.08157943189144135}, {""label"": ""up-days in 10"", ""feature"": ""up_days_10"", ""direction"": ""+"", ""impact"": 0.04835497960448265}, {""label"": ""volume z-score"", ""feature"": ""vol_zscore"", ""direction"": ""+"", ""impact"": 0.04004110023379326}]",validated,694.95,-0.0263,True
2026-07-27_SOLARINDS,2026-07-27,SOLARINDS,18628.0,0.4594,Bearish,"[{""label"": ""close strength"", ""feature"": ""close_in_range"", ""direction"": ""+"", ""impact"": 0.08550214022397995}, {""label"": ""sector 1-day"", ""feature"": ""sector_ret_1d"", ""direction"": ""-"", ""impact"": -0.08038603514432907}, {""label"": ""sector 1-week"", ""feature"": ""sector_ret_5d"", ""direction"": ""-"", ""impact"": -0.045771799981594086}, {""label"": ""volume z-score"", ""feature"": ""vol_zscore"", ""direction"": ""+"", ""impact"": 0.04033955559134483}]",validated,18244.0,-0.0206,True
2026-07-27_GRSE,2026-07-27,GRSE,2647.5,0.4439,Bearish,"[{""label"": ""sector 1-day"", ""feature"": ""sector_ret_1d"", ""direction"": ""-"", ""impact"": -0.12147241085767746}, {""label"": ""close strength"", ""feature"": ""close_in_range"", ""direction"": ""+"", ""impact"": 0.08900236338376999}, {""label"": ""volume surge"", ""feature"": ""vol_ratio"", ""direction"": ""+"", ""impact"": 0.0390339195728302}, {""label"": ""overnight gap"", ""feature"": ""gap_pct"", ""direction"": ""-"", ""impact"": -0.03889128565788269}]",validated,2610.7,-0.0139,True
2026-07-27_IDEAFORGE,2026-07-27,IDEAFORGE,860.25,0.4401,Bearish,"[{""label"": ""sector 1-day"", ""feature"": ""sector_ret_1d"", ""direction"": ""-"", ""impact"": -0.11832580715417862}, {""label"": ""close strength"", ""feature"": ""close_in_range"", ""direction"": ""-"", ""impact"": -0.0806896910071373}, {""label"": ""1-day momentum"", ""feature"": ""ret_1d"", ""direction"": ""+"", ""impact"": 0.0475013442337513}, {""label"": ""vs 10-day avg"", ""feature"": ""dist_sma10"", ""direction"": ""-"", ""impact"": -0.04261460900306702}]",validated,847.95,-0.0143,True
2026-07-27_BEL,2026-07-27,BEL,407.15,0.4159,Bearish,"[{""label"": ""sector 1-day"", ""feature"": ""sector_ret_1d"", ""direction"": ""-"", ""impact"": -0.11254821717739105}, {""label"": ""daily range"", ""feature"": ""hl_range_pct"", ""direction"": ""-"", ""impact"": -0.09111116081476212}, {""label"": ""close strength"", ""feature"": ""close_in_range"", ""direction"": ""+"", ""impact"": 0.07170924544334412}, {""label"": ""volume surge"", ""feature"": ""vol_ratio"", ""direction"": ""+"", ""impact"": 0.06302715092897415}]",validated,389.0,-0.0446,True
2026-07-27_PARAS,2026-07-27,PARAS,1221.3,0.4153,Bearish,"[{""label"": ""sector 1-day"", ""feature"": ""sector_ret_1d"", ""direction"": ""-"", ""impact"": -0.10300746560096741}, {""label"": ""volume surge"", ""feature"": ""vol_ratio"", ""direction"": ""-"", ""impact"": -0.08746723085641861}, {""label"": ""close strength"", ""feature"": ""close_in_range"", ""direction"": ""+"", ""impact"": 0.0808691531419754}, {""label"": ""volume z-score"", ""feature"": ""vol_zscore"", ""direction"": ""+"", ""impact"": 0.050040509551763535}]",validated,1186.1,-0.0288,True
2026-07-27_BEML,2026-07-27,BEML,1780.1,0.4144,Bearish,"[{""label"": ""sector 1-day"", ""feature"": ""sector_ret_1d"", ""direction"": ""-"", ""impact"": -0.14116732776165009}, {""label"": ""close strength"", ""feature"": ""close_in_range"", ""direction"": ""+"", ""impact"": 0.08561217039823532}, {""label"": ""volume surge"", ""feature"": ""vol_ratio"", ""direction"": ""-"", ""impact"": -0.04830460995435715}, {""label"": ""sector 1-week"", ""feature"": ""sector_ret_5d"", ""direction"": ""-"", ""impact"": -0.045901108533144}]",validated,1759.2,-0.0117,True
2026-07-27_BDL,2026-07-27,BDL,1256.4,0.4104,Bearish,"[{""label"": ""sector 1-day"", ""feature"": ""sector_ret_1d"", ""direction"": ""-"", ""impact"": -0.10792844742536545}, {""label"": ""close strength"", ""feature"": ""close_in_range"", ""direction"": ""+"", ""impact"": 0.08194485306739807}, {""label"": ""volume surge"", ""feature"": ""vol_ratio"", ""direction"": ""-"", ""impact"": -0.07602465897798538}, {""label"": ""Bollinger position"", ""feature"": ""bb_position"", ""direction"": ""+"", ""impact"": 0.06923011690378189}]",validated,1271.0,0.0116,False
2026-07-27_HAL,2026-07-27,HAL,4619.0,0.409,Bearish,"[{""label"": ""close strength"", ""feature"": ""close_in_range"", ""direction"": ""+"", ""impact"": 0.13254858553409576}, {""label"": ""sector 1-day"", ""feature"": ""sector_ret_1d"", ""direction"": ""-"", ""impact"": -0.0946694016456604}, {""label"": ""20-day choppiness"", ""feature"": ""ret_std_20"", ""direction"": ""-"", ""impact"": -0.057967860251665115}, {""label"": ""sector 1-week"", ""feature"": ""sector_ret_5d"", ""direction"": ""-"", ""impact"": -0.05433134734630585}]",validated,4600.1,-0.0041,True
2026-07-27_ASTRAMICRO,2026-07-27,ASTRAMICRO,1801.8,0.4067,Bearish,"[{""label"": ""sector 1-day"", ""feature"": ""sector_ret_1d"", ""direction"": ""-"", ""impact"": -0.09885882586240768}, {""label"": ""close strength"", ""feature"": ""close_in_range"", ""direction"": ""-"", ""impact"": -0.07486242055892944}, {""label"": ""sector 1-week"", ""feature"": ""sector_ret_5d"", ""direction"": ""-"", ""impact"": -0.051990412175655365}, {""label"": ""volume z-score"", ""feature"": ""vol_zscore"", ""direction"": ""+"", ""impact"": 0.04719875752925873}]",validated,1704.1,-0.0542,True
2026-07-27_MAZDOCK,2026-07-27,MAZDOCK,2330.3,0.4002,Bearish,"[{""label"": ""daily range"", ""feature"": ""hl_range_pct"", ""direction"": ""-"", ""impact"": -0.10065574198961258}, {""label"": ""sector 1-day"", ""feature"": ""sector_ret_1d"", ""direction"": ""-"", ""impact"": -0.09578001499176025}, {""label"": ""close strength"", ""feature"": ""close_in_range"", ""direction"": ""+"", ""impact"": 0.08173799514770508}, {""label"": ""Bollinger position"", ""feature"": ""bb_position"", ""direction"": ""+"", ""impact"": 0.06792767345905304}]",validated,2295.8,-0.0148,True
2026-07-27_DYNAMATECH,2026-07-27,DYNAMATECH,10546.0,0.3816,Bearish,"[{""label"": ""sector 1-day"", ""feature"": ""sector_ret_1d"", ""direction"": ""-"", ""impact"": -0.13321064412593842}, {""label"": ""close strength"", ""feature"": ""close_in_range"", ""direction"": ""-"", ""impact"": -0.08704686164855957}, {""label"": ""sector 1-week"", ""feature"": ""sector_ret_5d"", ""direction"": ""-"", ""impact"": -0.04724740609526634}, {""label"": ""volume surge"", ""feature"": ""vol_ratio"", ""direction"": ""+"", ""impact"": 0.04280687868595123}]",validated,10343.0,-0.0192,True
2026-07-27_COCHINSHIP,2026-07-27,COCHINSHIP,1402.3,0.3637,Bearish,"[{""label"": ""sector 1-day"", ""feature"": ""sector_ret_1d"", ""direction"": ""-"", ""impact"": -0.11750340461730957}, {""label"": ""daily range"", ""feature"": ""hl_range_pct"", ""direction"": ""-"", ""impact"": -0.11555460840463638}, {""label"": ""volume surge"", ""feature"": ""vol_ratio"", ""direction"": ""-"", ""impact"": -0.08933096379041672}, {""label"": ""close strength"", ""feature"": ""close_in_range"", ""direction"": ""+"", ""impact"": 0.08488855510950089}]",validated,1382.6,-0.014,True
2026-07-27_DATAPATTNS,2026-07-27,DATAPATTNS,4578.9,0.3627,Bearish,"[{""label"": ""sector 1-day"", ""feature"": ""sector_ret_1d"", ""direction"": ""-"", ""impact"": -0.11630605161190033}, {""label"": ""close strength"", ""feature"": ""close_in_range"", ""direction"": ""-"", ""impact"": -0.09978863596916199}, {""label"": ""relative strength"", ""feature"": ""rel_strength_5d"", ""direction"": ""-"", ""impact"": -0.07292953878641129}, {""label"": ""sector 1-week"", ""feature"": ""sector_ret_5d"", ""direction"": ""-"", ""impact"": -0.04122546315193176}]",validated,4381.7,-0.0431,True
2026-07-28_ZENTEC,2026-07-28,ZENTEC,1640.6,0.557,Bullish,"[{""label"": ""Bollinger position"", ""feature"": ""bb_position"", ""direction"": ""+"", ""impact"": 0.4364258050918579}, {""label"": ""sector 1-day"", ""feature"": ""sector_ret_1d"", ""direction"": ""-"", ""impact"": -0.2351287454366684}, {""label"": ""sector 1-week"", ""feature"": ""sector_ret_5d"", ""direction"": ""-"", ""impact"": -0.12198863923549652}, {""label"": ""vs 10-day avg"", ""feature"": ""dist_sma10"", ""direction"": ""+"", ""impact"": 0.06675956398248672}]",validated,1646.1,0.0034,True
2026-07-28_BEL,2026-07-28,BEL,389.0,0.5484,Bullish,"[{""label"": ""Bollinger position"", ""feature"": ""bb_position"", ""direction"": ""+"", ""impact"": 0.41541850566864014}, {""label"": ""sector 1-day"", ""feature"": ""sector_ret_1d"", ""direction"": ""-"", ""impact"": -0.22149793803691864}, {""label"": ""volume z-score"", ""feature"": ""vol_zscore"", ""direction"": ""+"", ""impact"": 0.17097021639347076}, {""label"": ""sector 1-week"", ""feature"": ""sector_ret_5d"", ""direction"": ""-"", ""impact"": -0.12755508720874786}]",validated,387.55,-0.0037,False
2026-07-28_MTARTECH,2026-07-28,MTARTECH,5467.0,0.4153,Bearish,"[{""label"": ""sector 1-day"", ""feature"": ""sector_ret_1d"", ""direction"": ""-"", ""impact"": -0.2830311357975006}, {""label"": ""sector 1-week"", ""feature"": ""sector_ret_5d"", ""direction"": ""-"", ""impact"": -0.10483942925930023}, {""label"": ""close strength"", ""feature"": ""close_in_range"", ""direction"": ""-"", ""impact"": -0.0712779089808464}, {""label"": ""vs 10-day avg"", ""feature"": ""dist_sma10"", ""direction"": ""+"", ""impact"": 0.06621643900871277}]",validated,5194.0,-0.0499,True
2026-07-28_ASTRAMICRO,2026-07-28,ASTRAMICRO,1704.1,0.371,Bearish,"[{""label"": ""sector 1-day"", ""feature"": ""sector_ret_1d"", ""direction"": ""-"", ""impact"": -0.29174402356147766}, {""label"": ""sector 1-week"", ""feature"": ""sector_ret_5d"", ""direction"": ""-"", ""impact"": -0.12981148064136505}, {""label"": ""close strength"", ""feature"": ""close_in_range"", ""direction"": ""-"", ""impact"": -0.07246651500463486}, {""label"": ""daily range"", ""feature"": ""hl_range_pct"", ""direction"": ""+"", ""impact"": 0.040089331567287445}]",validated,1773.8,0.0409,False
2026-07-28_SOLARINDS,2026-07-28,SOLARINDS,18244.0,0.3701,Bearish,"[{""label"": ""sector 1-day"", ""feature"": ""sector_ret_1d"", ""direction"": ""-"", ""impact"": -0.3198399543762207}, {""label"": ""MACD momentum"", ""feature"": ""macd_hist_slope"", ""direction"": ""+"", ""impact"": 0.24269740283489227}, {""label"": ""sector 1-week"", ""feature"": ""sector_ret_5d"", ""direction"": ""-"", ""impact"": -0.13358429074287415}, {""label"": ""20-day choppiness"", ""feature"": ""ret_std_20"", ""direction"": ""-"", ""impact"": -0.0623420886695385}]",validated,18080.0,-0.009,True
2026-07-28_IDEAFORGE,2026-07-28,IDEAFORGE,847.95,0.3694,Bearish,"[{""label"": ""sector 1-day"", ""feature"": ""sector_ret_1d"", ""direction"": ""-"", ""impact"": -0.3213714063167572}, {""label"": ""sector 1-week"", ""feature"": ""sector_ret_5d"", ""direction"": ""-"", ""impact"": -0.12854593992233276}, {""label"": ""volume surge"", ""feature"": ""vol_ratio"", ""direction"": ""+"", ""impact"": 0.051850173622369766}, {""label"": ""close strength"", ""feature"": ""close_in_range"", ""direction"": ""-"", ""impact"": -0.04989755153656006}]",validated,848.5,0.0006,False
2026-07-28_HBLENGINE,2026-07-28,HBLENGINE,694.95,0.3689,Bearish,"[{""label"": ""sector 1-day"", ""feature"": ""sector_ret_1d"", ""direction"": ""-"", ""impact"": -0.2754752039909363}, {""label"": ""sector 1-week"", ""feature"": ""sector_ret_5d"", ""direction"": ""-"", ""impact"": -0.12389969825744629}, {""label"": ""close strength"", ""feature"": ""close_in_range"", ""direction"": ""-"", ""impact"": -0.05793790891766548}, {""label"": ""volume surge"", ""feature"": ""vol_ratio"", ""direction"": ""+"", ""impact"": 0.04967525228857994}]",validated,708.05,0.0189,False
2026-07-28_DYNAMATECH,2026-07-28,DYNAMATECH,10343.0,0.3673,Bearish,"[{""label"": ""sector 1-day"", ""feature"": ""sector_ret_1d"", ""direction"": ""-"", ""impact"": -0.3091624975204468}, {""label"": ""sector 1-week"", ""feature"": ""sector_ret_5d"", ""direction"": ""-"", ""impact"": -0.13296082615852356}, {""label"": ""close strength"", ""feature"": ""close_in_range"", ""direction"": ""-"", ""impact"": -0.06427211314439774}, {""label"": ""volume surge"", ""feature"": ""vol_ratio"", ""direction"": ""+"", ""impact"": 0.0467732809484005}]",validated,10331.0,-0.0012,True
2026-07-28_DATAPATTNS,2026-07-28,DATAPATTNS,4381.7,0.3637,Bearish,"[{""label"": ""sector 1-day"", ""feature"": ""sector_ret_1d"", ""direction"": ""-"", ""impact"": -0.29443591833114624}, {""label"": ""sector 1-week"", ""feature"": ""sector_ret_5d"", ""direction"": ""-"", ""impact"": -0.12840011715888977}, {""label"": ""MACD momentum"", ""feature"": ""macd_hist_slope"", ""direction"": ""+"", ""impact"": 0.07017645239830017}, {""label"": ""close strength"", ""feature"": ""close_in_range"", ""direction"": ""-"", ""impact"": -0.06532984226942062}]",validated,4436.6,0.0125,False
2026-07-28_BDL,2026-07-28,BDL,1271.0,0.3632,Bearish,"[{""label"": ""sector 1-day"", ""feature"": ""sector_ret_1d"", ""direction"": ""-"", ""impact"": -0.30087804794311523}, {""label"": ""sector 1-week"", ""feature"": ""sector_ret_5d"", ""direction"": ""-"", ""impact"": -0.12446782737970352}, {""label"": ""close strength"", ""feature"": ""close_in_range"", ""direction"": ""+"", ""impact"": 0.07078998535871506}, {""label"": ""10-day choppiness"", ""feature"": ""ret_std_10"", ""direction"": ""-"", ""impact"": -0.04013323783874512}]",validated,1261.8,-0.0072,True
2026-07-28_MAZDOCK,2026-07-28,MAZDOCK,2295.8,0.3571,Bearish,"[{""label"": ""sector 1-day"", ""feature"": ""sector_ret_1d"", ""direction"": ""-"", ""impact"": -0.28612789511680603}, {""label"": ""sector 1-week"", ""feature"": ""sector_ret_5d"", ""direction"": ""-"", ""impact"": -0.13127847015857697}, {""label"": ""close strength"", ""feature"": ""close_in_range"", ""direction"": ""-"", ""impact"": -0.05094463750720024}, {""label"": ""volume surge"", ""feature"": ""vol_ratio"", ""direction"": ""+"", ""impact"": 0.035916876047849655}]",validated,2307.8,0.0052,False
2026-07-28_GRSE,2026-07-28,GRSE,2610.7,0.357,Bearish,"[{""label"": ""sector 1-day"", ""feature"": ""sector_ret_1d"", ""direction"": ""-"", ""impact"": -0.31681156158447266}, {""label"": ""sector 1-week"", ""feature"": ""sector_ret_5d"", ""direction"": ""-"", ""impact"": -0.12958674132823944}, {""label"": ""close strength"", ""feature"": ""close_in_range"", ""direction"": ""-"", ""impact"": -0.0497354194521904}, {""label"": ""volume surge"", ""feature"": ""vol_ratio"", ""direction"": ""+"", ""impact"": 0.04938364028930664}]",validated,2626.1,0.0059,False
2026-07-28_HAL,2026-07-28,HAL,4600.1,0.3555,Bearish,"[{""label"": ""sector 1-day"", ""feature"": ""sector_ret_1d"", ""direction"": ""-"", ""impact"": -0.2770198583602905}, {""label"": ""sector 1-week"", ""feature"": ""sector_ret_5d"", ""direction"": ""-"", ""impact"": -0.12497255951166153}, {""label"": ""20-day choppiness"", ""feature"": ""ret_std_20"", ""direction"": ""-"", ""impact"": -0.08319777995347977}, {""label"": ""close strength"", ""feature"": ""close_in_range"", ""direction"": ""+"", ""impact"": 0.0530981719493866}]",validated,4592.0,-0.0018,True
2026-07-28_COCHINSHIP,2026-07-28,COCHINSHIP,1382.6,0.347,Bearish,"[{""label"": ""sector 1-day"", ""feature"": ""sector_ret_1d"", ""direction"": ""-"", ""impact"": -0.3014370799064636}, {""label"": ""sector 1-week"", ""feature"": ""sector_ret_5d"", ""direction"": ""-"", ""impact"": -0.13129983842372894}, {""label"": ""close strength"", ""feature"": ""close_in_range"", ""direction"": ""-"", ""impact"": -0.05774851143360138}, {""label"": ""Bollinger position"", ""feature"": ""bb_position"", ""direction"": ""+"", ""impact"": 0.048956941813230515}]",validated,1403.6,0.0152,False
2026-07-28_BEML,2026-07-28,BEML,1759.2,0.3355,Bearish,"[{""label"": ""sector 1-day"", ""feature"": ""sector_ret_1d"", ""direction"": ""-"", ""impact"": -0.3079683482646942}, {""label"": ""sector 1-week"", ""feature"": ""sector_ret_5d"", ""direction"": ""-"", ""impact"": -0.12877222895622253}, {""label"": ""volume surge"", ""feature"": ""vol_ratio"", ""direction"": ""-"", ""impact"": -0.07312199473381042}, {""label"": ""close strength"", ""feature"": ""close_in_range"", ""direction"": ""-"", ""impact"": -0.03710191324353218}]",validated,1781.4,0.0126,False
2026-07-28_PARAS,2026-07-28,PARAS,1186.1,0.3299,Bearish,"[{""label"": ""sector 1-day"", ""feature"": ""sector_ret_1d"", ""direction"": ""-"", ""impact"": -0.28997746109962463}, {""label"": ""sector 1-week"", ""feature"": ""sector_ret_5d"", ""direction"": ""-"", ""impact"": -0.13245518505573273}, {""label"": ""volume surge"", ""feature"": ""vol_ratio"", ""direction"": ""-"", ""impact"": -0.078132264316082}, {""label"": ""close strength"", ""feature"": ""close_in_range"", ""direction"": ""-"", ""impact"": -0.0529993437230587}]",validated,1212.4,0.0222,False
2026-07-29_BEL,2026-07-29,BEL,387.55,0.5696,Bullish,"[{""label"": ""Bollinger position"", ""feature"": ""bb_position"", ""direction"": ""+"", ""impact"": 0.19998125731945038}, {""label"": ""volume z-score"", ""feature"": ""vol_zscore"", ""direction"": ""+"", ""impact"": 0.1230839192867279}, {""label"": ""close strength"", ""feature"": ""close_in_range"", ""direction"": ""+"", ""impact"": 0.0795300230383873}, {""label"": ""sector 1-week"", ""feature"": ""sector_ret_5d"", ""direction"": ""-"", ""impact"": -0.06221691891551018}]",validated,384.9,-0.0068,False
2026-07-29_ZENTEC,2026-07-29,ZENTEC,1646.1,0.5512,Bullish,"[{""label"": ""Bollinger position"", ""feature"": ""bb_position"", ""direction"": ""+"", ""impact"": 0.13931125402450562}, {""label"": ""1-week momentum"", ""feature"": ""ret_5d"", ""direction"": ""+"", ""impact"": 0.11165929585695267}, {""label"": ""vs 10-day avg"", ""feature"": ""dist_sma10"", ""direction"": ""+"", ""impact"": 0.07323527336120605}, {""label"": ""volume surge"", ""feature"": ""vol_ratio"", ""direction"": ""+"", ""impact"": 0.07323151081800461}]",validated,1615.4,-0.0187,False
2026-07-29_MTARTECH,2026-07-29,MTARTECH,5194.0,0.5243,Bullish,"[{""label"": ""MACD momentum"", ""feature"": ""macd_hist_slope"", ""direction"": ""+"", ""impact"": 0.14858534932136536}, {""label"": ""close strength"", ""feature"": ""close_in_range"", ""direction"": ""-"", ""impact"": -0.07330433279275894}, {""label"": ""vs 10-day avg"", ""feature"": ""dist_sma10"", ""direction"": ""+"", ""impact"": 0.06921862065792084}, {""label"": ""Bollinger width"", ""feature"": ""bb_width"", ""direction"": ""+"", ""impact"": 0.06896737962961197}]",validated,5453.5,0.05,True
2026-07-29_GRSE,2026-07-29,GRSE,2626.1,0.5098,Bullish,"[{""label"": ""volume z-score"", ""feature"": ""vol_zscore"", ""direction"": ""+"", ""impact"": 0.13342300057411194}, {""label"": ""close strength"", ""feature"": ""close_in_range"", ""direction"": ""+"", ""impact"": 0.09928563237190247}, {""label"": ""sector 1-week"", ""feature"": ""sector_ret_5d"", ""direction"": ""-"", ""impact"": -0.05948735773563385}, {""label"": ""20-day choppiness"", ""feature"": ""ret_std_20"", ""direction"": ""+"", ""impact"": 0.048611510545015335}]",validated,2586.2,-0.0152,False
2026-07-29_HBLENGINE,2026-07-29,HBLENGINE,708.05,0.4813,Bearish,"[{""label"": ""close strength"", ""feature"": ""close_in_range"", ""direction"": ""+"", ""impact"": 0.09234051406383514}, {""label"": ""up-days in 10"", ""feature"": ""up_days_10"", ""direction"": ""+"", ""impact"": 0.04761325567960739}, {""label"": ""sector 1-week"", ""feature"": ""sector_ret_5d"", ""direction"": ""-"", ""impact"": -0.046041496098041534}, {""label"": ""volume surge"", ""feature"": ""vol_ratio"", ""direction"": ""+"", ""impact"": 0.03769466280937195}]",validated,699.3,-0.0124,True
2026-07-29_DATAPATTNS,2026-07-29,DATAPATTNS,4436.6,0.4741,Bearish,"[{""label"": ""close strength"", ""feature"": ""close_in_range"", ""direction"": ""+"", ""impact"": 0.09068907052278519}, {""label"": ""sector 1-week"", ""feature"": ""sector_ret_5d"", ""direction"": ""-"", ""impact"": -0.06234509125351906}, {""label"": ""volume surge"", ""feature"": ""vol_ratio"", ""direction"": ""+"", ""impact"": 0.03978029638528824}, {""label"": ""overnight gap"", ""feature"": ""gap_pct"", ""direction"": ""-"", ""impact"": -0.03577379509806633}]",validated,4462.0,0.0057,False
2026-07-29_ASTRAMICRO,2026-07-29,ASTRAMICRO,1773.8,0.4695,Bearish,"[{""label"": ""close strength"", ""feature"": ""close_in_range"", ""direction"": ""+"", ""impact"": 0.0851292610168457}, {""label"": ""sector 1-week"", ""feature"": ""sector_ret_5d"", ""direction"": ""-"", ""impact"": -0.043720342218875885}, {""label"": ""volume surge"", ""feature"": ""vol_ratio"", ""direction"": ""+"", ""impact"": 0.03958046808838844}, {""label"": ""below 20-day high"", ""feature"": ""dist_high_20"", ""direction"": ""+"", ""impact"": 0.035572927445173264}]",validated,1726.0,-0.0269,True
2026-07-29_SOLARINDS,2026-07-29,SOLARINDS,18080.0,0.4676,Bearish,"[{""label"": ""MACD momentum"", ""feature"": ""macd_hist_slope"", ""direction"": ""+"", ""impact"": 0.28404682874679565}, {""label"": ""sector 1-week"", ""feature"": ""sector_ret_5d"", ""direction"": ""-"", ""impact"": -0.06715694814920425}, {""label"": ""close strength"", ""feature"": ""close_in_range"", ""direction"": ""-"", ""impact"": -0.05543368682265282}, {""label"": ""1-day momentum"", ""feature"": ""ret_1d"", ""direction"": ""+"", ""impact"": 0.05214747041463852}]",validated,18053.0,-0.0015,True
2026-07-29_BEML,2026-07-29,BEML,1781.4,0.4468,Bearish,"[{""label"": ""close strength"", ""feature"": ""close_in_range"", ""direction"": ""+"", ""impact"": 0.06984969973564148}, {""label"": ""vs 10-day avg"", ""feature"": ""dist_sma10"", ""direction"": ""-"", ""impact"": -0.06584732234477997}, {""label"": ""sector 1-week"", ""feature"": ""sector_ret_5d"", ""direction"": ""-"", ""impact"": -0.050709497183561325}, {""label"": ""volume surge"", ""feature"": ""vol_ratio"", ""direction"": ""+"", ""impact"": 0.040638502687215805}]",validated,1756.4,-0.014,True
2026-07-29_IDEAFORGE,2026-07-29,IDEAFORGE,848.5,0.4276,Bearish,"[{""label"": ""close strength"", ""feature"": ""close_in_range"", ""direction"": ""-"", ""impact"": -0.07903169095516205}, {""label"": ""sector 1-week"", ""feature"": ""sector_ret_5d"", ""direction"": ""-"", ""impact"": -0.04876251891255379}, {""label"": ""volume surge"", ""feature"": ""vol_ratio"", ""direction"": ""+"", ""impact"": 0.04187124967575073}, {""label"": ""sector 1-day"", ""feature"": ""sector_ret_1d"", ""direction"": ""-"", ""impact"": -0.031313057988882065}]",validated,851.1,0.0031,False
2026-07-29_DYNAMATECH,2026-07-29,DYNAMATECH,10331.0,0.425,Bearish,"[{""label"": ""close strength"", ""feature"": ""close_in_range"", ""direction"": ""-"", ""impact"": -0.08096187561750412}, {""label"": ""sector 1-week"", ""feature"": ""sector_ret_5d"", ""direction"": ""-"", ""impact"": -0.0665876716375351}, {""label"": ""volume surge"", ""feature"": ""vol_ratio"", ""direction"": ""+"", ""impact"": 0.057101327925920486}, {""label"": ""above 20-day low"", ""feature"": ""dist_low_20"", ""direction"": ""-"", ""impact"": -0.0334329716861248}]",validated,10272.0,-0.0057,True
2026-07-29_PARAS,2026-07-29,PARAS,1212.4,0.4234,Bearish,"[{""label"": ""close strength"", ""feature"": ""close_in_range"", ""direction"": ""+"", ""impact"": 0.10051260143518448}, {""label"": ""volume surge"", ""feature"": ""vol_ratio"", ""direction"": ""-"", ""impact"": -0.0759381428360939}, {""label"": ""sector 1-week"", ""feature"": ""sector_ret_5d"", ""direction"": ""-"", ""impact"": -0.06593312323093414}, {""label"": ""MACD momentum"", ""feature"": ""macd_hist_slope"", ""direction"": ""-"", ""impact"": -0.030192241072654724}]",validated,1212.4,0.0,False
2026-07-29_HAL,2026-07-29,HAL,4592.0,0.4104,Bearish,"[{""label"": ""20-day choppiness"", ""feature"": ""ret_std_20"", ""direction"": ""-"", ""impact"": -0.1265198290348053}, {""label"": ""close strength"", ""feature"": ""close_in_range"", ""direction"": ""+"", ""impact"": 0.07507862150669098}, {""label"": ""sector 1-week"", ""feature"": ""sector_ret_5d"", ""direction"": ""-"", ""impact"": -0.06373213231563568}, {""label"": ""below 20-day high"", ""feature"": ""dist_high_20"", ""direction"": ""-"", ""impact"": -0.038955092430114746}]",validated,4581.4,-0.0023,True
2026-07-29_COCHINSHIP,2026-07-29,COCHINSHIP,1403.6,0.4104,Bearish,"[{""label"": ""close strength"", ""feature"": ""close_in_range"", ""direction"": ""+"", ""impact"": 0.07387341558933258}, {""label"": ""volume surge"", ""feature"": ""vol_ratio"", ""direction"": ""-"", ""impact"": -0.06245438754558563}, {""label"": ""sector 1-week"", ""feature"": ""sector_ret_5d"", ""direction"": ""-"", ""impact"": -0.056875232607126236}, {""label"": ""daily range"", ""feature"": ""hl_range_pct"", ""direction"": ""-"", ""impact"": -0.04451505467295647}]",validated,1402.1,-0.0011,True
2026-07-29_MAZDOCK,2026-07-29,MAZDOCK,2307.8,0.4048,Bearish,"[{""label"": ""daily range"", ""feature"": ""hl_range_pct"", ""direction"": ""-"", ""impact"": -0.1828012764453888}, {""label"": ""close strength"", ""feature"": ""close_in_range"", ""direction"": ""+"", ""impact"": 0.10470187664031982}, {""label"": ""above 20-day low"", ""feature"": ""dist_low_20"", ""direction"": ""-"", ""impact"": -0.04782646894454956}, {""label"": ""sector 1-week"", ""feature"": ""sector_ret_5d"", ""direction"": ""-"", ""impact"": -0.04168863594532013}]",validated,2319.1,0.0049,False
2026-07-29_BDL,2026-07-29,BDL,1261.8,0.3878,Bearish,"[{""label"": ""daily range"", ""feature"": ""hl_range_pct"", ""direction"": ""-"", ""impact"": -0.1903919130563736}, {""label"": ""sector 1-week"", ""feature"": ""sector_ret_5d"", ""direction"": ""-"", ""impact"": -0.057580575346946716}, {""label"": ""1-day momentum"", ""feature"": ""ret_1d"", ""direction"": ""+"", ""impact"": 0.05693591758608818}, {""label"": ""close strength"", ""feature"": ""close_in_range"", ""direction"": ""-"", ""impact"": -0.04253969341516495}]",validated,1245.9,-0.0126,True
2026-07-30_BEL,2026-07-30,BEL,384.9,0.5583,Bullish,"[{""label"": ""RSI (7, fast)"", ""feature"": ""rsi_7"", ""direction"": ""+"", ""impact"": 0.1802651584148407}, {""label"": ""Bollinger position"", ""feature"": ""bb_position"", ""direction"": ""+"", ""impact"": 0.13059097528457642}, {""label"": ""sector 1-day"", ""feature"": ""sector_ret_1d"", ""direction"": ""-"", ""impact"": -0.09132391214370728}, {""label"": ""volume surge"", ""feature"": ""vol_ratio"", ""direction"": ""-"", ""impact"": -0.051077984273433685}]",validated,387.85,0.0077,True
2026-07-30_ZENTEC,2026-07-30,ZENTEC,1615.4,0.5514,Bullish,"[{""label"": ""RSI (7, fast)"", ""feature"": ""rsi_7"", ""direction"": ""+"", ""impact"": 0.17849761247634888}, {""label"": ""Bollinger position"", ""feature"": ""bb_position"", ""direction"": ""+"", ""impact"": 0.14659257233142853}, {""label"": ""day of week"", ""feature"": ""dow"", ""direction"": ""-"", ""impact"": -0.07725923508405685}, {""label"": ""sector 1-day"", ""feature"": ""sector_ret_1d"", ""direction"": ""-"", ""impact"": -0.07133132219314575}]",validated,1624.2,0.0054,True
2026-07-30_DATAPATTNS,2026-07-30,DATAPATTNS,4462.0,0.471,Bearish,"[{""label"": ""close strength"", ""feature"": ""close_in_range"", ""direction"": ""+"", ""impact"": 0.07923218607902527}, {""label"": ""sector 1-day"", ""feature"": ""sector_ret_1d"", ""direction"": ""-"", ""impact"": -0.0682961568236351}, {""label"": ""volume surge"", ""feature"": ""vol_ratio"", ""direction"": ""+"", ""impact"": 0.05261867493391037}, {""label"": ""sector 1-week"", ""feature"": ""sector_ret_5d"", ""direction"": ""-"", ""impact"": -0.03748273849487305}]",validated,4281.0,-0.0406,True
2026-07-30_MTARTECH,2026-07-30,MTARTECH,5453.5,0.466,Bearish,"[{""label"": ""below 20-day high"", ""feature"": ""dist_high_20"", ""direction"": ""-"", ""impact"": -0.08444640040397644}, {""label"": ""Bollinger width"", ""feature"": ""bb_width"", ""direction"": ""+"", ""impact"": 0.07417762279510498}, {""label"": ""sector 1-day"", ""feature"": ""sector_ret_1d"", ""direction"": ""-"", ""impact"": -0.07262413203716278}, {""label"": ""volume surge"", ""feature"": ""vol_ratio"", ""direction"": ""-"", ""impact"": -0.062308408319950104}]",validated,5726.0,0.05,False
2026-07-30_SOLARINDS,2026-07-30,SOLARINDS,18053.0,0.4566,Bearish,"[{""label"": ""daily range"", ""feature"": ""hl_range_pct"", ""direction"": ""-"", ""impact"": -0.09658154845237732}, {""label"": ""MACD momentum"", ""feature"": ""macd_hist_slope"", ""direction"": ""+"", ""impact"": 0.08339975029230118}, {""label"": ""sector 1-day"", ""feature"": ""sector_ret_1d"", ""direction"": ""-"", ""impact"": -0.06407297402620316}, {""label"": ""close strength"", ""feature"": ""close_in_range"", ""direction"": ""+"", ""impact"": 0.055662013590335846}]",validated,18391.0,0.0187,False
2026-07-30_IDEAFORGE,2026-07-30,IDEAFORGE,851.1,0.4493,Bearish,"[{""label"": ""close strength"", ""feature"": ""close_in_range"", ""direction"": ""+"", ""impact"": 0.10164517909288406}, {""label"": ""sector 1-day"", ""feature"": ""sector_ret_1d"", ""direction"": ""-"", ""impact"": -0.07601720839738846}, {""label"": ""volume surge"", ""feature"": ""vol_ratio"", ""direction"": ""+"", ""impact"": 0.04229190573096275}, {""label"": ""sector 1-week"", ""feature"": ""sector_ret_5d"", ""direction"": ""-"", ""impact"": -0.03505957871675491}]",validated,875.1,0.0282,False
2026-07-30_BEML,2026-07-30,BEML,1756.4,0.445,Bearish,"[{""label"": ""sector 1-day"", ""feature"": ""sector_ret_1d"", ""direction"": ""-"", ""impact"": -0.08253361284732819}, {""label"": ""Bollinger position"", ""feature"": ""bb_position"", ""direction"": ""+"", ""impact"": 0.07214938849210739}, {""label"": ""close strength"", ""feature"": ""close_in_range"", ""direction"": ""-"", ""impact"": -0.06236161291599274}, {""label"": ""volume surge"", ""feature"": ""vol_ratio"", ""direction"": ""+"", ""impact"": 0.05169369652867317}]",validated,1750.4,-0.0034,True
2026-07-30_BDL,2026-07-30,BDL,1245.9,0.4427,Bearish,"[{""label"": ""Bollinger position"", ""feature"": ""bb_position"", ""direction"": ""+"", ""impact"": 0.08920139819383621}, {""label"": ""sector 1-day"", ""feature"": ""sector_ret_1d"", ""direction"": ""-"", ""impact"": -0.0743379071354866}, {""label"": ""close strength"", ""feature"": ""close_in_range"", ""direction"": ""-"", ""impact"": -0.056174080818891525}, {""label"": ""volume surge"", ""feature"": ""vol_ratio"", ""direction"": ""+"", ""impact"": 0.049186430871486664}]",validated,1253.1,0.0058,False
2026-07-30_HAL,2026-07-30,HAL,4581.4,0.4426,Bearish,"[{""label"": ""daily range"", ""feature"": ""hl_range_pct"", ""direction"": ""-"", ""impact"": -0.07268373668193817}, {""label"": ""sector 1-day"", ""feature"": ""sector_ret_1d"", ""direction"": ""-"", ""impact"": -0.07225382328033447}, {""label"": ""20-day choppiness"", ""feature"": ""ret_std_20"", ""direction"": ""-"", ""impact"": -0.06770024448633194}, {""label"": ""close strength"", ""feature"": ""close_in_range"", ""direction"": ""+"", ""impact"": 0.0655217319726944}]",validated,4646.5,0.0142,False
2026-07-30_DYNAMATECH,2026-07-30,DYNAMATECH,10272.0,0.4385,Bearish,"[{""label"": ""sector 1-day"", ""feature"": ""sector_ret_1d"", ""direction"": ""-"", ""impact"": -0.07254473865032196}, {""label"": ""close strength"", ""feature"": ""close_in_range"", ""direction"": ""-"", ""impact"": -0.05865991488099098}, {""label"": ""sector 1-week"", ""feature"": ""sector_ret_5d"", ""direction"": ""-"", ""impact"": -0.05067754164338112}, {""label"": ""volume surge"", ""feature"": ""vol_ratio"", ""direction"": ""+"", ""impact"": 0.0486452691257}]",validated,10339.0,0.0065,False
2026-07-30_MAZDOCK,2026-07-30,MAZDOCK,2319.1,0.4366,Bearish,"[{""label"": ""sector 1-day"", ""feature"": ""sector_ret_1d"", ""direction"": ""-"", ""impact"": -0.06872345507144928}, {""label"": ""close strength"", ""feature"": ""close_in_range"", ""direction"": ""+"", ""impact"": 0.06001891568303108}, {""label"": ""volume surge"", ""feature"": ""vol_ratio"", ""direction"": ""+"", ""impact"": 0.057014063000679016}, {""label"": ""above 20-day low"", ""feature"": ""dist_low_20"", ""direction"": ""-"", ""impact"": -0.03290209546685219}]",validated,2381.8,0.027,False
2026-07-30_ASTRAMICRO,2026-07-30,ASTRAMICRO,1726.0,0.4345,Bearish,"[{""label"": ""sector 1-day"", ""feature"": ""sector_ret_1d"", ""direction"": ""-"", ""impact"": -0.07076803594827652}, {""label"": ""close strength"", ""feature"": ""close_in_range"", ""direction"": ""-"", ""impact"": -0.06937121599912643}, {""label"": ""Bollinger position"", ""feature"": ""bb_position"", ""direction"": ""-"", ""impact"": -0.05428913235664368}, {""label"": ""volume surge"", ""feature"": ""vol_ratio"", ""direction"": ""+"", ""impact"": 0.05040387436747551}]",validated,1861.6,0.0786,False
2026-07-30_PARAS,2026-07-30,PARAS,1212.4,0.4176,Bearish,"[{""label"": ""volume surge"", ""feature"": ""vol_ratio"", ""direction"": ""-"", ""impact"": -0.07087257504463196}, {""label"": ""close strength"", ""feature"": ""close_in_range"", ""direction"": ""+"", ""impact"": 0.06912922114133835}, {""label"": ""sector 1-day"", ""feature"": ""sector_ret_1d"", ""direction"": ""-"", ""impact"": -0.06848298013210297}, {""label"": ""sector 1-week"", ""feature"": ""sector_ret_5d"", ""direction"": ""-"", ""impact"": -0.04270559549331665}]",validated,1256.5,0.0364,False
2026-07-30_GRSE,2026-07-30,GRSE,2586.2,0.4176,Bearish,"[{""label"": ""sector 1-day"", ""feature"": ""sector_ret_1d"", ""direction"": ""-"", ""impact"": -0.08204682916402817}, {""label"": ""1-day momentum"", ""feature"": ""ret_1d"", ""direction"": ""+"", ""impact"": 0.05486572906374931}, {""label"": ""vs 10-day avg"", ""feature"": ""dist_sma10"", ""direction"": ""-"", ""impact"": -0.047952085733413696}, {""label"": ""sector 1-week"", ""feature"": ""sector_ret_5d"", ""direction"": ""-"", ""impact"": -0.04658381640911102}]",validated,2601.2,0.0058,False
2026-07-30_HBLENGINE,2026-07-30,HBLENGINE,699.3,0.4158,Bearish,"[{""label"": ""daily range"", ""feature"": ""hl_range_pct"", ""direction"": ""-"", ""impact"": -0.09167954325675964}, {""label"": ""sector 1-day"", ""feature"": ""sector_ret_1d"", ""direction"": ""-"", ""impact"": -0.08643460273742676}, {""label"": ""volume surge"", ""feature"": ""vol_ratio"", ""direction"": ""+"", ""impact"": 0.07727640122175217}, {""label"": ""close strength"", ""feature"": ""close_in_range"", ""direction"": ""-"", ""impact"": -0.0555475614964962}]",validated,718.7,0.0277,False
2026-07-30_COCHINSHIP,2026-07-30,COCHINSHIP,1402.1,0.3746,Bearish,"[{""label"": ""daily range"", ""feature"": ""hl_range_pct"", ""direction"": ""-"", ""impact"": -0.13528835773468018}, {""label"": ""sector 1-day"", ""feature"": ""sector_ret_1d"", ""direction"": ""-"", ""impact"": -0.07911435514688492}, {""label"": ""close strength"", ""feature"": ""close_in_range"", ""direction"": ""+"", ""impact"": 0.07116680592298508}, {""label"": ""volume surge"", ""feature"": ""vol_ratio"", ""direction"": ""-"", ""impact"": -0.06510663032531738}]",validated,1423.0,0.0149,False
2026-07-31_DATAPATTNS,2026-07-31,DATAPATTNS,4281.0,0.6184,Bullish,"[{""label"": ""sector 1-day"", ""feature"": ""sector_ret_1d"", ""direction"": ""+"", ""impact"": 0.2763882875442505}, {""label"": ""day of week"", ""feature"": ""dow"", ""direction"": ""-"", ""impact"": -0.1634441763162613}, {""label"": ""close strength"", ""feature"": ""close_in_range"", ""direction"": ""+"", ""impact"": 0.09339448809623718}, {""label"": ""MACD momentum"", ""feature"": ""macd_hist_slope"", ""direction"": ""+"", ""impact"": 0.08087553828954697}]",validated,4428.8,0.0345,True
2026-07-31_ASTRAMICRO,2026-07-31,ASTRAMICRO,1861.6,0.5807,Bullish,"[{""label"": ""sector 1-day"", ""feature"": ""sector_ret_1d"", ""direction"": ""+"", ""impact"": 0.320543110370636}, {""label"": ""overnight gap"", ""feature"": ""gap_pct"", ""direction"": ""+"", ""impact"": 0.1765032261610031}, {""label"": ""3-day momentum"", ""feature"": ""ret_3d"", ""direction"": ""+"", ""impact"": 0.1050322949886322}, {""label"": ""day of week"", ""feature"": ""dow"", ""direction"": ""-"", ""impact"": -0.09597769379615784}]",validated,1848.8,-0.0069,False
2026-07-31_HBLENGINE,2026-07-31,HBLENGINE,718.7,0.5721,Bullish,"[{""label"": ""sector 1-day"", ""feature"": ""sector_ret_1d"", ""direction"": ""+"", ""impact"": 0.30147501826286316}, {""label"": ""day of week"", ""feature"": ""dow"", ""direction"": ""-"", ""impact"": -0.10583198070526123}, {""label"": ""close strength"", ""feature"": ""close_in_range"", ""direction"": ""+"", ""impact"": 0.07925061136484146}, {""label"": ""volume z-score"", ""feature"": ""vol_zscore"", ""direction"": ""+"", ""impact"": 0.07290112227201462}]",validated,739.2,0.0285,True
2026-07-31_SOLARINDS,2026-07-31,SOLARINDS,18391.0,0.5512,Bullish,"[{""label"": ""sector 1-day"", ""feature"": ""sector_ret_1d"", ""direction"": ""+"", ""impact"": 0.2449958324432373}, {""label"": ""close strength"", ""feature"": ""close_in_range"", ""direction"": ""+"", ""impact"": 0.09389699995517731}, {""label"": ""day of week"", ""feature"": ""dow"", ""direction"": ""-"", ""impact"": -0.08042627573013306}, {""label"": ""volatility (ATR)"", ""feature"": ""atr_pct"", ""direction"": ""-"", ""impact"": -0.04846300557255745}]",validated,18659.0,0.0146,True
2026-07-31_ZENTEC,2026-07-31,ZENTEC,1624.2,0.534,Bullish,"[{""label"": ""sector 1-day"", ""feature"": ""sector_ret_1d"", ""direction"": ""+"", ""impact"": 0.2553069293498993}, {""label"": ""RSI (7, fast)"", ""feature"": ""rsi_7"", ""direction"": ""+"", ""impact"": 0.1678810566663742}, {""label"": ""day of week"", ""feature"": ""dow"", ""direction"": ""-"", ""impact"": -0.11086471378803253}, {""label"": ""close strength"", ""feature"": ""close_in_range"", ""direction"": ""-"", ""impact"": -0.06715492159128189}]",validated,1656.4,0.0198,True
2026-07-31_MAZDOCK,2026-07-31,MAZDOCK,2381.8,0.5331,Bullish,"[{""label"": ""sector 1-day"", ""feature"": ""sector_ret_1d"", ""direction"": ""+"", ""impact"": 0.27959027886390686}, {""label"": ""day of week"", ""feature"": ""dow"", ""direction"": ""-"", ""impact"": -0.0870838314294815}, {""label"": ""close strength"", ""feature"": ""close_in_range"", ""direction"": ""+"", ""impact"": 0.05751302093267441}, {""label"": ""volatility (ATR)"", ""feature"": ""atr_pct"", ""direction"": ""-"", ""impact"": -0.04323210567235947}]",validated,2390.0,0.0034,True
2026-07-31_BEL,2026-07-31,BEL,387.85,0.513,Bullish,"[{""label"": ""sector 1-day"", ""feature"": ""sector_ret_1d"", ""direction"": ""+"", ""impact"": 0.2600933313369751}, {""label"": ""close strength"", ""feature"": ""close_in_range"", ""direction"": ""+"", ""impact"": 0.08622614294290543}, {""label"": ""day of week"", ""feature"": ""dow"", ""direction"": ""-"", ""impact"": -0.07836446166038513}, {""label"": ""1-day momentum"", ""feature"": ""ret_1d"", ""direction"": ""-"", ""impact"": -0.05006713047623634}]",validated,392.15,0.0111,True
2026-07-31_HAL,2026-07-31,HAL,4646.5,0.5093,Bullish,"[{""label"": ""sector 1-day"", ""feature"": ""sector_ret_1d"", ""direction"": ""+"", ""impact"": 0.2532155215740204}, {""label"": ""day of week"", ""feature"": ""dow"", ""direction"": ""-"", ""impact"": -0.062354926019907}, {""label"": ""close strength"", ""feature"": ""close_in_range"", ""direction"": ""+"", ""impact"": 0.05239928141236305}, {""label"": ""volatility (ATR)"", ""feature"": ""atr_pct"", ""direction"": ""-"", ""impact"": -0.04397201165556908}]",validated,4690.0,0.0094,True
2026-07-31_IDEAFORGE,2026-07-31,IDEAFORGE,875.1,0.5092,Bullish,"[{""label"": ""sector 1-day"", ""feature"": ""sector_ret_1d"", ""direction"": ""+"", ""impact"": 0.25720617175102234}, {""label"": ""day of week"", ""feature"": ""dow"", ""direction"": ""-"", ""impact"": -0.08295650780200958}, {""label"": ""close strength"", ""feature"": ""close_in_range"", ""direction"": ""+"", ""impact"": 0.06482940167188644}, {""label"": ""volatility (ATR)"", ""feature"": ""atr_pct"", ""direction"": ""-"", ""impact"": -0.04284276068210602}]",validated,887.1,0.0137,True
2026-07-31_COCHINSHIP,2026-07-31,COCHINSHIP,1423.0,0.5081,Bullish,"[{""label"": ""sector 1-day"", ""feature"": ""sector_ret_1d"", ""direction"": ""+"", ""impact"": 0.26606595516204834}, {""label"": ""day of week"", ""feature"": ""dow"", ""direction"": ""-"", ""impact"": -0.08514447510242462}, {""label"": ""close strength"", ""feature"": ""close_in_range"", ""direction"": ""+"", ""impact"": 0.05851304903626442}, {""label"": ""volatility (ATR)"", ""feature"": ""atr_pct"", ""direction"": ""-"", ""impact"": -0.04397201165556908}]",validated,1441.9,0.0133,True
2026-07-31_BEML,2026-07-31,BEML,1750.4,0.5068,Bullish,"[{""label"": ""sector 1-day"", ""feature"": ""sector_ret_1d"", ""direction"": ""+"", ""impact"": 0.26674869656562805}, {""label"": ""day of week"", ""feature"": ""dow"", ""direction"": ""-"", ""impact"": -0.09226220846176147}, {""label"": ""close strength"", ""feature"": ""close_in_range"", ""direction"": ""-"", ""impact"": -0.0626102089881897}, {""label"": ""vs 10-day avg"", ""feature"": ""dist_sma10"", ""direction"": ""-"", ""impact"": -0.04781519994139671}]",validated,1743.7,-0.0038,False
2026-07-31_PARAS,2026-07-31,PARAS,1256.5,0.5015,Bullish,"[{""label"": ""sector 1-day"", ""feature"": ""sector_ret_1d"", ""direction"": ""+"", ""impact"": 0.24100099503993988}, {""label"": ""day of week"", ""feature"": ""dow"", ""direction"": ""-"", ""impact"": -0.1061558723449707}, {""label"": ""3-day momentum"", ""feature"": ""ret_3d"", ""direction"": ""+"", ""impact"": 0.07757695019245148}, {""label"": ""close strength"", ""feature"": ""close_in_range"", ""direction"": ""+"", ""impact"": 0.05335200950503349}]",validated,1292.3,0.0285,True
2026-07-31_GRSE,2026-07-31,GRSE,2601.2,0.479,Bearish,"[{""label"": ""sector 1-day"", ""feature"": ""sector_ret_1d"", ""direction"": ""+"", ""impact"": 0.25836339592933655}, {""label"": ""day of week"", ""feature"": ""dow"", ""direction"": ""-"", ""impact"": -0.08853323757648468}, {""label"": ""close strength"", ""feature"": ""close_in_range"", ""direction"": ""-"", ""impact"": -0.06283926963806152}, {""label"": ""Bollinger width"", ""feature"": ""bb_width"", ""direction"": ""+"", ""impact"": 0.04645637050271034}]",validated,2582.7,-0.0071,True
2026-07-31_DYNAMATECH,2026-07-31,DYNAMATECH,10339.0,0.4732,Bearish,"[{""label"": ""sector 1-day"", ""feature"": ""sector_ret_1d"", ""direction"": ""+"", ""impact"": 0.24051378667354584}, {""label"": ""day of week"", ""feature"": ""dow"", ""direction"": ""-"", ""impact"": -0.07950413227081299}, {""label"": ""close strength"", ""feature"": ""close_in_range"", ""direction"": ""-"", ""impact"": -0.06846191734075546}, {""label"": ""volatility (ATR)"", ""feature"": ""atr_pct"", ""direction"": ""-"", ""impact"": -0.04486627131700516}]",validated,10763.0,0.041,False
2026-07-31_BDL,2026-07-31,BDL,1253.1,0.4621,Bearish,"[{""label"": ""sector 1-day"", ""feature"": ""sector_ret_1d"", ""direction"": ""+"", ""impact"": 0.24693304300308228}, {""label"": ""daily range"", ""feature"": ""hl_range_pct"", ""direction"": ""-"", ""impact"": -0.08909540623426437}, {""label"": ""day of week"", ""feature"": ""dow"", ""direction"": ""-"", ""impact"": -0.08350640535354614}, {""label"": ""close strength"", ""feature"": ""close_in_range"", ""direction"": ""-"", ""impact"": -0.06477464735507965}]",validated,1265.0,0.0095,False
2026-08-03_IDEAFORGE,2026-08-03,IDEAFORGE,887.1,0.5473,Bullish,"[{""label"": ""close strength"", ""feature"": ""close_in_range"", ""direction"": ""+"", ""impact"": 0.10479303449392319}, {""label"": ""overnight gap"", ""feature"": ""gap_pct"", ""direction"": ""+"", ""impact"": 0.07748258113861084}, {""label"": ""volume surge"", ""feature"": ""vol_ratio"", ""direction"": ""+"", ""impact"": 0.06411933153867722}, {""label"": ""3-day momentum"", ""feature"": ""ret_3d"", ""direction"": ""+"", ""impact"": 0.060240160673856735}]",validated,882.3,-0.0054,False
2026-08-03_DATAPATTNS,2026-08-03,DATAPATTNS,4428.8,0.5156,Bullish,"[{""label"": ""close strength"", ""feature"": ""close_in_range"", ""direction"": ""+"", ""impact"": 0.06955476105213165}, {""label"": ""day of week"", ""feature"": ""dow"", ""direction"": ""+"", ""impact"": 0.057733796536922455}, {""label"": ""volatility (ATR)"", ""feature"": ""atr_pct"", ""direction"": ""+"", ""impact"": 0.04805890843272209}, {""label"": ""volume surge"", ""feature"": ""vol_ratio"", ""direction"": ""+"", ""impact"": 0.039415374398231506}]",validated,4554.7,0.0284,True
2026-08-03_DYNAMATECH,2026-08-03,DYNAMATECH,10763.0,0.5079,Bullish,"[{""label"": ""close strength"", ""feature"": ""close_in_range"", ""direction"": ""+"", ""impact"": 0.060837432742118835}, {""label"": ""volume surge"", ""feature"": ""vol_ratio"", ""direction"": ""+"", ""impact"": 0.05478985235095024}, {""label"": ""day of week"", ""feature"": ""dow"", ""direction"": ""+"", ""impact"": 0.045259926468133926}, {""label"": ""volatility (ATR)"", ""feature"": ""atr_pct"", ""direction"": ""-"", ""impact"": -0.041558876633644104}]",validated,10752.0,-0.001,False
2026-08-03_PARAS,2026-08-03,PARAS,1292.3,0.5032,Bullish,"[{""label"": ""close strength"", ""feature"": ""close_in_range"", ""direction"": ""+"", ""impact"": 0.08203653246164322}, {""label"": ""day of week"", ""feature"": ""dow"", ""direction"": ""+"", ""impact"": 0.055148571729660034}, {""label"": ""3-day momentum"", ""feature"": ""ret_3d"", ""direction"": ""+"", ""impact"": 0.05339872092008591}, {""label"": ""sector 1-week"", ""feature"": ""sector_ret_5d"", ""direction"": ""-"", ""impact"": -0.041670702397823334}]",validated,1300.3,0.0062,True
2026-08-03_SOLARINDS,2026-08-03,SOLARINDS,18659.0,0.4928,Bearish,"[{""label"": ""volatility (ATR)"", ""feature"": ""atr_pct"", ""direction"": ""-"", ""impact"": -0.055473316460847855}, {""label"": ""close strength"", ""feature"": ""close_in_range"", ""direction"": ""+"", ""impact"": 0.0541514977812767}, {""label"": ""sector 1-week"", ""feature"": ""sector_ret_5d"", ""direction"": ""-"", ""impact"": -0.049266014248132706}, {""label"": ""volume surge"", ""feature"": ""vol_ratio"", ""direction"": ""+"", ""impact"": 0.04457142576575279}]",validated,18700.0,0.0022,False
2026-08-03_HBLENGINE,2026-08-03,HBLENGINE,739.2,0.4884,Bearish,"[{""label"": ""volatility (ATR)"", ""feature"": ""atr_pct"", ""direction"": ""-"", ""impact"": -0.046337246894836426}, {""label"": ""close strength"", ""feature"": ""close_in_range"", ""direction"": ""+"", ""impact"": 0.041260406374931335}, {""label"": ""sector 1-week"", ""feature"": ""sector_ret_5d"", ""direction"": ""-"", ""impact"": -0.0386311411857605}, {""label"": ""day of week"", ""feature"": ""dow"", ""direction"": ""+"", ""impact"": 0.03813723102211952}]",validated,729.2,-0.0135,True
2026-08-03_GRSE,2026-08-03,GRSE,2582.7,0.4775,Bearish,"[{""label"": ""close strength"", ""feature"": ""close_in_range"", ""direction"": ""-"", ""impact"": -0.06284940242767334}, {""label"": ""1-day momentum"", ""feature"": ""ret_1d"", ""direction"": ""+"", ""impact"": 0.05104512721300125}, {""label"": ""Bollinger width"", ""feature"": ""bb_width"", ""direction"": ""+"", ""impact"": 0.04525289684534073}, {""label"": ""above 20-day low"", ""feature"": ""dist_low_20"", ""direction"": ""-"", ""impact"": -0.04457848519086838}]",validated,2546.9,-0.0139,True
2026-08-03_BEML,2026-08-03,BEML,1743.7,0.4757,Bearish,"[{""label"": ""up-days in 10"", ""feature"": ""up_days_10"", ""direction"": ""+"", ""impact"": 0.058960169553756714}, {""label"": ""volume surge"", ""feature"": ""vol_ratio"", ""direction"": ""+"", ""impact"": 0.05849390849471092}, {""label"": ""close strength"", ""feature"": ""close_in_range"", ""direction"": ""-"", ""impact"": -0.058370716869831085}, {""label"": ""sector 1-week"", ""feature"": ""sector_ret_5d"", ""direction"": ""-"", ""impact"": -0.047692909836769104}]",validated,1690.6,-0.0305,True
2026-08-03_ASTRAMICRO,2026-08-03,ASTRAMICRO,1848.8,0.4513,Bearish,"[{""label"": ""close strength"", ""feature"": ""close_in_range"", ""direction"": ""-"", ""impact"": -0.07797159999608994}, {""label"": ""volume surge"", ""feature"": ""vol_ratio"", ""direction"": ""-"", ""impact"": -0.05317468196153641}, {""label"": ""sector 1-week"", ""feature"": ""sector_ret_5d"", ""direction"": ""-"", ""impact"": -0.050850093364715576}, {""label"": ""sector 1-day"", ""feature"": ""sector_ret_1d"", ""direction"": ""+"", ""impact"": 0.044461604207754135}]",validated,1835.4,-0.0072,True
2026-08-03_COCHINSHIP,2026-08-03,COCHINSHIP,1441.9,0.439,Bearish,"[{""label"": ""close strength"", ""feature"": ""close_in_range"", ""direction"": ""+"", ""impact"": 0.059204958379268646}, {""label"": ""sector 1-week"", ""feature"": ""sector_ret_5d"", ""direction"": ""-"", ""impact"": -0.05592219904065132}, {""label"": ""MACD momentum"", ""feature"": ""macd_hist_slope"", ""direction"": ""-"", ""impact"": -0.048343971371650696}, {""label"": ""volatility (ATR)"", ""feature"": ""atr_pct"", ""direction"": ""-"", ""impact"": -0.04568321630358696}]",validated,1430.0,-0.0083,True
2026-08-03_BDL,2026-08-03,BDL,1265.0,0.4328,Bearish,"[{""label"": ""close strength"", ""feature"": ""close_in_range"", ""direction"": ""+"", ""impact"": 0.08219215273857117}, {""label"": ""daily range"", ""feature"": ""hl_range_pct"", ""direction"": ""-"", ""impact"": -0.07360544055700302}, {""label"": ""sector 1-week"", ""feature"": ""sector_ret_5d"", ""direction"": ""-"", ""impact"": -0.06388018280267715}, {""label"": ""volatility (ATR)"", ""feature"": ""atr_pct"", ""direction"": ""-"", ""impact"": -0.06114121153950691}]",validated,1265.0,0.0,True
2026-08-03_HAL,2026-08-03,HAL,4690.0,0.4314,Bearish,"[{""label"": ""sector 1-week"", ""feature"": ""sector_ret_5d"", ""direction"": ""-"", ""impact"": -0.06412401050329208}, {""label"": ""close strength"", ""feature"": ""close_in_range"", ""direction"": ""+"", ""impact"": 0.05406465381383896}, {""label"": ""10-day choppiness"", ""feature"": ""ret_std_10"", ""direction"": ""-"", ""impact"": -0.051056794822216034}, {""label"": ""daily range"", ""feature"": ""hl_range_pct"", ""direction"": ""-"", ""impact"": -0.04879086837172508}]",validated,4635.0,-0.0117,True
2026-08-03_ZENTEC,2026-08-03,ZENTEC,1656.4,0.4288,Bearish,"[{""label"": ""Bollinger position"", ""feature"": ""bb_position"", ""direction"": ""-"", ""impact"": -0.06974305957555771}, {""label"": ""MACD momentum"", ""feature"": ""macd_hist_slope"", ""direction"": ""-"", ""impact"": -0.06677933037281036}, {""label"": ""close strength"", ""feature"": ""close_in_range"", ""direction"": ""+"", ""impact"": 0.05754178762435913}, {""label"": ""RSI (7, fast)"", ""feature"": ""rsi_7"", ""direction"": ""-"", ""impact"": -0.04948151856660843}]",validated,1683.4,0.0163,False
2026-08-03_MAZDOCK,2026-08-03,MAZDOCK,2390.0,0.4263,Bearish,"[{""label"": ""close strength"", ""feature"": ""close_in_range"", ""direction"": ""-"", ""impact"": -0.058231256902217865}, {""label"": ""sector 1-week"", ""feature"": ""sector_ret_5d"", ""direction"": ""-"", ""impact"": -0.04727869853377342}, {""label"": ""sector 1-day"", ""feature"": ""sector_ret_1d"", ""direction"": ""+"", ""impact"": 0.04191528633236885}, {""label"": ""MACD momentum"", ""feature"": ""macd_hist_slope"", ""direction"": ""-"", ""impact"": -0.03783143311738968}]",validated,2389.0,-0.0004,True
2026-08-03_BEL,2026-08-03,BEL,392.15,0.4241,Bearish,"[{""label"": ""close strength"", ""feature"": ""close_in_range"", ""direction"": ""+"", ""impact"": 0.13381120562553406}, {""label"": ""above 20-day low"", ""feature"": ""dist_low_20"", ""direction"": ""-"", ""impact"": -0.06452623009681702}, {""label"": ""Bollinger position"", ""feature"": ""bb_position"", ""direction"": ""-"", ""impact"": -0.06156378611922264}, {""label"": ""daily range"", ""feature"": ""hl_range_pct"", ""direction"": ""-"", ""impact"": -0.05841610208153725}]",validated,391.5,-0.0017,True
2026-08-04_ASTRAMICRO,2026-08-04,ASTRAMICRO,1835.4,0.502,Bullish,"[{""label"": ""3-day momentum"", ""feature"": ""ret_3d"", ""direction"": ""+"", ""impact"": 0.17287980020046234}, {""label"": ""1-day momentum"", ""feature"": ""ret_1d"", ""direction"": ""+"", ""impact"": 0.06629839539527893}, {""label"": ""day of week"", ""feature"": ""dow"", ""direction"": ""+"", ""impact"": 0.05947715416550636}, {""label"": ""sector 1-week"", ""feature"": ""sector_ret_5d"", ""direction"": ""-"", ""impact"": -0.05869811773300171}]",validated,1809.4,-0.0142,False
2026-08-04_DATAPATTNS,2026-08-04,DATAPATTNS,4554.7,0.4982,Bearish,"[{""label"": ""close strength"", ""feature"": ""close_in_range"", ""direction"": ""+"", ""impact"": 0.10231947153806686}, {""label"": ""sector 1-week"", ""feature"": ""sector_ret_5d"", ""direction"": ""-"", ""impact"": -0.0724022313952446}, {""label"": ""day of week"", ""feature"": ""dow"", ""direction"": ""+"", ""impact"": 0.06750074028968811}, {""label"": ""volume surge"", ""feature"": ""vol_ratio"", ""direction"": ""+"", ""impact"": 0.0452437549829483}]",validated,4446.6,-0.0237,True
2026-08-04_HBLENGINE,2026-08-04,HBLENGINE,729.2,0.4978,Bearish,"[{""label"": ""close strength"", ""feature"": ""close_in_range"", ""direction"": ""+"", ""impact"": 0.07545438408851624}, {""label"": ""overnight gap"", ""feature"": ""gap_pct"", ""direction"": ""+"", ""impact"": 0.06469005346298218}, {""label"": ""sector 1-week"", ""feature"": ""sector_ret_5d"", ""direction"": ""-"", ""impact"": -0.05991419777274132}, {""label"": ""day of week"", ""feature"": ""dow"", ""direction"": ""+"", ""impact"": 0.04891601577401161}]",validated,736.5,0.01,False
2026-08-04_PARAS,2026-08-04,PARAS,1300.3,0.4907,Bearish,"[{""label"": ""3-day momentum"", ""feature"": ""ret_3d"", ""direction"": ""+"", ""impact"": 0.08858272433280945}, {""label"": ""sector 1-week"", ""feature"": ""sector_ret_5d"", ""direction"": ""-"", ""impact"": -0.06947293132543564}, {""label"": ""day of week"", ""feature"": ""dow"", ""direction"": ""+"", ""impact"": 0.06167182698845863}, {""label"": ""1-day momentum"", ""feature"": ""ret_1d"", ""direction"": ""-"", ""impact"": -0.04966241121292114}]",validated,1295.3,-0.0038,True
2026-08-04_BEML,2026-08-04,BEML,1690.6,0.4743,Bearish,"[{""label"": ""1-day momentum"", ""feature"": ""ret_1d"", ""direction"": ""+"", ""impact"": 0.06935075670480728}, {""label"": ""sector 1-week"", ""feature"": ""sector_ret_5d"", ""direction"": ""-"", ""impact"": -0.0664023831486702}, {""label"": ""up-days in 10"", ""feature"": ""up_days_10"", ""direction"": ""+"", ""impact"": 0.061588503420352936}, {""label"": ""volume surge"", ""feature"": ""vol_ratio"", ""direction"": ""+"", ""impact"": 0.04474210739135742}]",validated,1671.6,-0.0112,True
2026-08-04_IDEAFORGE,2026-08-04,IDEAFORGE,882.3,0.4625,Bearish,"[{""label"": ""sector 1-week"", ""feature"": ""sector_ret_5d"", ""direction"": ""-"", ""impact"": -0.060205135494470596}, {""label"": ""day of week"", ""feature"": ""dow"", ""direction"": ""+"", ""impact"": 0.04134489595890045}, {""label"": ""sector 1-day"", ""feature"": ""sector_ret_1d"", ""direction"": ""-"", ""impact"": -0.03183406963944435}, {""label"": ""MACD momentum"", ""feature"": ""macd_hist_slope"", ""direction"": ""-"", ""impact"": -0.030743194743990898}]",validated,872.4,-0.0112,True
2026-08-04_SOLARINDS,2026-08-04,SOLARINDS,18700.0,0.4419,Bearish,"[{""label"": ""close strength"", ""feature"": ""close_in_range"", ""direction"": ""+"", ""impact"": 0.08535884320735931}, {""label"": ""sector 1-week"", ""feature"": ""sector_ret_5d"", ""direction"": ""-"", ""impact"": -0.08376659452915192}, {""label"": ""daily range"", ""feature"": ""hl_range_pct"", ""direction"": ""-"", ""impact"": -0.05982005223631859}, {""label"": ""volatility (ATR)"", ""feature"": ""atr_pct"", ""direction"": ""-"", ""impact"": -0.05264423042535782}]",validated,18400.0,-0.016,True
2026-08-04_DYNAMATECH,2026-08-04,DYNAMATECH,10752.0,0.4342,Bearish,"[{""label"": ""close strength"", ""feature"": ""close_in_range"", ""direction"": ""-"", ""impact"": -0.07725659012794495}, {""label"": ""sector 1-week"", ""feature"": ""sector_ret_5d"", ""direction"": ""-"", ""impact"": -0.06536024808883667}, {""label"": ""day of week"", ""feature"": ""dow"", ""direction"": ""+"", ""impact"": 0.04538649693131447}, {""label"": ""volume surge"", ""feature"": ""vol_ratio"", ""direction"": ""+"", ""impact"": 0.04273120313882828}]",validated,10993.0,0.0224,False
2026-08-04_GRSE,2026-08-04,GRSE,2546.9,0.4337,Bearish,"[{""label"": ""2-week momentum"", ""feature"": ""ret_10d"", ""direction"": ""-"", ""impact"": -0.07364324480295181}, {""label"": ""sector 1-week"", ""feature"": ""sector_ret_5d"", ""direction"": ""-"", ""impact"": -0.07063955068588257}, {""label"": ""1-day momentum"", ""feature"": ""ret_1d"", ""direction"": ""+"", ""impact"": 0.06294067949056625}, {""label"": ""close strength"", ""feature"": ""close_in_range"", ""direction"": ""-"", ""impact"": -0.05848366767168045}]",validated,2507.3,-0.0155,True
2026-08-04_HAL,2026-08-04,HAL,4635.0,0.4228,Bearish,"[{""label"": ""sector 1-week"", ""feature"": ""sector_ret_5d"", ""direction"": ""-"", ""impact"": -0.07369879633188248}, {""label"": ""close strength"", ""feature"": ""close_in_range"", ""direction"": ""-"", ""impact"": -0.06489013135433197}, {""label"": ""1-day momentum"", ""feature"": ""ret_1d"", ""direction"": ""+"", ""impact"": 0.04773874953389168}, {""label"": ""volatility (ATR)"", ""feature"": ""atr_pct"", ""direction"": ""-"", ""impact"": -0.04107451066374779}]",validated,4645.0,0.0022,False
2026-08-04_ZENTEC,2026-08-04,ZENTEC,1683.4,0.4205,Bearish,"[{""label"": ""Bollinger position"", ""feature"": ""bb_position"", ""direction"": ""-"", ""impact"": -0.07243598252534866}, {""label"": ""sector 1-week"", ""feature"": ""sector_ret_5d"", ""direction"": ""-"", ""impact"": -0.07210966944694519}, {""label"": ""close strength"", ""feature"": ""close_in_range"", ""direction"": ""-"", ""impact"": -0.05766938626766205}, {""label"": ""day of week"", ""feature"": ""dow"", ""direction"": ""+"", ""impact"": 0.04406501725316048}]",validated,1674.7,-0.0052,True
2026-08-04_BEL,2026-08-04,BEL,391.5,0.4003,Bearish,"[{""label"": ""close strength"", ""feature"": ""close_in_range"", ""direction"": ""+"", ""impact"": 0.07971934229135513}, {""label"": ""daily range"", ""feature"": ""hl_range_pct"", ""direction"": ""-"", ""impact"": -0.07713392376899719}, {""label"": ""sector 1-week"", ""feature"": ""sector_ret_5d"", ""direction"": ""-"", ""impact"": -0.07473444193601608}, {""label"": ""Bollinger position"", ""feature"": ""bb_position"", ""direction"": ""-"", ""impact"": -0.06565476953983307}]",validated,390.0,-0.0038,True
2026-08-04_COCHINSHIP,2026-08-04,COCHINSHIP,1430.0,0.3881,Bearish,"[{""label"": ""Bollinger width"", ""feature"": ""bb_width"", ""direction"": ""-"", ""impact"": -0.1486104130744934}, {""label"": ""close strength"", ""feature"": ""close_in_range"", ""direction"": ""-"", ""impact"": -0.08825912326574326}, {""label"": ""sector 1-week"", ""feature"": ""sector_ret_5d"", ""direction"": ""-"", ""impact"": -0.06494861096143723}, {""label"": ""1-day momentum"", ""feature"": ""ret_1d"", ""direction"": ""+"", ""impact"": 0.04776746407151222}]",validated,1425.0,-0.0035,True
2026-08-04_MAZDOCK,2026-08-04,MAZDOCK,2389.0,0.3849,Bearish,"[{""label"": ""close strength"", ""feature"": ""close_in_range"", ""direction"": ""-"", ""impact"": -0.07378065586090088}, {""label"": ""sector 1-week"", ""feature"": ""sector_ret_5d"", ""direction"": ""-"", ""impact"": -0.07123741507530212}, {""label"": ""daily range"", ""feature"": ""hl_range_pct"", ""direction"": ""-"", ""impact"": -0.05227956175804138}, {""label"": ""day of week"", ""feature"": ""dow"", ""direction"": ""+"", ""impact"": 0.03938217833638191}]",validated,2380.5,-0.0036,True
2026-08-04_BDL,2026-08-04,BDL,1265.0,0.3644,Bearish,"[{""label"": ""sector 1-week"", ""feature"": ""sector_ret_5d"", ""direction"": ""-"", ""impact"": -0.09832379966974258}, {""label"": ""daily range"", ""feature"": ""hl_range_pct"", ""direction"": ""-"", ""impact"": -0.08832056820392609}, {""label"": ""close strength"", ""feature"": ""close_in_range"", ""direction"": ""-"", ""impact"": -0.07162488996982574}, {""label"": ""volatility (ATR)"", ""feature"": ""atr_pct"", ""direction"": ""-"", ""impact"": -0.039750419557094574}]",validated,1240.0,-0.0198,True
2026-08-05_GRSE,2026-08-05,GRSE,2507.3,0.5518,Bullish,"[{""label"": ""Bollinger position"", ""feature"": ""bb_position"", ""direction"": ""+"", ""impact"": 0.3612425923347473}, {""label"": ""1-day momentum"", ""feature"": ""ret_1d"", ""direction"": ""+"", ""impact"": 0.07021744549274445}, {""label"": ""sector 1-day"", ""feature"": ""sector_ret_1d"", ""direction"": ""-"", ""impact"": -0.06753289699554443}, {""label"": ""close strength"", ""feature"": ""close_in_range"", ""direction"": ""-"", ""impact"": -0.06417648494243622}]",validated,2599.4,0.0367,True
2026-08-05_SOLARINDS,2026-08-05,SOLARINDS,18400.0,0.495,Bearish,"[{""label"": ""close strength"", ""feature"": ""close_in_range"", ""direction"": ""+"", ""impact"": 0.10521431267261505}, {""label"": ""sector 1-week"", ""feature"": ""sector_ret_5d"", ""direction"": ""-"", ""impact"": -0.0687485784292221}, {""label"": ""sector 1-day"", ""feature"": ""sector_ret_1d"", ""direction"": ""-"", ""impact"": -0.06777679920196533}, {""label"": ""1-day momentum"", ""feature"": ""ret_1d"", ""direction"": ""+"", ""impact"": 0.06756795197725296}]",validated,18496.0,0.0052,False
2026-08-05_DYNAMATECH,2026-08-05,DYNAMATECH,10993.0,0.4706,Bearish,"[{""label"": ""3-day momentum"", ""feature"": ""ret_3d"", ""direction"": ""+"", ""impact"": 0.11965060979127884}, {""label"": ""sector 1-week"", ""feature"": ""sector_ret_5d"", ""direction"": ""-"", ""impact"": -0.08005101978778839}, {""label"": ""1-day momentum"", ""feature"": ""ret_1d"", ""direction"": ""-"", ""impact"": -0.07742265611886978}, {""label"": ""volume surge"", ""feature"": ""vol_ratio"", ""direction"": ""+"", ""impact"": 0.06004159152507782}]",validated,11403.0,0.0373,False
2026-08-05_BEML,2026-08-05,BEML,1671.6,0.4703,Bearish,"[{""label"": ""close strength"", ""feature"": ""close_in_range"", ""direction"": ""-"", ""impact"": -0.07584209740161896}, {""label"": ""1-day momentum"", ""feature"": ""ret_1d"", ""direction"": ""+"", ""impact"": 0.07542430609464645}, {""label"": ""sector 1-day"", ""feature"": ""sector_ret_1d"", ""direction"": ""-"", ""impact"": -0.07236704230308533}, {""label"": ""volume surge"", ""feature"": ""vol_ratio"", ""direction"": ""+"", ""impact"": 0.05829296633601189}]",validated,1725.1,0.032,False
2026-08-05_BEL,2026-08-05,BEL,390.0,0.4572,Bearish,"[{""label"": ""sector 1-day"", ""feature"": ""sector_ret_1d"", ""direction"": ""-"", ""impact"": -0.07656555622816086}, {""label"": ""close strength"", ""feature"": ""close_in_range"", ""direction"": ""+"", ""impact"": 0.07044997066259384}, {""label"": ""sector 1-week"", ""feature"": ""sector_ret_5d"", ""direction"": ""-"", ""impact"": -0.06251032650470734}, {""label"": ""1-day momentum"", ""feature"": ""ret_1d"", ""direction"": ""+"", ""impact"": 0.03902382776141167}]",validated,399.2,0.0236,False
2026-08-05_IDEAFORGE,2026-08-05,IDEAFORGE,872.4,0.4505,Bearish,"[{""label"": ""sector 1-week"", ""feature"": ""sector_ret_5d"", ""direction"": ""-"", ""impact"": -0.063932403922081}, {""label"": ""1-day momentum"", ""feature"": ""ret_1d"", ""direction"": ""+"", ""impact"": 0.06188179552555084}, {""label"": ""sector 1-day"", ""feature"": ""sector_ret_1d"", ""direction"": ""-"", ""impact"": -0.06090438365936279}, {""label"": ""close strength"", ""feature"": ""close_in_range"", ""direction"": ""-"", ""impact"": -0.05536215379834175}]",validated,916.0,0.05,False
2026-08-05_BDL,2026-08-05,BDL,1240.0,0.4412,Bearish,"[{""label"": ""close strength"", ""feature"": ""close_in_range"", ""direction"": ""-"", ""impact"": -0.067912258207798}, {""label"": ""sector 1-week"", ""feature"": ""sector_ret_5d"", ""direction"": ""-"", ""impact"": -0.06327115744352341}, {""label"": ""sector 1-day"", ""feature"": ""sector_ret_1d"", ""direction"": ""-"", ""impact"": -0.063269704580307}, {""label"": ""1-day momentum"", ""feature"": ""ret_1d"", ""direction"": ""+"", ""impact"": 0.05141651630401611}]",validated,1299.0,0.0476,False
2026-08-05_DATAPATTNS,2026-08-05,DATAPATTNS,4446.6,0.4317,Bearish,"[{""label"": ""sector 1-week"", ""feature"": ""sector_ret_5d"", ""direction"": ""-"", ""impact"": -0.08884499967098236}, {""label"": ""close strength"", ""feature"": ""close_in_range"", ""direction"": ""-"", ""impact"": -0.08448799699544907}, {""label"": ""sector 1-day"", ""feature"": ""sector_ret_1d"", ""direction"": ""-"", ""impact"": -0.07736217230558395}, {""label"": ""volume surge"", ""feature"": ""vol_ratio"", ""direction"": ""+"", ""impact"": 0.05107070133090019}]",validated,4392.6,-0.0121,True
2026-08-05_PARAS,2026-08-05,PARAS,1295.3,0.4247,Bearish,"[{""label"": ""close strength"", ""feature"": ""close_in_range"", ""direction"": ""-"", ""impact"": -0.06773164868354797}, {""label"": ""sector 1-week"", ""feature"": ""sector_ret_5d"", ""direction"": ""-"", ""impact"": -0.06467582285404205}, {""label"": ""volume surge"", ""feature"": ""vol_ratio"", ""direction"": ""+"", ""impact"": 0.06050819531083107}, {""label"": ""sector 1-day"", ""feature"": ""sector_ret_1d"", ""direction"": ""-"", ""impact"": -0.04923839867115021}]",validated,1316.7,0.0165,False
2026-08-05_COCHINSHIP,2026-08-05,COCHINSHIP,1425.0,0.422,Bearish,"[{""label"": ""sector 1-day"", ""feature"": ""sector_ret_1d"", ""direction"": ""-"", ""impact"": -0.07197131216526031}, {""label"": ""sector 1-week"", ""feature"": ""sector_ret_5d"", ""direction"": ""-"", ""impact"": -0.06432998925447464}, {""label"": ""close strength"", ""feature"": ""close_in_range"", ""direction"": ""-"", ""impact"": -0.0631704181432724}, {""label"": ""volume surge"", ""feature"": ""vol_ratio"", ""direction"": ""+"", ""impact"": 0.05002090334892273}]",validated,1490.0,0.0456,False
2026-08-05_HAL,2026-08-05,HAL,4645.0,0.4199,Bearish,"[{""label"": ""close strength"", ""feature"": ""close_in_range"", ""direction"": ""+"", ""impact"": 0.09581608325242996}, {""label"": ""sector 1-week"", ""feature"": ""sector_ret_5d"", ""direction"": ""-"", ""impact"": -0.0846872329711914}, {""label"": ""sector 1-day"", ""feature"": ""sector_ret_1d"", ""direction"": ""-"", ""impact"": -0.06397556513547897}, {""label"": ""daily range"", ""feature"": ""hl_range_pct"", ""direction"": ""-"", ""impact"": -0.05752107873558998}]",validated,4920.0,0.0592,False
2026-08-05_ZENTEC,2026-08-05,ZENTEC,1674.7,0.4174,Bearish,"[{""label"": ""sector 1-day"", ""feature"": ""sector_ret_1d"", ""direction"": ""-"", ""impact"": -0.06865988671779633}, {""label"": ""close strength"", ""feature"": ""close_in_range"", ""direction"": ""-"", ""impact"": -0.06362999230623245}, {""label"": ""sector 1-week"", ""feature"": ""sector_ret_5d"", ""direction"": ""-"", ""impact"": -0.055687036365270615}, {""label"": ""MACD momentum"", ""feature"": ""macd_hist_slope"", ""direction"": ""-"", ""impact"": -0.05210510641336441}]",validated,1734.6,0.0358,False
2026-08-05_ASTRAMICRO,2026-08-05,ASTRAMICRO,1809.4,0.3981,Bearish,"[{""label"": ""close strength"", ""feature"": ""close_in_range"", ""direction"": ""-"", ""impact"": -0.08888916671276093}, {""label"": ""sector 1-week"", ""feature"": ""sector_ret_5d"", ""direction"": ""-"", ""impact"": -0.08619720488786697}, {""label"": ""sector 1-day"", ""feature"": ""sector_ret_1d"", ""direction"": ""-"", ""impact"": -0.06682664155960083}, {""label"": ""volume surge"", ""feature"": ""vol_ratio"", ""direction"": ""-"", ""impact"": -0.053229063749313354}]",validated,1802.2,-0.004,True
2026-08-05_HBLENGINE,2026-08-05,HBLENGINE,736.5,0.3952,Bearish,"[{""label"": ""sector 1-week"", ""feature"": ""sector_ret_5d"", ""direction"": ""-"", ""impact"": -0.05912299454212189}, {""label"": ""sector 1-day"", ""feature"": ""sector_ret_1d"", ""direction"": ""-"", ""impact"": -0.055800680071115494}, {""label"": ""1-day momentum"", ""feature"": ""ret_1d"", ""direction"": ""-"", ""impact"": -0.04742841795086861}, {""label"": ""MACD momentum"", ""feature"": ""macd_hist_slope"", ""direction"": ""-"", ""impact"": -0.040322478860616684}]",validated,736.15,-0.0005,True
2026-08-05_MAZDOCK,2026-08-05,MAZDOCK,2380.5,0.38,Bearish,"[{""label"": ""sector 1-day"", ""feature"": ""sector_ret_1d"", ""direction"": ""-"", ""impact"": -0.07387524843215942}, {""label"": ""close strength"", ""feature"": ""close_in_range"", ""direction"": ""-"", ""impact"": -0.061392951756715775}, {""label"": ""sector 1-week"", ""feature"": ""sector_ret_5d"", ""direction"": ""-"", ""impact"": -0.06138855963945389}, {""label"": ""volume surge"", ""feature"": ""vol_ratio"", ""direction"": ""-"", ""impact"": -0.060708191245794296}]",validated,2530.0,0.0628,False
2026-08-07_MTARTECH,2026-08-07,MTARTECH,7085.5,0.4398,Bearish,"[{""label"": ""sector 1-week"", ""feature"": ""sector_ret_5d"", ""direction"": ""-"", ""impact"": -0.4602506160736084}, {""label"": ""2-week momentum"", ""feature"": ""ret_10d"", ""direction"": ""+"", ""impact"": 0.19386939704418182}, {""label"": ""day of week"", ""feature"": ""dow"", ""direction"": ""-"", ""impact"": -0.12049607187509537}, {""label"": ""Bollinger width"", ""feature"": ""bb_width"", ""direction"": ""+"", ""impact"": 0.104916051030159}]",validated,6940.0,-0.0205,True
2026-08-07_BEML,2026-08-07,BEML,1787.8,0.355,Bearish,"[{""label"": ""sector 1-week"", ""feature"": ""sector_ret_5d"", ""direction"": ""-"", ""impact"": -0.5246339440345764}, {""label"": ""day of week"", ""feature"": ""dow"", ""direction"": ""-"", ""impact"": -0.09980747848749161}, {""label"": ""3-day momentum"", ""feature"": ""ret_3d"", ""direction"": ""+"", ""impact"": 0.06525478512048721}, {""label"": ""volume z-score"", ""feature"": ""vol_zscore"", ""direction"": ""+"", ""impact"": 0.06315126270055771}]",validated,1884.4,0.054,False
2026-08-07_PARAS,2026-08-07,PARAS,1277.1,0.3529,Bearish,"[{""label"": ""sector 1-week"", ""feature"": ""sector_ret_5d"", ""direction"": ""-"", ""impact"": -0.4772775173187256}, {""label"": ""day of week"", ""feature"": ""dow"", ""direction"": ""-"", ""impact"": -0.09465188533067703}, {""label"": ""1-day momentum"", ""feature"": ""ret_1d"", ""direction"": ""+"", ""impact"": 0.045795146375894547}, {""label"": ""10-day choppiness"", ""feature"": ""ret_std_10"", ""direction"": ""+"", ""impact"": 0.03395818918943405}]",validated,1267.5,-0.0075,True
2026-08-07_IDEAFORGE,2026-08-07,IDEAFORGE,911.65,0.3525,Bearish,"[{""label"": ""sector 1-week"", ""feature"": ""sector_ret_5d"", ""direction"": ""-"", ""impact"": -0.49807724356651306}, {""label"": ""overnight gap"", ""feature"": ""gap_pct"", ""direction"": ""+"", ""impact"": 0.09112820029258728}, {""label"": ""day of week"", ""feature"": ""dow"", ""direction"": ""-"", ""impact"": -0.08204402774572372}, {""label"": ""close strength"", ""feature"": ""close_in_range"", ""direction"": ""-"", ""impact"": -0.04979023337364197}]",validated,897.75,-0.0152,True
2026-08-07_ASTRAMICRO,2026-08-07,ASTRAMICRO,1840.0,0.3321,Bearish,"[{""label"": ""sector 1-week"", ""feature"": ""sector_ret_5d"", ""direction"": ""-"", ""impact"": -0.48765799403190613}, {""label"": ""day of week"", ""feature"": ""dow"", ""direction"": ""-"", ""impact"": -0.11085712164640427}, {""label"": ""close strength"", ""feature"": ""close_in_range"", ""direction"": ""+"", ""impact"": 0.08093993365764618}, {""label"": ""relative strength"", ""feature"": ""rel_strength_5d"", ""direction"": ""+"", ""impact"": 0.03798577934503555}]",validated,1734.7,-0.0572,True
2026-08-07_BDL,2026-08-07,BDL,1294.0,0.3264,Bearish,"[{""label"": ""sector 1-week"", ""feature"": ""sector_ret_5d"", ""direction"": ""-"", ""impact"": -0.517704963684082}, {""label"": ""day of week"", ""feature"": ""dow"", ""direction"": ""-"", ""impact"": -0.05416493117809296}, {""label"": ""close strength"", ""feature"": ""close_in_range"", ""direction"": ""-"", ""impact"": -0.05202701687812805}, {""label"": ""below 20-day high"", ""feature"": ""dist_high_20"", ""direction"": ""+"", ""impact"": 0.03524153307080269}]",validated,1310.0,0.0124,False
2026-08-07_DATAPATTNS,2026-08-07,DATAPATTNS,4380.7,0.3248,Bearish,"[{""label"": ""sector 1-week"", ""feature"": ""sector_ret_5d"", ""direction"": ""-"", ""impact"": -0.4932352602481842}, {""label"": ""day of week"", ""feature"": ""dow"", ""direction"": ""-"", ""impact"": -0.09892131388187408}, {""label"": ""close strength"", ""feature"": ""close_in_range"", ""direction"": ""-"", ""impact"": -0.07956118136644363}, {""label"": ""volatility (ATR)"", ""feature"": ""atr_pct"", ""direction"": ""+"", ""impact"": 0.05312362685799599}]",validated,4429.7,0.0112,False
2026-08-07_HBLENGINE,2026-08-07,HBLENGINE,727.1,0.322,Bearish,"[{""label"": ""sector 1-week"", ""feature"": ""sector_ret_5d"", ""direction"": ""-"", ""impact"": -0.5112478733062744}, {""label"": ""day of week"", ""feature"": ""dow"", ""direction"": ""-"", ""impact"": -0.09184002131223679}, {""label"": ""close strength"", ""feature"": ""close_in_range"", ""direction"": ""-"", ""impact"": -0.05379289761185646}, {""label"": ""volume surge"", ""feature"": ""vol_ratio"", ""direction"": ""+"", ""impact"": 0.03872361779212952}]",validated,694.55,-0.0448,True
2026-08-07_DYNAMATECH,2026-08-07,DYNAMATECH,11401.0,0.3211,Bearish,"[{""label"": ""sector 1-week"", ""feature"": ""sector_ret_5d"", ""direction"": ""-"", ""impact"": -0.49700039625167847}, {""label"": ""day of week"", ""feature"": ""dow"", ""direction"": ""-"", ""impact"": -0.09268448501825333}, {""label"": ""3-day momentum"", ""feature"": ""ret_3d"", ""direction"": ""+"", ""impact"": 0.07547484338283539}, {""label"": ""1-day momentum"", ""feature"": ""ret_1d"", ""direction"": ""-"", ""impact"": -0.06997279077768326}]",validated,11148.0,-0.0222,True
2026-08-07_MAZDOCK,2026-08-07,MAZDOCK,2514.9,0.321,Bearish,"[{""label"": ""sector 1-week"", ""feature"": ""sector_ret_5d"", ""direction"": ""-"", ""impact"": -0.4885866045951843}, {""label"": ""day of week"", ""feature"": ""dow"", ""direction"": ""-"", ""impact"": -0.08840063959360123}, {""label"": ""close strength"", ""feature"": ""close_in_range"", ""direction"": ""-"", ""impact"": -0.05012486129999161}, {""label"": ""3-day momentum"", ""feature"": ""ret_3d"", ""direction"": ""+"", ""impact"": 0.046992525458335876}]",validated,2575.0,0.0239,False
2026-08-07_BEL,2026-08-07,BEL,401.0,0.3165,Bearish,"[{""label"": ""sector 1-week"", ""feature"": ""sector_ret_5d"", ""direction"": ""-"", ""impact"": -0.5259555578231812}, {""label"": ""daily range"", ""feature"": ""hl_range_pct"", ""direction"": ""-"", ""impact"": -0.08543078601360321}, {""label"": ""close strength"", ""feature"": ""close_in_range"", ""direction"": ""+"", ""impact"": 0.0833260640501976}, {""label"": ""day of week"", ""feature"": ""dow"", ""direction"": ""-"", ""impact"": -0.07382888346910477}]",validated,404.35,0.0084,False
2026-08-07_HAL,2026-08-07,HAL,4910.0,0.3122,Bearish,"[{""label"": ""sector 1-week"", ""feature"": ""sector_ret_5d"", ""direction"": ""-"", ""impact"": -0.48263540863990784}, {""label"": ""3-day momentum"", ""feature"": ""ret_3d"", ""direction"": ""+"", ""impact"": 0.12854766845703125}, {""label"": ""day of week"", ""feature"": ""dow"", ""direction"": ""-"", ""impact"": -0.08772774785757065}, {""label"": ""relative strength"", ""feature"": ""rel_strength_5d"", ""direction"": ""-"", ""impact"": -0.04129085689783096}]",validated,4928.0,0.0037,False
2026-08-07_GRSE,2026-08-07,GRSE,2599.0,0.3098,Bearish,"[{""label"": ""sector 1-week"", ""feature"": ""sector_ret_5d"", ""direction"": ""-"", ""impact"": -0.5372244715690613}, {""label"": ""1-day momentum"", ""feature"": ""ret_1d"", ""direction"": ""-"", ""impact"": -0.06329964846372604}, {""label"": ""day of week"", ""feature"": ""dow"", ""direction"": ""-"", ""impact"": -0.05729155242443085}, {""label"": ""close strength"", ""feature"": ""close_in_range"", ""direction"": ""-"", ""impact"": -0.0555606484413147}]",validated,2586.9,-0.0047,True
2026-08-07_SOLARINDS,2026-08-07,SOLARINDS,18650.0,0.3068,Bearish,"[{""label"": ""sector 1-week"", ""feature"": ""sector_ret_5d"", ""direction"": ""-"", ""impact"": -0.4941275417804718}, {""label"": ""daily range"", ""feature"": ""hl_range_pct"", ""direction"": ""-"", ""impact"": -0.0897568091750145}, {""label"": ""day of week"", ""feature"": ""dow"", ""direction"": ""-"", ""impact"": -0.06449981033802032}, {""label"": ""close strength"", ""feature"": ""close_in_range"", ""direction"": ""+"", ""impact"": 0.05438327044248581}]",validated,18820.0,0.0091,False
2026-08-07_COCHINSHIP,2026-08-07,COCHINSHIP,1519.7,0.3066,Bearish,"[{""label"": ""sector 1-week"", ""feature"": ""sector_ret_5d"", ""direction"": ""-"", ""impact"": -0.4770648777484894}, {""label"": ""day of week"", ""feature"": ""dow"", ""direction"": ""-"", ""impact"": -0.09718043357133865}, {""label"": ""3-day momentum"", ""feature"": ""ret_3d"", ""direction"": ""+"", ""impact"": 0.06642642617225647}, {""label"": ""1-day momentum"", ""feature"": ""ret_1d"", ""direction"": ""-"", ""impact"": -0.05017528310418129}]",validated,1502.0,-0.0116,True
2026-08-07_ZENTEC,2026-08-07,ZENTEC,1721.1,0.2939,Bearish,"[{""label"": ""sector 1-week"", ""feature"": ""sector_ret_5d"", ""direction"": ""-"", ""impact"": -0.531370222568512}, {""label"": ""day of week"", ""feature"": ""dow"", ""direction"": ""-"", ""impact"": -0.09947169572114944}, {""label"": ""close strength"", ""feature"": ""close_in_range"", ""direction"": ""-"", ""impact"": -0.0708804801106453}, {""label"": ""volume surge"", ""feature"": ""vol_ratio"", ""direction"": ""+"", ""impact"": 0.03911307454109192}]",validated,1720.0,-0.0006,True
2026-08-10_MTARTECH,2026-08-10,MTARTECH,6940.0,0.6647,Bullish,"[{""label"": ""sector 1-day"", ""feature"": ""sector_ret_1d"", ""direction"": ""+"", ""impact"": 0.1839180290699005}, {""label"": ""2-week momentum"", ""feature"": ""ret_10d"", ""direction"": ""+"", ""impact"": 0.17012225091457367}, {""label"": ""close strength"", ""feature"": ""close_in_range"", ""direction"": ""+"", ""impact"": 0.08861732482910156}, {""label"": ""Bollinger width"", ""feature"": ""bb_width"", ""direction"": ""+"", ""impact"": 0.0800575390458107}]",validated,6893.0,-0.0068,False
2026-08-10_SOLARINDS,2026-08-10,SOLARINDS,18820.0,0.582,Bullish,"[{""label"": ""close strength"", ""feature"": ""close_in_range"", ""direction"": ""+"", ""impact"": 0.25799497961997986}, {""label"": ""sector 1-day"", ""feature"": ""sector_ret_1d"", ""direction"": ""+"", ""impact"": 0.24024154245853424}, {""label"": ""sector 1-week"", ""feature"": ""sector_ret_5d"", ""direction"": ""-"", ""impact"": -0.04991304129362106}, {""label"": ""volume surge"", ""feature"": ""vol_ratio"", ""direction"": ""+"", ""impact"": 0.03587339073419571}]",validated,18770.0,-0.0027,False
2026-08-10_HBLENGINE,2026-08-10,HBLENGINE,694.55,0.564,Bullish,"[{""label"": ""sector 1-day"", ""feature"": ""sector_ret_1d"", ""direction"": ""+"", ""impact"": 0.24741922318935394}, {""label"": ""volume z-score"", ""feature"": ""vol_zscore"", ""direction"": ""+"", ""impact"": 0.06819195300340652}, {""label"": ""close strength"", ""feature"": ""close_in_range"", ""direction"": ""-"", ""impact"": -0.05710507184267044}, {""label"": ""overnight gap"", ""feature"": ""gap_pct"", ""direction"": ""+"", ""impact"": 0.056757841259241104}]",validated,695.25,0.001,True
2026-08-10_BEML,2026-08-10,BEML,1884.4,0.5608,Bullish,"[{""label"": ""sector 1-day"", ""feature"": ""sector_ret_1d"", ""direction"": ""+"", ""impact"": 0.2543891370296478}, {""label"": ""3-day momentum"", ""feature"": ""ret_3d"", ""direction"": ""+"", ""impact"": 0.0740213543176651}, {""label"": ""volume z-score"", ""feature"": ""vol_zscore"", ""direction"": ""+"", ""impact"": 0.06727080047130585}, {""label"": ""close strength"", ""feature"": ""close_in_range"", ""direction"": ""+"", ""impact"": 0.057084377855062485}]",validated,1902.3,0.0095,True
2026-08-10_ASTRAMICRO,2026-08-10,ASTRAMICRO,1734.7,0.5584,Bullish,"[{""label"": ""sector 1-day"", ""feature"": ""sector_ret_1d"", ""direction"": ""+"", ""impact"": 0.22843526303768158}, {""label"": ""close strength"", ""feature"": ""close_in_range"", ""direction"": ""-"", ""impact"": -0.06836384534835815}, {""label"": ""day of week"", ""feature"": ""dow"", ""direction"": ""+"", ""impact"": 0.04880871623754501}, {""label"": ""volume surge"", ""feature"": ""vol_ratio"", ""direction"": ""+"", ""impact"": 0.04593605548143387}]",validated,1703.7,-0.0179,False
2026-08-10_PARAS,2026-08-10,PARAS,1267.5,0.5471,Bullish,"[{""label"": ""sector 1-day"", ""feature"": ""sector_ret_1d"", ""direction"": ""+"", ""impact"": 0.2521074712276459}, {""label"": ""close strength"", ""feature"": ""close_in_range"", ""direction"": ""+"", ""impact"": 0.07987244427204132}, {""label"": ""volume surge"", ""feature"": ""vol_ratio"", ""direction"": ""-"", ""impact"": -0.05945536494255066}, {""label"": ""day of week"", ""feature"": ""dow"", ""direction"": ""+"", ""impact"": 0.05094481259584427}]",validated,1284.0,0.013,True
2026-08-10_GRSE,2026-08-10,GRSE,2586.9,0.5449,Bullish,"[{""label"": ""sector 1-day"", ""feature"": ""sector_ret_1d"", ""direction"": ""+"", ""impact"": 0.23663724958896637}, {""label"": ""close strength"", ""feature"": ""close_in_range"", ""direction"": ""+"", ""impact"": 0.06078070402145386}, {""label"": ""volume surge"", ""feature"": ""vol_ratio"", ""direction"": ""-"", ""impact"": -0.042931657284498215}, {""label"": ""sector 1-week"", ""feature"": ""sector_ret_5d"", ""direction"": ""-"", ""impact"": -0.03613484278321266}]",validated,2575.4,-0.0044,False
2026-08-10_ZENTEC,2026-08-10,ZENTEC,1720.0,0.5328,Bullish,"[{""label"": ""sector 1-day"", ""feature"": ""sector_ret_1d"", ""direction"": ""+"", ""impact"": 0.23855021595954895}, {""label"": ""close strength"", ""feature"": ""close_in_range"", ""direction"": ""+"", ""impact"": 0.08487632125616074}, {""label"": ""day of week"", ""feature"": ""dow"", ""direction"": ""+"", ""impact"": 0.04752060025930405}, {""label"": ""sector 1-week"", ""feature"": ""sector_ret_5d"", ""direction"": ""-"", ""impact"": -0.043674834072589874}]",validated,1819.8,0.058,True
2026-08-10_BDL,2026-08-10,BDL,1310.0,0.5316,Bullish,"[{""label"": ""sector 1-day"", ""feature"": ""sector_ret_1d"", ""direction"": ""+"", ""impact"": 0.24187850952148438}, {""label"": ""close strength"", ""feature"": ""close_in_range"", ""direction"": ""+"", ""impact"": 0.06270868331193924}, {""label"": ""3-day momentum"", ""feature"": ""ret_3d"", ""direction"": ""+"", ""impact"": 0.061894871294498444}, {""label"": ""volume surge"", ""feature"": ""vol_ratio"", ""direction"": ""-"", ""impact"": -0.049431730061769485}]",validated,1307.6,-0.0018,False
2026-08-10_IDEAFORGE,2026-08-10,IDEAFORGE,897.75,0.5245,Bullish,"[{""label"": ""sector 1-day"", ""feature"": ""sector_ret_1d"", ""direction"": ""+"", ""impact"": 0.24438630044460297}, {""label"": ""close strength"", ""feature"": ""close_in_range"", ""direction"": ""-"", ""impact"": -0.06813479959964752}, {""label"": ""volume surge"", ""feature"": ""vol_ratio"", ""direction"": ""+"", ""impact"": 0.056835733354091644}, {""label"": ""1-day momentum"", ""feature"": ""ret_1d"", ""direction"": ""+"", ""impact"": 0.041642144322395325}]",validated,852.9,-0.05,False
2026-08-10_BEL,2026-08-10,BEL,404.35,0.5238,Bullish,"[{""label"": ""sector 1-day"", ""feature"": ""sector_ret_1d"", ""direction"": ""+"", ""impact"": 0.2401805967092514}, {""label"": ""close strength"", ""feature"": ""close_in_range"", ""direction"": ""+"", ""impact"": 0.07771140336990356}, {""label"": ""volume surge"", ""feature"": ""vol_ratio"", ""direction"": ""+"", ""impact"": 0.05152640491724014}, {""label"": ""sector 1-week"", ""feature"": ""sector_ret_5d"", ""direction"": ""-"", ""impact"": -0.044201042503118515}]",validated,405.85,0.0037,True
2026-08-10_DYNAMATECH,2026-08-10,DYNAMATECH,11148.0,0.5194,Bullish,"[{""label"": ""sector 1-day"", ""feature"": ""sector_ret_1d"", ""direction"": ""+"", ""impact"": 0.26433080434799194}, {""label"": ""volume surge"", ""feature"": ""vol_ratio"", ""direction"": ""-"", ""impact"": -0.10971750319004059}, {""label"": ""close strength"", ""feature"": ""close_in_range"", ""direction"": ""-"", ""impact"": -0.08220605552196503}, {""label"": ""MACD momentum"", ""feature"": ""macd_hist_slope"", ""direction"": ""+"", ""impact"": 0.06941462308168411}]",validated,10600.0,-0.0492,False
2026-08-10_MAZDOCK,2026-08-10,MAZDOCK,2575.0,0.5147,Bullish,"[{""label"": ""sector 1-day"", ""feature"": ""sector_ret_1d"", ""direction"": ""+"", ""impact"": 0.2540961802005768}, {""label"": ""3-day momentum"", ""feature"": ""ret_3d"", ""direction"": ""+"", ""impact"": 0.07715266942977905}, {""label"": ""close strength"", ""feature"": ""close_in_range"", ""direction"": ""+"", ""impact"": 0.06950690597295761}, {""label"": ""volume surge"", ""feature"": ""vol_ratio"", ""direction"": ""-"", ""impact"": -0.06284017860889435}]",validated,2554.0,-0.0082,False
2026-08-10_HAL,2026-08-10,HAL,4928.0,0.5057,Bullish,"[{""label"": ""sector 1-day"", ""feature"": ""sector_ret_1d"", ""direction"": ""+"", ""impact"": 0.2547056972980499}, {""label"": ""close strength"", ""feature"": ""close_in_range"", ""direction"": ""+"", ""impact"": 0.10367849469184875}, {""label"": ""3-day momentum"", ""feature"": ""ret_3d"", ""direction"": ""+"", ""impact"": 0.08680121600627899}, {""label"": ""volume surge"", ""feature"": ""vol_ratio"", ""direction"": ""-"", ""impact"": -0.06083054468035698}]",validated,4909.0,-0.0039,False
2026-08-10_DATAPATTNS,2026-08-10,DATAPATTNS,4429.7,0.4987,Bearish,"[{""label"": ""sector 1-day"", ""feature"": ""sector_ret_1d"", ""direction"": ""+"", ""impact"": 0.21587257087230682}, {""label"": ""close strength"", ""feature"": ""close_in_range"", ""direction"": ""-"", ""impact"": -0.07949502021074295}, {""label"": ""sector 1-week"", ""feature"": ""sector_ret_5d"", ""direction"": ""-"", ""impact"": -0.039929039776325226}, {""label"": ""MACD momentum"", ""feature"": ""macd_hist_slope"", ""direction"": ""-"", ""impact"": -0.03823406249284744}]",validated,4391.6,-0.0086,True
2026-08-10_COCHINSHIP,2026-08-10,COCHINSHIP,1502.0,0.4836,Bearish,"[{""label"": ""sector 1-day"", ""feature"": ""sector_ret_1d"", ""direction"": ""+"", ""impact"": 0.2521314024925232}, {""label"": ""close strength"", ""feature"": ""close_in_range"", ""direction"": ""-"", ""impact"": -0.07233767956495285}, {""label"": ""3-day momentum"", ""feature"": ""ret_3d"", ""direction"": ""+"", ""impact"": 0.05740802362561226}, {""label"": ""1-month momentum"", ""feature"": ""ret_20d"", ""direction"": ""-"", ""impact"": -0.048373445868492126}]",validated,1496.0,-0.004,True
2026-08-11_MTARTECH,2026-08-11,MTARTECH,6893.0,0.4952,Bearish,"[{""label"": ""sector 1-day"", ""feature"": ""sector_ret_1d"", ""direction"": ""-"", ""impact"": -0.4908885955810547}, {""label"": ""2-week momentum"", ""feature"": ""ret_10d"", ""direction"": ""+"", ""impact"": 0.19033832848072052}, {""label"": ""close strength"", ""feature"": ""close_in_range"", ""direction"": ""+"", ""impact"": 0.09020045399665833}, {""label"": ""above 20-day low"", ""feature"": ""dist_low_20"", ""direction"": ""+"", ""impact"": 0.07968400418758392}]",validated,7111.5,0.0317,False
2026-08-11_ZENTEC,2026-08-11,ZENTEC,1819.8,0.435,Bearish,"[{""label"": ""sector 1-day"", ""feature"": ""sector_ret_1d"", ""direction"": ""-"", ""impact"": -0.4498876631259918}, {""label"": ""overnight gap"", ""feature"": ""gap_pct"", ""direction"": ""+"", ""impact"": 0.11677522212266922}, {""label"": ""close strength"", ""feature"": ""close_in_range"", ""direction"": ""+"", ""impact"": 0.09334646910429001}, {""label"": ""sector 1-week"", ""feature"": ""sector_ret_5d"", ""direction"": ""-"", ""impact"": -0.0720590353012085}]",validated,1824.3,0.0025,False
2026-08-11_ASTRAMICRO,2026-08-11,ASTRAMICRO,1703.7,0.4004,Bearish,"[{""label"": ""sector 1-day"", ""feature"": ""sector_ret_1d"", ""direction"": ""-"", ""impact"": -0.5440464019775391}, {""label"": ""sector 1-week"", ""feature"": ""sector_ret_5d"", ""direction"": ""-"", ""impact"": -0.07936421036720276}, {""label"": ""day of week"", ""feature"": ""dow"", ""direction"": ""+"", ""impact"": 0.05703281983733177}, {""label"": ""overnight gap"", ""feature"": ""gap_pct"", ""direction"": ""+"", ""impact"": 0.05179978907108307}]",validated,1665.4,-0.0225,True
2026-08-11_DYNAMATECH,2026-08-11,DYNAMATECH,10600.0,0.3926,Bearish,"[{""label"": ""sector 1-day"", ""feature"": ""sector_ret_1d"", ""direction"": ""-"", ""impact"": -0.555190920829773}, {""label"": ""MACD momentum"", ""feature"": ""macd_hist_slope"", ""direction"": ""+"", ""impact"": 0.25702348351478577}, {""label"": ""sector 1-week"", ""feature"": ""sector_ret_5d"", ""direction"": ""-"", ""impact"": -0.09073083847761154}, {""label"": ""volume z-score"", ""feature"": ""vol_zscore"", ""direction"": ""+"", ""impact"": 0.0800522044301033}]",validated,10674.0,0.007,False
2026-08-11_PARAS,2026-08-11,PARAS,1284.0,0.3743,Bearish,"[{""label"": ""sector 1-day"", ""feature"": ""sector_ret_1d"", ""direction"": ""-"", ""impact"": -0.4382305145263672}, {""label"": ""sector 1-week"", ""feature"": ""sector_ret_5d"", ""direction"": ""-"", ""impact"": -0.07926391810178757}, {""label"": ""close strength"", ""feature"": ""close_in_range"", ""direction"": ""+"", ""impact"": 0.06958507001399994}, {""label"": ""day of week"", ""feature"": ""dow"", ""direction"": ""+"", ""impact"": 0.05074561387300491}]",validated,1280.7,-0.0026,True
2026-08-11_BEML,2026-08-11,BEML,1902.3,0.3674,Bearish,"[{""label"": ""sector 1-day"", ""feature"": ""sector_ret_1d"", ""direction"": ""-"", ""impact"": -0.4381606876850128}, {""label"": ""close strength"", ""feature"": ""close_in_range"", ""direction"": ""+"", ""impact"": 0.12337223440408707}, {""label"": ""sector 1-week"", ""feature"": ""sector_ret_5d"", ""direction"": ""-"", ""impact"": -0.07026425749063492}, {""label"": ""relative strength"", ""feature"": ""rel_strength_5d"", ""direction"": ""-"", ""impact"": -0.056695178151130676}]",validated,1900.6,-0.0009,True
2026-08-11_IDEAFORGE,2026-08-11,IDEAFORGE,852.9,0.359,Bearish,"[{""label"": ""sector 1-day"", ""feature"": ""sector_ret_1d"", ""direction"": ""-"", ""impact"": -0.5407599210739136}, {""label"": ""volume z-score"", ""feature"": ""vol_zscore"", ""direction"": ""+"", ""impact"": 0.13116298615932465}, {""label"": ""sector 1-week"", ""feature"": ""sector_ret_5d"", ""direction"": ""-"", ""impact"": -0.08565908670425415}, {""label"": ""close strength"", ""feature"": ""close_in_range"", ""direction"": ""-"", ""impact"": -0.08349647372961044}]",validated,810.3,-0.0499,True
2026-08-11_BDL,2026-08-11,BDL,1307.6,0.3386,Bearish,"[{""label"": ""sector 1-day"", ""feature"": ""sector_ret_1d"", ""direction"": ""-"", ""impact"": -0.510883092880249}, {""label"": ""close strength"", ""feature"": ""close_in_range"", ""direction"": ""+"", ""impact"": 0.11403214186429977}, {""label"": ""sector 1-week"", ""feature"": ""sector_ret_5d"", ""direction"": ""-"", ""impact"": -0.06994037330150604}, {""label"": ""day of week"", ""feature"": ""dow"", ""direction"": ""+"", ""impact"": 0.05102681741118431}]",validated,1340.0,0.0248,False
2026-08-11_SOLARINDS,2026-08-11,SOLARINDS,18770.0,0.3305,Bearish,"[{""label"": ""sector 1-day"", ""feature"": ""sector_ret_1d"", ""direction"": ""-"", ""impact"": -0.5406718254089355}, {""label"": ""close strength"", ""feature"": ""close_in_range"", ""direction"": ""+"", ""impact"": 0.09561220556497574}, {""label"": ""sector 1-week"", ""feature"": ""sector_ret_5d"", ""direction"": ""-"", ""impact"": -0.08179379254579544}, {""label"": ""day of week"", ""feature"": ""dow"", ""direction"": ""+"", ""impact"": 0.04951002076268196}]",validated,18730.0,-0.0021,True
2026-08-11_HBLENGINE,2026-08-11,HBLENGINE,695.25,0.321,Bearish,"[{""label"": ""sector 1-day"", ""feature"": ""sector_ret_1d"", ""direction"": ""-"", ""impact"": -0.5204195976257324}, {""label"": ""sector 1-week"", ""feature"": ""sector_ret_5d"", ""direction"": ""-"", ""impact"": -0.08847600221633911}, {""label"": ""close strength"", ""feature"": ""close_in_range"", ""direction"": ""-"", ""impact"": -0.07524581998586655}, {""label"": ""day of week"", ""feature"": ""dow"", ""direction"": ""+"", ""impact"": 0.03821976110339165}]",validated,691.5,-0.0054,True
2026-08-11_HAL,2026-08-11,HAL,4909.0,0.3188,Bearish,"[{""label"": ""sector 1-day"", ""feature"": ""sector_ret_1d"", ""direction"": ""-"", ""impact"": -0.49879688024520874}, {""label"": ""sector 1-week"", ""feature"": ""sector_ret_5d"", ""direction"": ""-"", ""impact"": -0.07158378511667252}, {""label"": ""volume surge"", ""feature"": ""vol_ratio"", ""direction"": ""-"", ""impact"": -0.04910793527960777}, {""label"": ""close strength"", ""feature"": ""close_in_range"", ""direction"": ""+"", ""impact"": 0.046840112656354904}]",validated,4995.0,0.0175,False
2026-08-11_BEL,2026-08-11,BEL,405.85,0.3107,Bearish,"[{""label"": ""sector 1-day"", ""feature"": ""sector_ret_1d"", ""direction"": ""-"", ""impact"": -0.4943172037601471}, {""label"": ""daily range"", ""feature"": ""hl_range_pct"", ""direction"": ""-"", ""impact"": -0.1300623118877411}, {""label"": ""sector 1-week"", ""feature"": ""sector_ret_5d"", ""direction"": ""-"", ""impact"": -0.11691980808973312}, {""label"": ""close strength"", ""feature"": ""close_in_range"", ""direction"": ""+"", ""impact"": 0.09033121168613434}]",validated,405.7,-0.0004,True
2026-08-11_MAZDOCK,2026-08-11,MAZDOCK,2554.0,0.3085,Bearish,"[{""label"": ""sector 1-day"", ""feature"": ""sector_ret_1d"", ""direction"": ""-"", ""impact"": -0.4979398250579834}, {""label"": ""sector 1-week"", ""feature"": ""sector_ret_5d"", ""direction"": ""-"", ""impact"": -0.07612655311822891}, {""label"": ""close strength"", ""feature"": ""close_in_range"", ""direction"": ""-"", ""impact"": -0.0745207667350769}, {""label"": ""1-day momentum"", ""feature"": ""ret_1d"", ""direction"": ""+"", ""impact"": 0.04594368487596512}]",validated,2552.0,-0.0008,True
2026-08-11_DATAPATTNS,2026-08-11,DATAPATTNS,4391.6,0.2931,Bearish,"[{""label"": ""sector 1-day"", ""feature"": ""sector_ret_1d"", ""direction"": ""-"", ""impact"": -0.5552449822425842}, {""label"": ""sector 1-week"", ""feature"": ""sector_ret_5d"", ""direction"": ""-"", ""impact"": -0.09567739069461823}, {""label"": ""close strength"", ""feature"": ""close_in_range"", ""direction"": ""-"", ""impact"": -0.0880228653550148}, {""label"": ""volume surge"", ""feature"": ""vol_ratio"", ""direction"": ""-"", ""impact"": -0.05588819831609726}]",validated,4491.0,0.0226,False
2026-08-11_GRSE,2026-08-11,GRSE,2575.4,0.2865,Bearish,"[{""label"": ""sector 1-day"", ""feature"": ""sector_ret_1d"", ""direction"": ""-"", ""impact"": -0.5602335929870605}, {""label"": ""sector 1-week"", ""feature"": ""sector_ret_5d"", ""direction"": ""-"", ""impact"": -0.11026625335216522}, {""label"": ""close strength"", ""feature"": ""close_in_range"", ""direction"": ""-"", ""impact"": -0.07495008409023285}, {""label"": ""Bollinger width"", ""feature"": ""bb_width"", ""direction"": ""-"", ""impact"": -0.0560874342918396}]",validated,2576.4,0.0004,False
2026-08-11_COCHINSHIP,2026-08-11,COCHINSHIP,1496.0,0.2719,Bearish,"[{""label"": ""sector 1-day"", ""feature"": ""sector_ret_1d"", ""direction"": ""-"", ""impact"": -0.5121550559997559}, {""label"": ""sector 1-week"", ""feature"": ""sector_ret_5d"", ""direction"": ""-"", ""impact"": -0.09954093396663666}, {""label"": ""close strength"", ""feature"": ""close_in_range"", ""direction"": ""-"", ""impact"": -0.06261496990919113}, {""label"": ""volume surge"", ""feature"": ""vol_ratio"", ""direction"": ""-"", ""impact"": -0.05244096741080284}]",validated,1506.0,0.0067,False
2026-08-12_MTARTECH,2026-08-12,MTARTECH,7111.5,0.5725,Bullish,"[{""label"": ""2-week momentum"", ""feature"": ""ret_10d"", ""direction"": ""+"", ""impact"": 0.20189733803272247}, {""label"": ""up-days in 10"", ""feature"": ""up_days_10"", ""direction"": ""+"", ""impact"": 0.08953341841697693}, {""label"": ""sector 1-week"", ""feature"": ""sector_ret_5d"", ""direction"": ""-"", ""impact"": -0.0804450735449791}, {""label"": ""above 20-day low"", ""feature"": ""dist_low_20"", ""direction"": ""+"", ""impact"": 0.07955318689346313}]",validated,7234.0,0.0172,True
2026-08-12_IDEAFORGE,2026-08-12,IDEAFORGE,810.3,0.5387,Bullish,"[{""label"": ""Bollinger position"", ""feature"": ""bb_position"", ""direction"": ""+"", ""impact"": 0.1724589467048645}, {""label"": ""sector 1-week"", ""feature"": ""sector_ret_5d"", ""direction"": ""-"", ""impact"": -0.07986408472061157}, {""label"": ""volume z-score"", ""feature"": ""vol_zscore"", ""direction"": ""+"", ""impact"": 0.07061035931110382}, {""label"": ""vs 10-day avg"", ""feature"": ""dist_sma10"", ""direction"": ""+"", ""impact"": 0.051502127200365067}]",validated,781.8,-0.0352,False
2026-08-12_DYNAMATECH,2026-08-12,DYNAMATECH,10674.0,0.5268,Bullish,"[{""label"": ""MACD momentum"", ""feature"": ""macd_hist_slope"", ""direction"": ""+"", ""impact"": 0.2725270688533783}, {""label"": ""close strength"", ""feature"": ""close_in_range"", ""direction"": ""+"", ""impact"": 0.08818326145410538}, {""label"": ""sector 1-week"", ""feature"": ""sector_ret_5d"", ""direction"": ""-"", ""impact"": -0.07990288734436035}, {""label"": ""volume surge"", ""feature"": ""vol_ratio"", ""direction"": ""-"", ""impact"": -0.036051951348781586}]",validated,10807.0,0.0125,True
2026-08-12_ASTRAMICRO,2026-08-12,ASTRAMICRO,1665.4,0.5131,Bullish,"[{""label"": ""sector 1-week"", ""feature"": ""sector_ret_5d"", ""direction"": ""-"", ""impact"": -0.07493942230939865}, {""label"": ""close strength"", ""feature"": ""close_in_range"", ""direction"": ""-"", ""impact"": -0.056658003479242325}, {""label"": ""up-days in 10"", ""feature"": ""up_days_10"", ""direction"": ""+"", ""impact"": 0.05163445323705673}, {""label"": ""vs 10-day avg"", ""feature"": ""dist_sma10"", ""direction"": ""+"", ""impact"": 0.05158868059515953}]",validated,1700.9,0.0213,True
2026-08-12_PARAS,2026-08-12,PARAS,1280.7,0.4665,Bearish,"[{""label"": ""sector 1-week"", ""feature"": ""sector_ret_5d"", ""direction"": ""-"", ""impact"": -0.08052308857440948}, {""label"": ""close strength"", ""feature"": ""close_in_range"", ""direction"": ""-"", ""impact"": -0.05154171586036682}, {""label"": ""volume surge"", ""feature"": ""vol_ratio"", ""direction"": ""+"", ""impact"": 0.046702273190021515}, {""label"": ""volume z-score"", ""feature"": ""vol_zscore"", ""direction"": ""+"", ""impact"": 0.038342464715242386}]",validated,1342.2,0.048,False
2026-08-12_GRSE,2026-08-12,GRSE,2576.4,0.4456,Bearish,"[{""label"": ""daily range"", ""feature"": ""hl_range_pct"", ""direction"": ""-"", ""impact"": -0.08670666813850403}, {""label"": ""sector 1-week"", ""feature"": ""sector_ret_5d"", ""direction"": ""-"", ""impact"": -0.07670170813798904}, {""label"": ""close strength"", ""feature"": ""close_in_range"", ""direction"": ""+"", ""impact"": 0.06081678345799446}, {""label"": ""MACD momentum"", ""feature"": ""macd_hist_slope"", ""direction"": ""-"", ""impact"": -0.054166339337825775}]",validated,2632.3,0.0217,False
2026-08-12_SOLARINDS,2026-08-12,SOLARINDS,18730.0,0.4443,Bearish,"[{""label"": ""daily range"", ""feature"": ""hl_range_pct"", ""direction"": ""-"", ""impact"": -0.09442846477031708}, {""label"": ""sector 1-week"", ""feature"": ""sector_ret_5d"", ""direction"": ""-"", ""impact"": -0.07592128962278366}, {""label"": ""close strength"", ""feature"": ""close_in_range"", ""direction"": ""+"", ""impact"": 0.06436484307050705}, {""label"": ""volatility (ATR)"", ""feature"": ""atr_pct"", ""direction"": ""-"", ""impact"": -0.032279592007398605}]",validated,20324.0,0.0851,False
2026-08-12_BEL,2026-08-12,BEL,405.7,0.4388,Bearish,"[{""label"": ""sector 1-week"", ""feature"": ""sector_ret_5d"", ""direction"": ""-"", ""impact"": -0.07888278365135193}, {""label"": ""close strength"", ""feature"": ""close_in_range"", ""direction"": ""+"", ""impact"": 0.07257863134145737}, {""label"": ""volume surge"", ""feature"": ""vol_ratio"", ""direction"": ""+"", ""impact"": 0.04677840322256088}, {""label"": ""MACD momentum"", ""feature"": ""macd_hist_slope"", ""direction"": ""-"", ""impact"": -0.036648236215114594}]",validated,410.5,0.0118,False
2026-08-12_HBLENGINE,2026-08-12,HBLENGINE,691.5,0.4356,Bearish,"[{""label"": ""sector 1-week"", ""feature"": ""sector_ret_5d"", ""direction"": ""-"", ""impact"": -0.0704135149717331}, {""label"": ""close strength"", ""feature"": ""close_in_range"", ""direction"": ""-"", ""impact"": -0.060825325548648834}, {""label"": ""1-day momentum"", ""feature"": ""ret_1d"", ""direction"": ""+"", ""impact"": 0.03684859350323677}, {""label"": ""Bollinger position"", ""feature"": ""bb_position"", ""direction"": ""-"", ""impact"": -0.03468819335103035}]",validated,693.05,0.0022,False
2026-08-12_BEML,2026-08-12,BEML,1900.6,0.4327,Bearish,"[{""label"": ""3-day momentum"", ""feature"": ""ret_3d"", ""direction"": ""+"", ""impact"": 0.13378921151161194}, {""label"": ""relative strength"", ""feature"": ""rel_strength_5d"", ""direction"": ""-"", ""impact"": -0.09684835374355316}, {""label"": ""sector 1-week"", ""feature"": ""sector_ret_5d"", ""direction"": ""-"", ""impact"": -0.08227403461933136}, {""label"": ""close strength"", ""feature"": ""close_in_range"", ""direction"": ""-"", ""impact"": -0.05131663382053375}]",validated,1910.6,0.0053,False
2026-08-12_BDL,2026-08-12,BDL,1340.0,0.4283,Bearish,"[{""label"": ""close strength"", ""feature"": ""close_in_range"", ""direction"": ""+"", ""impact"": 0.17708911001682281}, {""label"": ""sector 1-week"", ""feature"": ""sector_ret_5d"", ""direction"": ""-"", ""impact"": -0.08348216861486435}, {""label"": ""below 20-day high"", ""feature"": ""dist_high_20"", ""direction"": ""-"", ""impact"": -0.06477461010217667}, {""label"": ""MACD momentum"", ""feature"": ""macd_hist_slope"", ""direction"": ""-"", ""impact"": -0.046091318130493164}]",validated,1375.5,0.0265,False
2026-08-12_DATAPATTNS,2026-08-12,DATAPATTNS,4491.0,0.4239,Bearish,"[{""label"": ""sector 1-week"", ""feature"": ""sector_ret_5d"", ""direction"": ""-"", ""impact"": -0.08527843654155731}, {""label"": ""volume surge"", ""feature"": ""vol_ratio"", ""direction"": ""-"", ""impact"": -0.06810708343982697}, {""label"": ""close strength"", ""feature"": ""close_in_range"", ""direction"": ""+"", ""impact"": 0.06742648035287857}, {""label"": ""above 20-day low"", ""feature"": ""dist_low_20"", ""direction"": ""-"", ""impact"": -0.029904726892709732}]",validated,4529.3,0.0085,False
2026-08-12_MAZDOCK,2026-08-12,MAZDOCK,2552.0,0.4191,Bearish,"[{""label"": ""sector 1-week"", ""feature"": ""sector_ret_5d"", ""direction"": ""-"", ""impact"": -0.08347216993570328}, {""label"": ""volume surge"", ""feature"": ""vol_ratio"", ""direction"": ""-"", ""impact"": -0.06180844083428383}, {""label"": ""close strength"", ""feature"": ""close_in_range"", ""direction"": ""+"", ""impact"": 0.05333920195698738}, {""label"": ""volatility (ATR)"", ""feature"": ""atr_pct"", ""direction"": ""-"", ""impact"": -0.03601944446563721}]",validated,2571.0,0.0074,False
2026-08-12_ZENTEC,2026-08-12,ZENTEC,1824.3,0.4053,Bearish,"[{""label"": ""3-day momentum"", ""feature"": ""ret_3d"", ""direction"": ""+"", ""impact"": 0.09816551208496094}, {""label"": ""sector 1-week"", ""feature"": ""sector_ret_5d"", ""direction"": ""-"", ""impact"": -0.08557925373315811}, {""label"": ""relative strength"", ""feature"": ""rel_strength_5d"", ""direction"": ""-"", ""impact"": -0.057002995163202286}, {""label"": ""close strength"", ""feature"": ""close_in_range"", ""direction"": ""-"", ""impact"": -0.050939224660396576}]",validated,1831.8,0.0041,False
2026-08-12_COCHINSHIP,2026-08-12,COCHINSHIP,1506.0,0.3955,Bearish,"[{""label"": ""sector 1-week"", ""feature"": ""sector_ret_5d"", ""direction"": ""-"", ""impact"": -0.0902520939707756}, {""label"": ""volume surge"", ""feature"": ""vol_ratio"", ""direction"": ""-"", ""impact"": -0.043789736926555634}, {""label"": ""close strength"", ""feature"": ""close_in_range"", ""direction"": ""+"", ""impact"": 0.04348529502749443}, {""label"": ""volatility (ATR)"", ""feature"": ""atr_pct"", ""direction"": ""-"", ""impact"": -0.037970393896102905}]",validated,1507.0,0.0007,False
2026-08-12_HAL,2026-08-12,HAL,4995.0,0.3902,Bearish,"[{""label"": ""sector 1-week"", ""feature"": ""sector_ret_5d"", ""direction"": ""-"", ""impact"": -0.08322624862194061}, {""label"": ""MACD momentum"", ""feature"": ""macd_hist_slope"", ""direction"": ""-"", ""impact"": -0.046510033309459686}, {""label"": ""close strength"", ""feature"": ""close_in_range"", ""direction"": ""+"", ""impact"": 0.041386641561985016}, {""label"": ""volume surge"", ""feature"": ""vol_ratio"", ""direction"": ""-"", ""impact"": -0.03956180065870285}]",validated,4935.0,-0.012,True
2026-08-14_MTARTECH,2026-08-14,MTARTECH,7056.0,0.5945,Bullish,"[{""label"": ""2-week momentum"", ""feature"": ""ret_10d"", ""direction"": ""+"", ""impact"": 0.25230109691619873}, {""label"": ""MACD momentum"", ""feature"": ""macd_hist_slope"", ""direction"": ""+"", ""impact"": 0.17352814972400665}, {""label"": ""Bollinger width"", ""feature"": ""bb_width"", ""direction"": ""+"", ""impact"": 0.1578509360551834}, {""label"": ""day of week"", ""feature"": ""dow"", ""direction"": ""-"", ""impact"": -0.11613234877586365}]",validated,7057.0,0.0001,True
2026-08-14_IDEAFORGE,2026-08-14,IDEAFORGE,820.85,0.5618,Bullish,"[{""label"": ""close strength"", ""feature"": ""close_in_range"", ""direction"": ""+"", ""impact"": 0.3039609491825104}, {""label"": ""day of week"", ""feature"": ""dow"", ""direction"": ""-"", ""impact"": -0.0877097025513649}, {""label"": ""relative strength"", ""feature"": ""rel_strength_5d"", ""direction"": ""+"", ""impact"": 0.046989068388938904}, {""label"": ""up-days in 10"", ""feature"": ""up_days_10"", ""direction"": ""+"", ""impact"": 0.04389933496713638}]",validated,795.1,-0.0314,False
2026-08-14_ZENTEC,2026-08-14,ZENTEC,1857.2,0.5002,Bullish,"[{""label"": ""close strength"", ""feature"": ""close_in_range"", ""direction"": ""+"", ""impact"": 0.09941253811120987}, {""label"": ""day of week"", ""feature"": ""dow"", ""direction"": ""-"", ""impact"": -0.06859873235225677}, {""label"": ""volume surge"", ""feature"": ""vol_ratio"", ""direction"": ""+"", ""impact"": 0.05029905214905739}, {""label"": ""2-week momentum"", ""feature"": ""ret_10d"", ""direction"": ""+"", ""impact"": 0.04942958056926727}]",validated,1864.5,0.0039,True
2026-08-14_ASTRAMICRO,2026-08-14,ASTRAMICRO,1739.3,0.497,Bearish,"[{""label"": ""close strength"", ""feature"": ""close_in_range"", ""direction"": ""+"", ""impact"": 0.08175067603588104}, {""label"": ""day of week"", ""feature"": ""dow"", ""direction"": ""-"", ""impact"": -0.0656159445643425}, {""label"": ""up-days in 10"", ""feature"": ""up_days_10"", ""direction"": ""+"", ""impact"": 0.04371955245733261}, {""label"": ""2-week momentum"", ""feature"": ""ret_10d"", ""direction"": ""-"", ""impact"": -0.03300504758954048}]",validated,1707.1,-0.0185,True
2026-08-14_GRSE,2026-08-14,GRSE,2618.6,0.4846,Bearish,"[{""label"": ""close strength"", ""feature"": ""close_in_range"", ""direction"": ""-"", ""impact"": -0.05556497722864151}, {""label"": ""up-days in 10"", ""feature"": ""up_days_10"", ""direction"": ""+"", ""impact"": 0.04726164788007736}, {""label"": ""day of week"", ""feature"": ""dow"", ""direction"": ""-"", ""impact"": -0.041945382952690125}, {""label"": ""Bollinger width"", ""feature"": ""bb_width"", ""direction"": ""+"", ""impact"": 0.03362877294421196}]",validated,2600.1,-0.0071,True
2026-08-14_HBLENGINE,2026-08-14,HBLENGINE,678.5,0.4725,Bearish,"[{""label"": ""RSI (7, fast)"", ""feature"": ""rsi_7"", ""direction"": ""+"", ""impact"": 0.08749201148748398}, {""label"": ""day of week"", ""feature"": ""dow"", ""direction"": ""-"", ""impact"": -0.07074171304702759}, {""label"": ""close strength"", ""feature"": ""close_in_range"", ""direction"": ""-"", ""impact"": -0.07070451974868774}, {""label"": ""1-day momentum"", ""feature"": ""ret_1d"", ""direction"": ""+"", ""impact"": 0.04557986930012703}]",validated,674.6,-0.0057,True
2026-08-14_BDL,2026-08-14,BDL,1398.0,0.4626,Bearish,"[{""label"": ""volume z-score"", ""feature"": ""vol_zscore"", ""direction"": ""+"", ""impact"": 0.08501487970352173}, {""label"": ""3-day momentum"", ""feature"": ""ret_3d"", ""direction"": ""+"", ""impact"": 0.06228862702846527}, {""label"": ""1-month momentum"", ""feature"": ""ret_20d"", ""direction"": ""-"", ""impact"": -0.05990149453282356}, {""label"": ""day of week"", ""feature"": ""dow"", ""direction"": ""-"", ""impact"": -0.05342067778110504}]",validated,1380.0,-0.0129,True
2026-08-14_BEL,2026-08-14,BEL,410.8,0.4613,Bearish,"[{""label"": ""close strength"", ""feature"": ""close_in_range"", ""direction"": ""+"", ""impact"": 0.09689652919769287}, {""label"": ""daily range"", ""feature"": ""hl_range_pct"", ""direction"": ""-"", ""impact"": -0.07229536771774292}, {""label"": ""sector 1-week"", ""feature"": ""sector_ret_5d"", ""direction"": ""-"", ""impact"": -0.04042397066950798}, {""label"": ""day of week"", ""feature"": ""dow"", ""direction"": ""-"", ""impact"": -0.03736897185444832}]",validated,412.45,0.004,False
2026-08-14_DYNAMATECH,2026-08-14,DYNAMATECH,11188.0,0.4587,Bearish,"[{""label"": ""close strength"", ""feature"": ""close_in_range"", ""direction"": ""+"", ""impact"": 0.08072733134031296}, {""label"": ""day of week"", ""feature"": ""dow"", ""direction"": ""-"", ""impact"": -0.07657268643379211}, {""label"": ""3-day momentum"", ""feature"": ""ret_3d"", ""direction"": ""+"", ""impact"": 0.053911831229925156}, {""label"": ""volume surge"", ""feature"": ""vol_ratio"", ""direction"": ""-"", ""impact"": -0.046497005969285965}]",validated,11123.0,-0.0058,True
2026-08-14_MAZDOCK,2026-08-14,MAZDOCK,2580.0,0.4577,Bearish,"[{""label"": ""close strength"", ""feature"": ""close_in_range"", ""direction"": ""+"", ""impact"": 0.10087723284959793}, {""label"": ""day of week"", ""feature"": ""dow"", ""direction"": ""-"", ""impact"": -0.07666531205177307}, {""label"": ""1-month momentum"", ""feature"": ""ret_20d"", ""direction"": ""-"", ""impact"": -0.06048460677266121}, {""label"": ""volume surge"", ""feature"": ""vol_ratio"", ""direction"": ""+"", ""impact"": 0.04556691274046898}]",validated,2569.7,-0.004,True
2026-08-14_SOLARINDS,2026-08-14,SOLARINDS,19969.0,0.448,Bearish,"[{""label"": ""close strength"", ""feature"": ""close_in_range"", ""direction"": ""+"", ""impact"": 0.08042168617248535}, {""label"": ""day of week"", ""feature"": ""dow"", ""direction"": ""-"", ""impact"": -0.06671720743179321}, {""label"": ""volume surge"", ""feature"": ""vol_ratio"", ""direction"": ""-"", ""impact"": -0.06197437644004822}, {""label"": ""1-month momentum"", ""feature"": ""ret_20d"", ""direction"": ""-"", ""impact"": -0.05504147708415985}]",validated,20000.0,0.0016,False
2026-08-14_COCHINSHIP,2026-08-14,COCHINSHIP,1496.5,0.4461,Bearish,"[{""label"": ""day of week"", ""feature"": ""dow"", ""direction"": ""-"", ""impact"": -0.06323756277561188}, {""label"": ""close strength"", ""feature"": ""close_in_range"", ""direction"": ""-"", ""impact"": -0.05836360156536102}, {""label"": ""1-day momentum"", ""feature"": ""ret_1d"", ""direction"": ""+"", ""impact"": 0.04472362622618675}, {""label"": ""1-month momentum"", ""feature"": ""ret_20d"", ""direction"": ""-"", ""impact"": -0.04079471901059151}]",validated,1457.8,-0.0259,True
2026-08-14_PARAS,2026-08-14,PARAS,1377.5,0.4448,Bearish,"[{""label"": ""RSI (14)"", ""feature"": ""rsi_14"", ""direction"": ""-"", ""impact"": -0.08532857894897461}, {""label"": ""3-day momentum"", ""feature"": ""ret_3d"", ""direction"": ""+"", ""impact"": 0.06399963796138763}, {""label"": ""1-month momentum"", ""feature"": ""ret_20d"", ""direction"": ""-"", ""impact"": -0.06257957220077515}, {""label"": ""volume z-score"", ""feature"": ""vol_zscore"", ""direction"": ""+"", ""impact"": 0.06172794848680496}]",validated,1388.5,0.008,False
2026-08-14_HAL,2026-08-14,HAL,5029.9,0.427,Bearish,"[{""label"": ""close strength"", ""feature"": ""close_in_range"", ""direction"": ""+"", ""impact"": 0.07031909376382828}, {""label"": ""1-month momentum"", ""feature"": ""ret_20d"", ""direction"": ""-"", ""impact"": -0.0614817775785923}, {""label"": ""day of week"", ""feature"": ""dow"", ""direction"": ""-"", ""impact"": -0.05677616596221924}, {""label"": ""1-day momentum"", ""feature"": ""ret_1d"", ""direction"": ""-"", ""impact"": -0.03374103456735611}]",validated,5059.0,0.0058,False
2026-08-14_DATAPATTNS,2026-08-14,DATAPATTNS,4455.8,0.4226,Bearish,"[{""label"": ""day of week"", ""feature"": ""dow"", ""direction"": ""-"", ""impact"": -0.07536978274583817}, {""label"": ""close strength"", ""feature"": ""close_in_range"", ""direction"": ""-"", ""impact"": -0.05967968329787254}, {""label"": ""volume surge"", ""feature"": ""vol_ratio"", ""direction"": ""-"", ""impact"": -0.050815653055906296}, {""label"": ""sector 1-week"", ""feature"": ""sector_ret_5d"", ""direction"": ""-"", ""impact"": -0.03868711367249489}]",validated,4528.7,0.0164,False
2026-08-14_BEML,2026-08-14,BEML,1874.4,0.4225,Bearish,"[{""label"": ""close strength"", ""feature"": ""close_in_range"", ""direction"": ""-"", ""impact"": -0.0810752809047699}, {""label"": ""day of week"", ""feature"": ""dow"", ""direction"": ""-"", ""impact"": -0.07789390534162521}, {""label"": ""1-day momentum"", ""feature"": ""ret_1d"", ""direction"": ""+"", ""impact"": 0.04504561051726341}, {""label"": ""sector 1-week"", ""feature"": ""sector_ret_5d"", ""direction"": ""-"", ""impact"": -0.03494095429778099}]",validated,1908.5,0.0182,False
2026-08-17_MTARTECH,2026-08-17,MTARTECH,7057.0,0.675,Bullish,"[{""label"": ""MACD momentum"", ""feature"": ""macd_hist_slope"", ""direction"": ""+"", ""impact"": 0.18459512293338776}, {""label"": ""Bollinger width"", ""feature"": ""bb_width"", ""direction"": ""+"", ""impact"": 0.14844930171966553}, {""label"": ""above 20-day low"", ""feature"": ""dist_low_20"", ""direction"": ""+"", ""impact"": 0.1131046712398529}, {""label"": ""close strength"", ""feature"": ""close_in_range"", ""direction"": ""+"", ""impact"": 0.10903318226337433}]",validated,7132.0,0.0106,True
2026-08-17_HBLENGINE,2026-08-17,HBLENGINE,674.6,0.5408,Bullish,"[{""label"": ""1-day momentum"", ""feature"": ""ret_1d"", ""direction"": ""+"", ""impact"": 0.05009258911013603}, {""label"": ""up-days in 10"", ""feature"": ""up_days_10"", ""direction"": ""+"", ""impact"": 0.0491144172847271}, {""label"": ""sector 1-day"", ""feature"": ""sector_ret_1d"", ""direction"": ""+"", ""impact"": 0.04667839780449867}, {""label"": ""RSI (7, fast)"", ""feature"": ""rsi_7"", ""direction"": ""+"", ""impact"": 0.035947300493717194}]",validated,670.05,-0.0067,False
2026-08-17_COCHINSHIP,2026-08-17,COCHINSHIP,1457.8,0.5316,Bullish,"[{""label"": ""close strength"", ""feature"": ""close_in_range"", ""direction"": ""-"", ""impact"": -0.06792445480823517}, {""label"": ""sector 1-day"", ""feature"": ""sector_ret_1d"", ""direction"": ""+"", ""impact"": 0.06546600908041}, {""label"": ""1-day momentum"", ""feature"": ""ret_1d"", ""direction"": ""+"", ""impact"": 0.049752961844205856}, {""label"": ""overnight gap"", ""feature"": ""gap_pct"", ""direction"": ""+"", ""impact"": 0.0456307977437973}]",validated,1485.1,0.0187,True
2026-08-17_GRSE,2026-08-17,GRSE,2600.1,0.5269,Bullish,"[{""label"": ""close strength"", ""feature"": ""close_in_range"", ""direction"": ""-"", ""impact"": -0.0709906592965126}, {""label"": ""1-day momentum"", ""feature"": ""ret_1d"", ""direction"": ""+"", ""impact"": 0.05680288001894951}, {""label"": ""sector 1-day"", ""feature"": ""sector_ret_1d"", ""direction"": ""+"", ""impact"": 0.050526510924100876}, {""label"": ""below 20-day high"", ""feature"": ""dist_high_20"", ""direction"": ""+"", ""impact"": 0.05005131661891937}]",validated,2677.0,0.0296,True
2026-08-17_IDEAFORGE,2026-08-17,IDEAFORGE,795.1,0.5267,Bullish,"[{""label"": ""close strength"", ""feature"": ""close_in_range"", ""direction"": ""-"", ""impact"": -0.10212358832359314}, {""label"": ""up-days in 10"", ""feature"": ""up_days_10"", ""direction"": ""+"", ""impact"": 0.06692042201757431}, {""label"": ""day of week"", ""feature"": ""dow"", ""direction"": ""+"", ""impact"": 0.059359338134527206}, {""label"": ""1-day momentum"", ""feature"": ""ret_1d"", ""direction"": ""+"", ""impact"": 0.05798700824379921}]",validated,834.85,0.05,True
2026-08-17_BEML,2026-08-17,BEML,1908.5,0.4932,Bearish,"[{""label"": ""close strength"", ""feature"": ""close_in_range"", ""direction"": ""+"", ""impact"": 0.11987073719501495}, {""label"": ""sector 1-day"", ""feature"": ""sector_ret_1d"", ""direction"": ""+"", ""impact"": 0.056797195225954056}, {""label"": ""day of week"", ""feature"": ""dow"", ""direction"": ""+"", ""impact"": 0.05290434509515762}, {""label"": ""1-day momentum"", ""feature"": ""ret_1d"", ""direction"": ""-"", ""impact"": -0.04746446758508682}]",validated,1965.5,0.0299,False
2026-08-17_BEL,2026-08-17,BEL,412.45,0.4683,Bearish,"[{""label"": ""close strength"", ""feature"": ""close_in_range"", ""direction"": ""+"", ""impact"": 0.07022953778505325}, {""label"": ""sector 1-day"", ""feature"": ""sector_ret_1d"", ""direction"": ""+"", ""impact"": 0.06383271515369415}, {""label"": ""daily range"", ""feature"": ""hl_range_pct"", ""direction"": ""-"", ""impact"": -0.06222902983427048}, {""label"": ""below 20-day high"", ""feature"": ""dist_high_20"", ""direction"": ""+"", ""impact"": 0.055433787405490875}]",validated,412.0,-0.0011,True
2026-08-17_MAZDOCK,2026-08-17,MAZDOCK,2569.7,0.4681,Bearish,"[{""label"": ""close strength"", ""feature"": ""close_in_range"", ""direction"": ""-"", ""impact"": -0.0908503606915474}, {""label"": ""sector 1-day"", ""feature"": ""sector_ret_1d"", ""direction"": ""+"", ""impact"": 0.06509200483560562}, {""label"": ""1-day momentum"", ""feature"": ""ret_1d"", ""direction"": ""+"", ""impact"": 0.051625266671180725}, {""label"": ""20-day trend slope"", ""feature"": ""sma20_slope"", ""direction"": ""-"", ""impact"": -0.04828092083334923}]",validated,2587.0,0.0067,False
2026-08-17_ASTRAMICRO,2026-08-17,ASTRAMICRO,1707.1,0.4678,Bearish,"[{""label"": ""close strength"", ""feature"": ""close_in_range"", ""direction"": ""-"", ""impact"": -0.09699615091085434}, {""label"": ""up-days in 10"", ""feature"": ""up_days_10"", ""direction"": ""+"", ""impact"": 0.055461540818214417}, {""label"": ""MACD momentum"", ""feature"": ""macd_hist_slope"", ""direction"": ""-"", ""impact"": -0.05537989363074303}, {""label"": ""day of week"", ""feature"": ""dow"", ""direction"": ""+"", ""impact"": 0.03974657878279686}]",validated,1767.4,0.0353,False
2026-08-17_SOLARINDS,2026-08-17,SOLARINDS,20000.0,0.4627,Bearish,"[{""label"": ""3-day momentum"", ""feature"": ""ret_3d"", ""direction"": ""+"", ""impact"": 0.10460962355136871}, {""label"": ""close strength"", ""feature"": ""close_in_range"", ""direction"": ""-"", ""impact"": -0.07388895004987717}, {""label"": ""relative strength"", ""feature"": ""rel_strength_5d"", ""direction"": ""-"", ""impact"": -0.047960713505744934}, {""label"": ""sector 1-day"", ""feature"": ""sector_ret_1d"", ""direction"": ""+"", ""impact"": 0.04381958395242691}]",validated,20280.0,0.014,False
2026-08-17_PARAS,2026-08-17,PARAS,1388.5,0.4599,Bearish,"[{""label"": ""relative strength"", ""feature"": ""rel_strength_5d"", ""direction"": ""-"", ""impact"": -0.13886065781116486}, {""label"": ""close strength"", ""feature"": ""close_in_range"", ""direction"": ""+"", ""impact"": 0.06544441729784012}, {""label"": ""sector 1-day"", ""feature"": ""sector_ret_1d"", ""direction"": ""+"", ""impact"": 0.06247679144144058}, {""label"": ""3-day momentum"", ""feature"": ""ret_3d"", ""direction"": ""+"", ""impact"": 0.05956609919667244}]",validated,1527.3,0.1,False
2026-08-17_DYNAMATECH,2026-08-17,DYNAMATECH,11123.0,0.4477,Bearish,"[{""label"": ""close strength"", ""feature"": ""close_in_range"", ""direction"": ""-"", ""impact"": -0.08957888185977936}, {""label"": ""MACD momentum"", ""feature"": ""macd_hist_slope"", ""direction"": ""-"", ""impact"": -0.05215149000287056}, {""label"": ""day of week"", ""feature"": ""dow"", ""direction"": ""+"", ""impact"": 0.04061252996325493}, {""label"": ""sector 1-day"", ""feature"": ""sector_ret_1d"", ""direction"": ""+"", ""impact"": 0.04034190997481346}]",validated,11770.0,0.0582,False
2026-08-17_DATAPATTNS,2026-08-17,DATAPATTNS,4528.7,0.4443,Bearish,"[{""label"": ""close strength"", ""feature"": ""close_in_range"", ""direction"": ""+"", ""impact"": 0.08797039091587067}, {""label"": ""MACD momentum"", ""feature"": ""macd_hist_slope"", ""direction"": ""-"", ""impact"": -0.05849447101354599}, {""label"": ""sector 1-day"", ""feature"": ""sector_ret_1d"", ""direction"": ""+"", ""impact"": 0.05328425019979477}, {""label"": ""volume surge"", ""feature"": ""vol_ratio"", ""direction"": ""-"", ""impact"": -0.0518510676920414}]",validated,4737.2,0.046,False
2026-08-17_BDL,2026-08-17,BDL,1380.0,0.4311,Bearish,"[{""label"": ""close strength"", ""feature"": ""close_in_range"", ""direction"": ""-"", ""impact"": -0.10089323669672012}, {""label"": ""sector 1-day"", ""feature"": ""sector_ret_1d"", ""direction"": ""+"", ""impact"": 0.06644895672798157}, {""label"": ""1-day momentum"", ""feature"": ""ret_1d"", ""direction"": ""+"", ""impact"": 0.06151052564382553}, {""label"": ""1-month momentum"", ""feature"": ""ret_20d"", ""direction"": ""-"", ""impact"": -0.03637491911649704}]",validated,1393.0,0.0094,False
2026-08-17_ZENTEC,2026-08-17,ZENTEC,1864.5,0.4229,Bearish,"[{""label"": ""close strength"", ""feature"": ""close_in_range"", ""direction"": ""-"", ""impact"": -0.09117531776428223}, {""label"": ""MACD momentum"", ""feature"": ""macd_hist_slope"", ""direction"": ""-"", ""impact"": -0.05640194192528725}, {""label"": ""sector 1-day"", ""feature"": ""sector_ret_1d"", ""direction"": ""+"", ""impact"": 0.05604768544435501}, {""label"": ""relative strength"", ""feature"": ""rel_strength_5d"", ""direction"": ""-"", ""impact"": -0.040874093770980835}]",validated,1982.4,0.0632,False
2026-08-17_HAL,2026-08-17,HAL,5059.0,0.4121,Bearish,"[{""label"": ""close strength"", ""feature"": ""close_in_range"", ""direction"": ""-"", ""impact"": -0.09991537034511566}, {""label"": ""sector 1-day"", ""feature"": ""sector_ret_1d"", ""direction"": ""+"", ""impact"": 0.058408886194229126}, {""label"": ""1-day momentum"", ""feature"": ""ret_1d"", ""direction"": ""-"", ""impact"": -0.0407090000808239}, {""label"": ""1-month momentum"", ""feature"": ""ret_20d"", ""direction"": ""-"", ""impact"": -0.0319962203502655}]",validated,5099.0,0.0079,False
2026-08-18_MTARTECH,2026-08-18,MTARTECH,7132.0,0.5588,Bullish,"[{""label"": ""sector 1-week"", ""feature"": ""sector_ret_5d"", ""direction"": ""-"", ""impact"": -0.46280601620674133}, {""label"": ""MACD momentum"", ""feature"": ""macd_hist_slope"", ""direction"": ""+"", ""impact"": 0.13788773119449615}, {""label"": ""RSI (14)"", ""feature"": ""rsi_14"", ""direction"": ""+"", ""impact"": 0.09855364263057709}, {""label"": ""above 20-day low"", ""feature"": ""dist_low_20"", ""direction"": ""+"", ""impact"": 0.08474116027355194}]",validated,6918.5,-0.0299,False
2026-08-18_IDEAFORGE,2026-08-18,IDEAFORGE,834.85,0.5507,Bullish,"[{""label"": ""sector 1-week"", ""feature"": ""sector_ret_5d"", ""direction"": ""-"", ""impact"": -0.37835192680358887}, {""label"": ""close strength"", ""feature"": ""close_in_range"", ""direction"": ""+"", ""impact"": 0.21276649832725525}, {""label"": ""3-day momentum"", ""feature"": ""ret_3d"", ""direction"": ""+"", ""impact"": 0.10490275174379349}, {""label"": ""volatility (ATR)"", ""feature"": ""atr_pct"", ""direction"": ""+"", ""impact"": 0.06703650206327438}]",validated,825.2,-0.0116,False
2026-08-18_PARAS,2026-08-18,PARAS,1527.3,0.4468,Bearish,"[{""label"": ""sector 1-week"", ""feature"": ""sector_ret_5d"", ""direction"": ""-"", ""impact"": -0.39118728041648865}, {""label"": ""close strength"", ""feature"": ""close_in_range"", ""direction"": ""+"", ""impact"": 0.21926507353782654}, {""label"": ""sector 1-day"", ""feature"": ""sector_ret_1d"", ""direction"": ""-"", ""impact"": -0.10245157033205032}, {""label"": ""RSI (7, fast)"", ""feature"": ""rsi_7"", ""direction"": ""-"", ""impact"": -0.08567691594362259}]",validated,1496.4,-0.0202,True
2026-08-18_HBLENGINE,2026-08-18,HBLENGINE,670.05,0.4283,Bearish,"[{""label"": ""sector 1-week"", ""feature"": ""sector_ret_5d"", ""direction"": ""-"", ""impact"": -0.5223100781440735}, {""label"": ""RSI (7, fast)"", ""feature"": ""rsi_7"", ""direction"": ""+"", ""impact"": 0.09985887259244919}, {""label"": ""up-days in 10"", ""feature"": ""up_days_10"", ""direction"": ""+"", ""impact"": 0.08182043582201004}, {""label"": ""10-day choppiness"", ""feature"": ""ret_std_10"", ""direction"": ""+"", ""impact"": 0.06807385385036469}]",validated,671.85,0.0027,False
2026-08-18_ASTRAMICRO,2026-08-18,ASTRAMICRO,1767.4,0.4134,Bearish,"[{""label"": ""sector 1-week"", ""feature"": ""sector_ret_5d"", ""direction"": ""-"", ""impact"": -0.4632348120212555}, {""label"": ""close strength"", ""feature"": ""close_in_range"", ""direction"": ""+"", ""impact"": 0.08801328390836716}, {""label"": ""volatility (ATR)"", ""feature"": ""atr_pct"", ""direction"": ""+"", ""impact"": 0.06504974514245987}, {""label"": ""day of week"", ""feature"": ""dow"", ""direction"": ""+"", ""impact"": 0.05366956442594528}]",validated,1701.1,-0.0375,True
2026-08-18_DYNAMATECH,2026-08-18,DYNAMATECH,11770.0,0.4094,Bearish,"[{""label"": ""sector 1-week"", ""feature"": ""sector_ret_5d"", ""direction"": ""-"", ""impact"": -0.3768499493598938}, {""label"": ""close strength"", ""feature"": ""close_in_range"", ""direction"": ""+"", ""impact"": 0.07729434221982956}, {""label"": ""volatility (ATR)"", ""feature"": ""atr_pct"", ""direction"": ""+"", ""impact"": 0.07080946862697601}, {""label"": ""3-day momentum"", ""feature"": ""ret_3d"", ""direction"": ""+"", ""impact"": 0.06138908863067627}]",validated,11735.0,-0.003,True
2026-08-18_ZENTEC,2026-08-18,ZENTEC,1982.4,0.3996,Bearish,"[{""label"": ""sector 1-week"", ""feature"": ""sector_ret_5d"", ""direction"": ""-"", ""impact"": -0.41688477993011475}, {""label"": ""sector 1-day"", ""feature"": ""sector_ret_1d"", ""direction"": ""-"", ""impact"": -0.10180632025003433}, {""label"": ""RSI (7, fast)"", ""feature"": ""rsi_7"", ""direction"": ""-"", ""impact"": -0.07639992982149124}, {""label"": ""2-week momentum"", ""feature"": ""ret_10d"", ""direction"": ""+"", ""impact"": 0.065669484436512}]",validated,1932.6,-0.0251,True
2026-08-18_GRSE,2026-08-18,GRSE,2677.0,0.3532,Bearish,"[{""label"": ""sector 1-week"", ""feature"": ""sector_ret_5d"", ""direction"": ""-"", ""impact"": -0.508256196975708}, {""label"": ""10-day choppiness"", ""feature"": ""ret_std_10"", ""direction"": ""+"", ""impact"": 0.07020871341228485}, {""label"": ""close strength"", ""feature"": ""close_in_range"", ""direction"": ""+"", ""impact"": 0.06911657750606537}, {""label"": ""volatility (ATR)"", ""feature"": ""atr_pct"", ""direction"": ""-"", ""impact"": -0.05651691555976868}]",validated,2638.3,-0.0145,True
2026-08-18_COCHINSHIP,2026-08-18,COCHINSHIP,1485.1,0.3453,Bearish,"[{""label"": ""sector 1-week"", ""feature"": ""sector_ret_5d"", ""direction"": ""-"", ""impact"": -0.4930633306503296}, {""label"": ""close strength"", ""feature"": ""close_in_range"", ""direction"": ""+"", ""impact"": 0.08256562054157257}, {""label"": ""sector 1-day"", ""feature"": ""sector_ret_1d"", ""direction"": ""-"", ""impact"": -0.07354667782783508}, {""label"": ""1-day momentum"", ""feature"": ""ret_1d"", ""direction"": ""-"", ""impact"": -0.06604339182376862}]",validated,1485.0,-0.0001,True
2026-08-18_BEML,2026-08-18,BEML,1965.5,0.3355,Bearish,"[{""label"": ""sector 1-week"", ""feature"": ""sector_ret_5d"", ""direction"": ""-"", ""impact"": -0.5043942332267761}, {""label"": ""sector 1-day"", ""feature"": ""sector_ret_1d"", ""direction"": ""-"", ""impact"": -0.08836012333631516}, {""label"": ""close strength"", ""feature"": ""close_in_range"", ""direction"": ""+"", ""impact"": 0.07385146617889404}, {""label"": ""day of week"", ""feature"": ""dow"", ""direction"": ""+"", ""impact"": 0.05394706875085831}]",validated,1966.9,0.0007,False
2026-08-18_DATAPATTNS,2026-08-18,DATAPATTNS,4737.2,0.3253,Bearish,"[{""label"": ""sector 1-week"", ""feature"": ""sector_ret_5d"", ""direction"": ""-"", ""impact"": -0.5109634399414062}, {""label"": ""close strength"", ""feature"": ""close_in_range"", ""direction"": ""+"", ""impact"": 0.10457081347703934}, {""label"": ""sector 1-day"", ""feature"": ""sector_ret_1d"", ""direction"": ""-"", ""impact"": -0.07551760226488113}, {""label"": ""day of week"", ""feature"": ""dow"", ""direction"": ""+"", ""impact"": 0.053752340376377106}]",validated,4774.2,0.0078,False
2026-08-18_MAZDOCK,2026-08-18,MAZDOCK,2587.0,0.3138,Bearish,"[{""label"": ""sector 1-week"", ""feature"": ""sector_ret_5d"", ""direction"": ""-"", ""impact"": -0.486086368560791}, {""label"": ""sector 1-day"", ""feature"": ""sector_ret_1d"", ""direction"": ""-"", ""impact"": -0.08441629260778427}, {""label"": ""RSI (7, fast)"", ""feature"": ""rsi_7"", ""direction"": ""-"", ""impact"": -0.06130879372358322}, {""label"": ""1-day momentum"", ""feature"": ""ret_1d"", ""direction"": ""-"", ""impact"": -0.05979473888874054}]",validated,2563.8,-0.009,True
2026-08-18_BEL,2026-08-18,BEL,412.0,0.3072,Bearish,"[{""label"": ""sector 1-week"", ""feature"": ""sector_ret_5d"", ""direction"": ""-"", ""impact"": -0.49128881096839905}, {""label"": ""daily range"", ""feature"": ""hl_range_pct"", ""direction"": ""-"", ""impact"": -0.12653321027755737}, {""label"": ""RSI (7, fast)"", ""feature"": ""rsi_7"", ""direction"": ""-"", ""impact"": -0.07824008166790009}, {""label"": ""close strength"", ""feature"": ""close_in_range"", ""direction"": ""-"", ""impact"": -0.07562028616666794}]",validated,409.2,-0.0068,True
2026-08-18_BDL,2026-08-18,BDL,1393.0,0.2992,Bearish,"[{""label"": ""sector 1-week"", ""feature"": ""sector_ret_5d"", ""direction"": ""-"", ""impact"": -0.5043847560882568}, {""label"": ""sector 1-day"", ""feature"": ""sector_ret_1d"", ""direction"": ""-"", ""impact"": -0.08475860208272934}, {""label"": ""close strength"", ""feature"": ""close_in_range"", ""direction"": ""+"", ""impact"": 0.06909877806901932}, {""label"": ""1-day momentum"", ""feature"": ""ret_1d"", ""direction"": ""-"", ""impact"": -0.06811406463384628}]",validated,1349.0,-0.0316,True
2026-08-18_SOLARINDS,2026-08-18,SOLARINDS,20280.0,0.2819,Bearish,"[{""label"": ""sector 1-week"", ""feature"": ""sector_ret_5d"", ""direction"": ""-"", ""impact"": -0.511838436126709}, {""label"": ""sector 1-day"", ""feature"": ""sector_ret_1d"", ""direction"": ""-"", ""impact"": -0.10475211590528488}, {""label"": ""close strength"", ""feature"": ""close_in_range"", ""direction"": ""+"", ""impact"": 0.06994893401861191}, {""label"": ""1-day momentum"", ""feature"": ""ret_1d"", ""direction"": ""-"", ""impact"": -0.06631889939308167}]",validated,19721.0,-0.0276,True
2026-08-18_HAL,2026-08-18,HAL,5099.0,0.2806,Bearish,"[{""label"": ""sector 1-week"", ""feature"": ""sector_ret_5d"", ""direction"": ""-"", ""impact"": -0.5025457739830017}, {""label"": ""sector 1-day"", ""feature"": ""sector_ret_1d"", ""direction"": ""-"", ""impact"": -0.09242115169763565}, {""label"": ""volatility (ATR)"", ""feature"": ""atr_pct"", ""direction"": ""-"", ""impact"": -0.06271094083786011}, {""label"": ""1-day momentum"", ""feature"": ""ret_1d"", ""direction"": ""-"", ""impact"": -0.06205026060342789}]",validated,5017.0,-0.0161,True
2026-08-19_MTARTECH,2026-08-19,MTARTECH,6918.5,0.6238,Bullish,"[{""label"": ""MACD momentum"", ""feature"": ""macd_hist_slope"", ""direction"": ""+"", ""impact"": 0.4202015697956085}, {""label"": ""above 20-day low"", ""feature"": ""dist_low_20"", ""direction"": ""+"", ""impact"": 0.17189742624759674}, {""label"": ""sector 1-day"", ""feature"": ""sector_ret_1d"", ""direction"": ""-"", ""impact"": -0.1481679379940033}, {""label"": ""Bollinger width"", ""feature"": ""bb_width"", ""direction"": ""+"", ""impact"": 0.1280142068862915}]",validated,7113.5,0.0282,True
2026-08-19_BEML,2026-08-19,BEML,1966.9,0.4964,Bearish,"[{""label"": ""sector 1-day"", ""feature"": ""sector_ret_1d"", ""direction"": ""-"", ""impact"": -0.12191057205200195}, {""label"": ""up-days in 10"", ""feature"": ""up_days_10"", ""direction"": ""+"", ""impact"": 0.09240218997001648}, {""label"": ""close strength"", ""feature"": ""close_in_range"", ""direction"": ""+"", ""impact"": 0.07309910655021667}, {""label"": ""2-week momentum"", ""feature"": ""ret_10d"", ""direction"": ""+"", ""impact"": 0.05985290929675102}]",validated,1962.8,-0.0021,True
2026-08-19_PARAS,2026-08-19,PARAS,1496.4,0.4912,Bearish,"[{""label"": ""sector 1-day"", ""feature"": ""sector_ret_1d"", ""direction"": ""-"", ""impact"": -0.14279545843601227}, {""label"": ""relative strength"", ""feature"": ""rel_strength_5d"", ""direction"": ""-"", ""impact"": -0.11930400878190994}, {""label"": ""3-day momentum"", ""feature"": ""ret_3d"", ""direction"": ""+"", ""impact"": 0.09384125471115112}, {""label"": ""1-month momentum"", ""feature"": ""ret_20d"", ""direction"": ""+"", ""impact"": 0.0732167512178421}]",validated,1502.0,0.0037,False
2026-08-19_SOLARINDS,2026-08-19,SOLARINDS,19721.0,0.4668,Bearish,"[{""label"": ""MACD momentum"", ""feature"": ""macd_hist_slope"", ""direction"": ""+"", ""impact"": 0.27525946497917175}, {""label"": ""sector 1-day"", ""feature"": ""sector_ret_1d"", ""direction"": ""-"", ""impact"": -0.12985649704933167}, {""label"": ""1-day momentum"", ""feature"": ""ret_1d"", ""direction"": ""+"", ""impact"": 0.07022890448570251}, {""label"": ""above 20-day low"", ""feature"": ""dist_low_20"", ""direction"": ""-"", ""impact"": -0.05007476359605789}]",validated,19760.0,0.002,False
2026-08-19_DATAPATTNS,2026-08-19,DATAPATTNS,4774.2,0.4547,Bearish,"[{""label"": ""sector 1-day"", ""feature"": ""sector_ret_1d"", ""direction"": ""-"", ""impact"": -0.13909360766410828}, {""label"": ""3-day momentum"", ""feature"": ""ret_3d"", ""direction"": ""+"", ""impact"": 0.07210054993629456}, {""label"": ""close strength"", ""feature"": ""close_in_range"", ""direction"": ""+"", ""impact"": 0.049878671765327454}, {""label"": ""1-day momentum"", ""feature"": ""ret_1d"", ""direction"": ""-"", ""impact"": -0.04618419334292412}]",validated,4700.2,-0.0155,True
2026-08-19_GRSE,2026-08-19,GRSE,2638.3,0.4362,Bearish,"[{""label"": ""sector 1-day"", ""feature"": ""sector_ret_1d"", ""direction"": ""-"", ""impact"": -0.14853309094905853}, {""label"": ""close strength"", ""feature"": ""close_in_range"", ""direction"": ""-"", ""impact"": -0.06144791468977928}, {""label"": ""1-day momentum"", ""feature"": ""ret_1d"", ""direction"": ""+"", ""impact"": 0.05944806709885597}, {""label"": ""MACD momentum"", ""feature"": ""macd_hist_slope"", ""direction"": ""-"", ""impact"": -0.023157160729169846}]",validated,2617.8,-0.0078,True
2026-08-19_IDEAFORGE,2026-08-19,IDEAFORGE,825.2,0.4348,Bearish,"[{""label"": ""sector 1-day"", ""feature"": ""sector_ret_1d"", ""direction"": ""-"", ""impact"": -0.15510894358158112}, {""label"": ""close strength"", ""feature"": ""close_in_range"", ""direction"": ""-"", ""impact"": -0.10066834092140198}, {""label"": ""overnight gap"", ""feature"": ""gap_pct"", ""direction"": ""+"", ""impact"": 0.09115684032440186}, {""label"": ""volume surge"", ""feature"": ""vol_ratio"", ""direction"": ""-"", ""impact"": -0.07422216236591339}]",validated,806.6,-0.0225,True
2026-08-19_BEL,2026-08-19,BEL,409.2,0.4344,Bearish,"[{""label"": ""sector 1-day"", ""feature"": ""sector_ret_1d"", ""direction"": ""-"", ""impact"": -0.14952847361564636}, {""label"": ""1-day momentum"", ""feature"": ""ret_1d"", ""direction"": ""+"", ""impact"": 0.05492882803082466}, {""label"": ""close strength"", ""feature"": ""close_in_range"", ""direction"": ""-"", ""impact"": -0.04462219402194023}, {""label"": ""volume surge"", ""feature"": ""vol_ratio"", ""direction"": ""+"", ""impact"": 0.034830491989851}]",validated,409.4,0.0005,False
2026-08-19_MAZDOCK,2026-08-19,MAZDOCK,2563.8,0.4307,Bearish,"[{""label"": ""sector 1-day"", ""feature"": ""sector_ret_1d"", ""direction"": ""-"", ""impact"": -0.13413478434085846}, {""label"": ""1-day momentum"", ""feature"": ""ret_1d"", ""direction"": ""+"", ""impact"": 0.06488077342510223}, {""label"": ""close strength"", ""feature"": ""close_in_range"", ""direction"": ""-"", ""impact"": -0.05528385192155838}, {""label"": ""20-day trend slope"", ""feature"": ""sma20_slope"", ""direction"": ""-"", ""impact"": -0.049244049936532974}]",validated,2570.0,0.0024,False
2026-08-19_DYNAMATECH,2026-08-19,DYNAMATECH,11735.0,0.4226,Bearish,"[{""label"": ""sector 1-day"", ""feature"": ""sector_ret_1d"", ""direction"": ""-"", ""impact"": -0.16032397747039795}, {""label"": ""close strength"", ""feature"": ""close_in_range"", ""direction"": ""-"", ""impact"": -0.09909401834011078}, {""label"": ""overnight gap"", ""feature"": ""gap_pct"", ""direction"": ""+"", ""impact"": 0.0757238119840622}, {""label"": ""3-day momentum"", ""feature"": ""ret_3d"", ""direction"": ""+"", ""impact"": 0.0688101202249527}]",validated,11765.0,0.0026,False
2026-08-19_BDL,2026-08-19,BDL,1349.0,0.4195,Bearish,"[{""label"": ""sector 1-day"", ""feature"": ""sector_ret_1d"", ""direction"": ""-"", ""impact"": -0.12643761932849884}, {""label"": ""close strength"", ""feature"": ""close_in_range"", ""direction"": ""-"", ""impact"": -0.07580132782459259}, {""label"": ""20-day trend slope"", ""feature"": ""sma20_slope"", ""direction"": ""-"", ""impact"": -0.049134355038404465}, {""label"": ""1-day momentum"", ""feature"": ""ret_1d"", ""direction"": ""+"", ""impact"": 0.04093150794506073}]",validated,1317.0,-0.0237,True
2026-08-19_HBLENGINE,2026-08-19,HBLENGINE,671.85,0.4095,Bearish,"[{""label"": ""sector 1-day"", ""feature"": ""sector_ret_1d"", ""direction"": ""-"", ""impact"": -0.15609674155712128}, {""label"": ""vs 10-day avg"", ""feature"": ""dist_sma10"", ""direction"": ""-"", ""impact"": -0.07547219842672348}, {""label"": ""volume surge"", ""feature"": ""vol_ratio"", ""direction"": ""+"", ""impact"": 0.03931979462504387}, {""label"": ""above 20-day low"", ""feature"": ""dist_low_20"", ""direction"": ""-"", ""impact"": -0.037552520632743835}]",validated,712.9,0.0611,False
2026-08-19_ZENTEC,2026-08-19,ZENTEC,1932.6,0.4018,Bearish,"[{""label"": ""sector 1-day"", ""feature"": ""sector_ret_1d"", ""direction"": ""-"", ""impact"": -0.14044907689094543}, {""label"": ""close strength"", ""feature"": ""close_in_range"", ""direction"": ""-"", ""impact"": -0.09049343317747116}, {""label"": ""1-day momentum"", ""feature"": ""ret_1d"", ""direction"": ""+"", ""impact"": 0.05291084572672844}, {""label"": ""1-month momentum"", ""feature"": ""ret_20d"", ""direction"": ""-"", ""impact"": -0.03594572842121124}]",validated,1909.1,-0.0122,True
2026-08-19_HAL,2026-08-19,HAL,5017.0,0.4002,Bearish,"[{""label"": ""sector 1-day"", ""feature"": ""sector_ret_1d"", ""direction"": ""-"", ""impact"": -0.13235747814178467}, {""label"": ""close strength"", ""feature"": ""close_in_range"", ""direction"": ""-"", ""impact"": -0.06193326413631439}, {""label"": ""1-day momentum"", ""feature"": ""ret_1d"", ""direction"": ""+"", ""impact"": 0.05965358763933182}, {""label"": ""MACD momentum"", ""feature"": ""macd_hist_slope"", ""direction"": ""+"", ""impact"": 0.0548364594578743}]",validated,4998.0,-0.0038,True
2026-08-19_COCHINSHIP,2026-08-19,COCHINSHIP,1485.0,0.3989,Bearish,"[{""label"": ""sector 1-day"", ""feature"": ""sector_ret_1d"", ""direction"": ""-"", ""impact"": -0.14627116918563843}, {""label"": ""close strength"", ""feature"": ""close_in_range"", ""direction"": ""-"", ""impact"": -0.06259768456220627}, {""label"": ""1-day momentum"", ""feature"": ""ret_1d"", ""direction"": ""-"", ""impact"": -0.05272020027041435}, {""label"": ""overnight gap"", ""feature"": ""gap_pct"", ""direction"": ""-"", ""impact"": -0.029840972274541855}]",validated,1489.0,0.0027,False
2026-08-19_ASTRAMICRO,2026-08-19,ASTRAMICRO,1701.1,0.3857,Bearish,"[{""label"": ""sector 1-day"", ""feature"": ""sector_ret_1d"", ""direction"": ""-"", ""impact"": -0.17606937885284424}, {""label"": ""close strength"", ""feature"": ""close_in_range"", ""direction"": ""-"", ""impact"": -0.08926290273666382}, {""label"": ""volume surge"", ""feature"": ""vol_ratio"", ""direction"": ""-"", ""impact"": -0.061632588505744934}, {""label"": ""1-day momentum"", ""feature"": ""ret_1d"", ""direction"": ""+"", ""impact"": 0.0410950630903244}]",validated,1684.2,-0.0099,True
2026-08-20_MTARTECH,2026-08-20,MTARTECH,7113.5,0.605,Bullish,"[{""label"": ""MACD momentum"", ""feature"": ""macd_hist_slope"", ""direction"": ""+"", ""impact"": 0.1698906123638153}, {""label"": ""Bollinger width"", ""feature"": ""bb_width"", ""direction"": ""+"", ""impact"": 0.12340743839740753}, {""label"": ""above 20-day low"", ""feature"": ""dist_low_20"", ""direction"": ""+"", ""impact"": 0.12093869596719742}, {""label"": ""overnight gap"", ""feature"": ""gap_pct"", ""direction"": ""+"", ""impact"": 0.09225631505250931}]",validated,7029.5,-0.0118,False
2026-08-20_SOLARINDS,2026-08-20,SOLARINDS,19760.0,0.5253,Bullish,"[{""label"": ""MACD momentum"", ""feature"": ""macd_hist_slope"", ""direction"": ""+"", ""impact"": 0.3194156289100647}, {""label"": ""close strength"", ""feature"": ""close_in_range"", ""direction"": ""+"", ""impact"": 0.0759587287902832}, {""label"": ""sector 1-week"", ""feature"": ""sector_ret_5d"", ""direction"": ""-"", ""impact"": -0.05359775573015213}, {""label"": ""above 20-day low"", ""feature"": ""dist_low_20"", ""direction"": ""-"", ""impact"": -0.05166251212358475}]",validated,19900.0,0.0071,True
2026-08-20_HBLENGINE,2026-08-20,HBLENGINE,712.9,0.4924,Bearish,"[{""label"": ""close strength"", ""feature"": ""close_in_range"", ""direction"": ""+"", ""impact"": 0.0743916779756546}, {""label"": ""volume z-score"", ""feature"": ""vol_zscore"", ""direction"": ""+"", ""impact"": 0.06541824340820312}, {""label"": ""sector 1-week"", ""feature"": ""sector_ret_5d"", ""direction"": ""-"", ""impact"": -0.05323950573801994}, {""label"": ""3-day momentum"", ""feature"": ""ret_3d"", ""direction"": ""+"", ""impact"": 0.04655786231160164}]",validated,702.55,-0.0145,True
2026-08-20_GRSE,2026-08-20,GRSE,2617.8,0.4709,Bearish,"[{""label"": ""up-days in 10"", ""feature"": ""up_days_10"", ""direction"": ""+"", ""impact"": 0.06381554901599884}, {""label"": ""sector 1-week"", ""feature"": ""sector_ret_5d"", ""direction"": ""-"", ""impact"": -0.06289096176624298}, {""label"": ""close strength"", ""feature"": ""close_in_range"", ""direction"": ""-"", ""impact"": -0.05771404132246971}, {""label"": ""volume surge"", ""feature"": ""vol_ratio"", ""direction"": ""+"", ""impact"": 0.048276398330926895}]",validated,2601.5,-0.0062,True
2026-08-20_PARAS,2026-08-20,PARAS,1502.0,0.4675,Bearish,"[{""label"": ""Bollinger width"", ""feature"": ""bb_width"", ""direction"": ""+"", ""impact"": 0.08414022624492645}, {""label"": ""above 20-day low"", ""feature"": ""dist_low_20"", ""direction"": ""+"", ""impact"": 0.07857748866081238}, {""label"": ""3-day momentum"", ""feature"": ""ret_3d"", ""direction"": ""+"", ""impact"": 0.07540170103311539}, {""label"": ""sector 1-week"", ""feature"": ""sector_ret_5d"", ""direction"": ""-"", ""impact"": -0.056831736117601395}]",validated,1499.6,-0.0016,True
2026-08-20_COCHINSHIP,2026-08-20,COCHINSHIP,1489.0,0.4653,Bearish,"[{""label"": ""close strength"", ""feature"": ""close_in_range"", ""direction"": ""+"", ""impact"": 0.08952123671770096}, {""label"": ""daily range"", ""feature"": ""hl_range_pct"", ""direction"": ""-"", ""impact"": -0.07810402661561966}, {""label"": ""volume surge"", ""feature"": ""vol_ratio"", ""direction"": ""+"", ""impact"": 0.060227543115615845}, {""label"": ""sector 1-week"", ""feature"": ""sector_ret_5d"", ""direction"": ""-"", ""impact"": -0.05587133765220642}]",validated,1480.5,-0.0057,True
2026-08-20_BEL,2026-08-20,BEL,409.4,0.4577,Bearish,"[{""label"": ""close strength"", ""feature"": ""close_in_range"", ""direction"": ""+"", ""impact"": 0.1108207181096077}, {""label"": ""sector 1-week"", ""feature"": ""sector_ret_5d"", ""direction"": ""-"", ""impact"": -0.06696917116641998}, {""label"": ""daily range"", ""feature"": ""hl_range_pct"", ""direction"": ""-"", ""impact"": -0.05939223989844322}, {""label"": ""volatility (ATR)"", ""feature"": ""atr_pct"", ""direction"": ""+"", ""impact"": 0.04371907562017441}]",validated,414.0,0.0112,False
2026-08-20_IDEAFORGE,2026-08-20,IDEAFORGE,806.6,0.454,Bearish,"[{""label"": ""up-days in 10"", ""feature"": ""up_days_10"", ""direction"": ""+"", ""impact"": 0.0584433414041996}, {""label"": ""volume surge"", ""feature"": ""vol_ratio"", ""direction"": ""-"", ""impact"": -0.05833212658762932}, {""label"": ""sector 1-week"", ""feature"": ""sector_ret_5d"", ""direction"": ""-"", ""impact"": -0.046190083026885986}, {""label"": ""Bollinger position"", ""feature"": ""bb_position"", ""direction"": ""-"", ""impact"": -0.043357379734516144}]",validated,812.5,0.0073,False
2026-08-20_DATAPATTNS,2026-08-20,DATAPATTNS,4700.2,0.4486,Bearish,"[{""label"": ""close strength"", ""feature"": ""close_in_range"", ""direction"": ""-"", ""impact"": -0.059535618871450424}, {""label"": ""volume surge"", ""feature"": ""vol_ratio"", ""direction"": ""+"", ""impact"": 0.05724552273750305}, {""label"": ""sector 1-week"", ""feature"": ""sector_ret_5d"", ""direction"": ""-"", ""impact"": -0.057202380150556564}, {""label"": ""1-day momentum"", ""feature"": ""ret_1d"", ""direction"": ""+"", ""impact"": 0.04016092047095299}]",validated,4829.9,0.0276,False
2026-08-20_HAL,2026-08-20,HAL,4998.0,0.4437,Bearish,"[{""label"": ""sector 1-week"", ""feature"": ""sector_ret_5d"", ""direction"": ""-"", ""impact"": -0.06743352860212326}, {""label"": ""volume surge"", ""feature"": ""vol_ratio"", ""direction"": ""+"", ""impact"": 0.06134432926774025}, {""label"": ""MACD momentum"", ""feature"": ""macd_hist_slope"", ""direction"": ""+"", ""impact"": 0.05595836043357849}, {""label"": ""1-day momentum"", ""feature"": ""ret_1d"", ""direction"": ""+"", ""impact"": 0.048575565218925476}]",validated,5000.0,0.0004,False
2026-08-20_MAZDOCK,2026-08-20,MAZDOCK,2570.0,0.4392,Bearish,"[{""label"": ""close strength"", ""feature"": ""close_in_range"", ""direction"": ""+"", ""impact"": 0.0852757915854454}, {""label"": ""daily range"", ""feature"": ""hl_range_pct"", ""direction"": ""-"", ""impact"": -0.07334320992231369}, {""label"": ""volume surge"", ""feature"": ""vol_ratio"", ""direction"": ""+"", ""impact"": 0.058108244091272354}, {""label"": ""10-day choppiness"", ""feature"": ""ret_std_10"", ""direction"": ""-"", ""impact"": -0.05749179795384407}]",validated,2552.0,-0.007,True
2026-08-20_BEML,2026-08-20,BEML,1962.8,0.438,Bearish,"[{""label"": ""volume surge"", ""feature"": ""vol_ratio"", ""direction"": ""+"", ""impact"": 0.06519217044115067}, {""label"": ""sector 1-week"", ""feature"": ""sector_ret_5d"", ""direction"": ""-"", ""impact"": -0.06295866519212723}, {""label"": ""overnight gap"", ""feature"": ""gap_pct"", ""direction"": ""-"", ""impact"": -0.051761724054813385}, {""label"": ""2-week momentum"", ""feature"": ""ret_10d"", ""direction"": ""+"", ""impact"": 0.04870529845356941}]",validated,1935.4,-0.014,True
2026-08-20_ZENTEC,2026-08-20,ZENTEC,1909.1,0.4364,Bearish,"[{""label"": ""sector 1-week"", ""feature"": ""sector_ret_5d"", ""direction"": ""-"", ""impact"": -0.058962974697351456}, {""label"": ""volume surge"", ""feature"": ""vol_ratio"", ""direction"": ""-"", ""impact"": -0.04900122806429863}, {""label"": ""close strength"", ""feature"": ""close_in_range"", ""direction"": ""-"", ""impact"": -0.04377534240484238}, {""label"": ""1-day momentum"", ""feature"": ""ret_1d"", ""direction"": ""+"", ""impact"": 0.041675228625535965}]",validated,1926.3,0.009,False
2026-08-20_BDL,2026-08-20,BDL,1317.0,0.4279,Bearish,"[{""label"": ""sector 1-week"", ""feature"": ""sector_ret_5d"", ""direction"": ""-"", ""impact"": -0.06173582747578621}, {""label"": ""close strength"", ""feature"": ""close_in_range"", ""direction"": ""-"", ""impact"": -0.05659681558609009}, {""label"": ""20-day trend slope"", ""feature"": ""sma20_slope"", ""direction"": ""-"", ""impact"": -0.03616075590252876}, {""label"": ""volume surge"", ""feature"": ""vol_ratio"", ""direction"": ""-"", ""impact"": -0.03504331037402153}]",validated,1359.0,0.0319,False
2026-08-20_DYNAMATECH,2026-08-20,DYNAMATECH,11765.0,0.4229,Bearish,"[{""label"": ""sector 1-week"", ""feature"": ""sector_ret_5d"", ""direction"": ""-"", ""impact"": -0.0591411255300045}, {""label"": ""3-day momentum"", ""feature"": ""ret_3d"", ""direction"": ""+"", ""impact"": 0.05213490501046181}, {""label"": ""close strength"", ""feature"": ""close_in_range"", ""direction"": ""-"", ""impact"": -0.048635177314281464}, {""label"": ""1-day momentum"", ""feature"": ""ret_1d"", ""direction"": ""-"", ""impact"": -0.040036968886852264}]",validated,11588.0,-0.015,True
2026-08-20_ASTRAMICRO,2026-08-20,ASTRAMICRO,1684.2,0.3862,Bearish,"[{""label"": ""close strength"", ""feature"": ""close_in_range"", ""direction"": ""-"", ""impact"": -0.06848122179508209}, {""label"": ""sector 1-week"", ""feature"": ""sector_ret_5d"", ""direction"": ""-"", ""impact"": -0.0629514828324318}, {""label"": ""Bollinger position"", ""feature"": ""bb_position"", ""direction"": ""-"", ""impact"": -0.06130963936448097}, {""label"": ""volume surge"", ""feature"": ""vol_ratio"", ""direction"": ""-"", ""impact"": -0.05907980725169182}]",validated,1662.2,-0.0131,True
2026-08-21_MTARTECH,2026-08-21,MTARTECH,7029.5,0.5696,Bullish,"[{""label"": ""MACD momentum"", ""feature"": ""macd_hist_slope"", ""direction"": ""+"", ""impact"": 0.14984937012195587}, {""label"": ""above 20-day low"", ""feature"": ""dist_low_20"", ""direction"": ""+"", ""impact"": 0.10426987707614899}, {""label"": ""Bollinger width"", ""feature"": ""bb_width"", ""direction"": ""+"", ""impact"": 0.10414358973503113}, {""label"": ""day of week"", ""feature"": ""dow"", ""direction"": ""-"", ""impact"": -0.0952499732375145}]",pending,,,
2026-08-21_COCHINSHIP,2026-08-21,COCHINSHIP,1480.5,0.5016,Bullish,"[{""label"": ""close strength"", ""feature"": ""close_in_range"", ""direction"": ""+"", ""impact"": 0.07727259397506714}, {""label"": ""1-day momentum"", ""feature"": ""ret_1d"", ""direction"": ""+"", ""impact"": 0.05309179797768593}, {""label"": ""2-week momentum"", ""feature"": ""ret_10d"", ""direction"": ""-"", ""impact"": -0.035883042961359024}, {""label"": ""volume surge"", ""feature"": ""vol_ratio"", ""direction"": ""+"", ""impact"": 0.030610466375947}]",pending,,,
2026-08-21_GRSE,2026-08-21,GRSE,2601.5,0.4927,Bearish,"[{""label"": ""close strength"", ""feature"": ""close_in_range"", ""direction"": ""-"", ""impact"": -0.080591581761837}, {""label"": ""1-day momentum"", ""feature"": ""ret_1d"", ""direction"": ""+"", ""impact"": 0.054107408970594406}, {""label"": ""up-days in 10"", ""feature"": ""up_days_10"", ""direction"": ""+"", ""impact"": 0.035118937492370605}, {""label"": ""volume surge"", ""feature"": ""vol_ratio"", ""direction"": ""+"", ""impact"": 0.03431156650185585}]",pending,,,
2026-08-21_BEL,2026-08-21,BEL,414.0,0.4837,Bearish,"[{""label"": ""close strength"", ""feature"": ""close_in_range"", ""direction"": ""+"", ""impact"": 0.09594209492206573}, {""label"": ""1-day momentum"", ""feature"": ""ret_1d"", ""direction"": ""-"", ""impact"": -0.05942033976316452}, {""label"": ""Bollinger position"", ""feature"": ""bb_position"", ""direction"": ""-"", ""impact"": -0.028208039700984955}, {""label"": ""RSI (14)"", ""feature"": ""rsi_14"", ""direction"": ""+"", ""impact"": 0.027451053261756897}]",pending,,,
2026-08-21_HBLENGINE,2026-08-21,HBLENGINE,702.55,0.4611,Bearish,"[{""label"": ""3-day momentum"", ""feature"": ""ret_3d"", ""direction"": ""+"", ""impact"": 0.08444666862487793}, {""label"": ""close strength"", ""feature"": ""close_in_range"", ""direction"": ""-"", ""impact"": -0.07242035120725632}, {""label"": ""day of week"", ""feature"": ""dow"", ""direction"": ""-"", ""impact"": -0.07126856595277786}, {""label"": ""1-day momentum"", ""feature"": ""ret_1d"", ""direction"": ""+"", ""impact"": 0.052029140293598175}]",pending,,,
2026-08-21_SOLARINDS,2026-08-21,SOLARINDS,19900.0,0.4577,Bearish,"[{""label"": ""close strength"", ""feature"": ""close_in_range"", ""direction"": ""+"", ""impact"": 0.08676077425479889}, {""label"": ""day of week"", ""feature"": ""dow"", ""direction"": ""-"", ""impact"": -0.07529161870479584}, {""label"": ""MACD momentum"", ""feature"": ""macd_hist_slope"", ""direction"": ""+"", ""impact"": 0.051558710634708405}, {""label"": ""1-day momentum"", ""feature"": ""ret_1d"", ""direction"": ""-"", ""impact"": -0.044492416083812714}]",pending,,,
2026-08-21_ZENTEC,2026-08-21,ZENTEC,1926.3,0.4556,Bearish,"[{""label"": ""close strength"", ""feature"": ""close_in_range"", ""direction"": ""+"", ""impact"": 0.10190890729427338}, {""label"": ""day of week"", ""feature"": ""dow"", ""direction"": ""-"", ""impact"": -0.07444792985916138}, {""label"": ""1-day momentum"", ""feature"": ""ret_1d"", ""direction"": ""-"", ""impact"": -0.051299914717674255}, {""label"": ""volume surge"", ""feature"": ""vol_ratio"", ""direction"": ""-"", ""impact"": -0.034611381590366364}]",pending,,,
2026-08-21_BDL,2026-08-21,BDL,1359.0,0.4536,Bearish,"[{""label"": ""close strength"", ""feature"": ""close_in_range"", ""direction"": ""+"", ""impact"": 0.1051580160856247}, {""label"": ""1-day momentum"", ""feature"": ""ret_1d"", ""direction"": ""-"", ""impact"": -0.05131731182336807}, {""label"": ""day of week"", ""feature"": ""dow"", ""direction"": ""-"", ""impact"": -0.044792622327804565}, {""label"": ""volume surge"", ""feature"": ""vol_ratio"", ""direction"": ""-"", ""impact"": -0.032654110342264175}]",pending,,,
2026-08-21_BEML,2026-08-21,BEML,1935.4,0.4427,Bearish,"[{""label"": ""close strength"", ""feature"": ""close_in_range"", ""direction"": ""-"", ""impact"": -0.07939247786998749}, {""label"": ""day of week"", ""feature"": ""dow"", ""direction"": ""-"", ""impact"": -0.06741253286600113}, {""label"": ""1-day momentum"", ""feature"": ""ret_1d"", ""direction"": ""+"", ""impact"": 0.06058084964752197}, {""label"": ""sector 1-week"", ""feature"": ""sector_ret_5d"", ""direction"": ""-"", ""impact"": -0.03874284029006958}]",pending,,,
2026-08-21_DYNAMATECH,2026-08-21,DYNAMATECH,11588.0,0.4405,Bearish,"[{""label"": ""MACD momentum"", ""feature"": ""macd_hist_slope"", ""direction"": ""+"", ""impact"": 0.08200524747371674}, {""label"": ""day of week"", ""feature"": ""dow"", ""direction"": ""-"", ""impact"": -0.07887598127126694}, {""label"": ""close strength"", ""feature"": ""close_in_range"", ""direction"": ""-"", ""impact"": -0.07214859873056412}, {""label"": ""1-day momentum"", ""feature"": ""ret_1d"", ""direction"": ""+"", ""impact"": 0.049981314688920975}]",pending,,,
2026-08-21_MAZDOCK,2026-08-21,MAZDOCK,2552.0,0.4393,Bearish,"[{""label"": ""close strength"", ""feature"": ""close_in_range"", ""direction"": ""-"", ""impact"": -0.07619059830904007}, {""label"": ""1-day momentum"", ""feature"": ""ret_1d"", ""direction"": ""+"", ""impact"": 0.055652447044849396}, {""label"": ""sector 1-week"", ""feature"": ""sector_ret_5d"", ""direction"": ""-"", ""impact"": -0.03832412511110306}, {""label"": ""day of week"", ""feature"": ""dow"", ""direction"": ""-"", ""impact"": -0.03354097530245781}]",pending,,,
2026-08-21_PARAS,2026-08-21,PARAS,1499.6,0.4357,Bearish,"[{""label"": ""close strength"", ""feature"": ""close_in_range"", ""direction"": ""-"", ""impact"": -0.083722323179245}, {""label"": ""day of week"", ""feature"": ""dow"", ""direction"": ""-"", ""impact"": -0.08228007704019547}, {""label"": ""Bollinger width"", ""feature"": ""bb_width"", ""direction"": ""+"", ""impact"": 0.06887245178222656}, {""label"": ""RSI (7, fast)"", ""feature"": ""rsi_7"", ""direction"": ""-"", ""impact"": -0.05826261639595032}]",pending,,,
2026-08-21_IDEAFORGE,2026-08-21,IDEAFORGE,812.5,0.4323,Bearish,"[{""label"": ""close strength"", ""feature"": ""close_in_range"", ""direction"": ""-"", ""impact"": -0.0906561091542244}, {""label"": ""day of week"", ""feature"": ""dow"", ""direction"": ""-"", ""impact"": -0.07310661673545837}, {""label"": ""1-day momentum"", ""feature"": ""ret_1d"", ""direction"": ""-"", ""impact"": -0.05697950720787048}, {""label"": ""up-days in 10"", ""feature"": ""up_days_10"", ""direction"": ""+"", ""impact"": 0.04895756393671036}]",pending,,,
2026-08-21_HAL,2026-08-21,HAL,5000.0,0.4321,Bearish,"[{""label"": ""close strength"", ""feature"": ""close_in_range"", ""direction"": ""-"", ""impact"": -0.08133271336555481}, {""label"": ""MACD momentum"", ""feature"": ""macd_hist_slope"", ""direction"": ""+"", ""impact"": 0.07408034056425095}, {""label"": ""1-day momentum"", ""feature"": ""ret_1d"", ""direction"": ""-"", ""impact"": -0.0446682870388031}, {""label"": ""Bollinger width"", ""feature"": ""bb_width"", ""direction"": ""-"", ""impact"": -0.03349180519580841}]",pending,,,
2026-08-21_DATAPATTNS,2026-08-21,DATAPATTNS,4829.9,0.4195,Bearish,"[{""label"": ""1-day momentum"", ""feature"": ""ret_1d"", ""direction"": ""-"", ""impact"": -0.07274256646633148}, {""label"": ""close strength"", ""feature"": ""close_in_range"", ""direction"": ""-"", ""impact"": -0.06341031938791275}, {""label"": ""volume z-score"", ""feature"": ""vol_zscore"", ""direction"": ""+"", ""impact"": 0.06119607016444206}, {""label"": ""day of week"", ""feature"": ""dow"", ""direction"": ""-"", ""impact"": -0.04380994290113449}]",pending,,,
2026-08-21_ASTRAMICRO,2026-08-21,ASTRAMICRO,1662.2,0.4162,Bearish,"[{""label"": ""day of week"", ""feature"": ""dow"", ""direction"": ""-"", ""impact"": -0.08516699820756912}, {""label"": ""close strength"", ""feature"": ""close_in_range"", ""direction"": ""-"", ""impact"": -0.08293388783931732}, {""label"": ""volume surge"", ""feature"": ""vol_ratio"", ""direction"": ""-"", ""impact"": -0.07296040654182434}, {""label"": ""1-day momentum"", ""feature"": ""ret_1d"", ""direction"": ""+"", ""impact"": 0.053477536886930466}]",pending,,,
